uvig	jgi_sample_id	scaffold_id	ecosystem_classification	votu	length	start_coordinate	end_coordinate	is_whole_scaffold	total_genes	cds	tRNA	genomad_marker	topology	genomad_score	confidence	estimated_completeness	estimated_contamination	miuvig_quality	taxonomic_classification	taxonomic_classification_method	host_taxonomy_prediction	host_prediction_method	sequence_origin
IMGVR_UViG_2504643025_000001	2504643025	2504645545	;;;	vOTU_00000001	5594	381	5974	false	10	10	0	5	Provirus	0.9261	High-confidence	92.20	0.0	High-quality	r__Monodnaviria;k__Loebvirae;p__Hofneiviricota;c__Faserviricetes;o__Tubulavirales;;;	geNomad	d__Bacteria;p__Proteobacteria;c__Gammaproteobacteria;o__Pseudomonadales;f__Moraxellaceae;g__Acinetobacter;s__Acinetobacter baumannii	Isolate taxonomy	Inoviruses (10.1038/s41564-019-0510-x)
IMGVR_UViG_2504756089_000001	2504756089	2504826429	;;;	vOTU_00000002	9399	1745	11143	false	16	16	0	5	Provirus	0.6056	High-confidence	100.00	0.0	High-quality	r__Monodnaviria;k__Loebvirae;p__Hofneiviricota;c__Faserviricetes;o__Tubulavirales;f__Inoviridae;;	geNomad	d__Bacteria;p__Proteobacteria;c__Gammaproteobacteria;o__Enterobacterales;f__Enterobacteriaceae;g__Salmonella;s__Salmonella enterica	Isolate taxonomy	Inoviruses (10.1038/s41564-019-0510-x)
IMGVR_UViG_2505313053_000001	2505313053	2505349123	Host-associated;Plants;Phyllosphere;Leaf	vOTU_00000003	7645	1	7645	false	8	8	0	6	Provirus	0.9234	High-confidence	100.00	0.0	High-quality	r__Monodnaviria;k__Loebvirae;p__Hofneiviricota;c__Faserviricetes;o__Tubulavirales;f__Inoviridae;;	geNomad	d__Bacteria;p__Proteobacteria;c__Gammaproteobacteria;o__Pseudomonadales;f__Pseudomonadaceae;g__Pseudomonas_E;s__Pseudomonas_E amygdali	Isolate taxonomy	Inoviruses (10.1038/s41564-019-0510-x)
IMGVR_UViG_2506210030_000001	2506210030	2506226343	Host-associated;Unclassified;Unclassified;Unclassified	vOTU_00000004	10205	0	10205	true	12	12	0	7	Linear	0.857	High-confidence	100.00	0.0	High-quality	r__Monodnaviria;k__Loebvirae;p__Hofneiviricota;c__Faserviricetes;o__Tubulavirales;f__Inoviridae;;	geNomad	d__Bacteria;p__Proteobacteria;c__Gammaproteobacteria;o__Pseudomonadales;f__Pseudomonadaceae;g__Pseudomonas_E;s__Pseudomonas_E crudilactis	Isolate taxonomy	Inoviruses (10.1038/s41564-019-0510-x)
IMGVR_UViG_2507262023_000001	2507262023	2507275142	Host-associated;Human;Respiratory system;Unclassified	vOTU_00000005	7392	0	7392	true	10	10	0	8	Linear	0.9524	High-confidence	100.00	0.0	High-quality	r__Monodnaviria;k__Loebvirae;p__Hofneiviricota;c__Faserviricetes;o__Tubulavirales;f__Inoviridae;;	geNomad	d__Bacteria;p__Proteobacteria;c__Gammaproteobacteria;o__Pseudomonadales;f__Pseudomonadaceae;g__Pseudomonas;s__Pseudomonas aeruginosa	Isolate taxonomy	Inoviruses (10.1038/s41564-019-0510-x)
IMGVR_UViG_2507262024_000001	2507262024	2507276053	Host-associated;Unclassified;Unclassified;Unclassified	vOTU_00000006	9258	4006	13263	false	11	11	0	8	Provirus	0.9471	High-confidence	86.73	0.0	Genome fragment	r__Monodnaviria;k__Loebvirae;p__Hofneiviricota;c__Faserviricetes;o__Tubulavirales;f__Inoviridae;;	geNomad	d__Bacteria;p__Proteobacteria;c__Gammaproteobacteria;o__Pseudomonadales;f__Pseudomonadaceae;g__Pseudomonas;s__Pseudomonas aeruginosa	Isolate taxonomy	Inoviruses (10.1038/s41564-019-0510-x)
IMGVR_UViG_2510461032_000002	2510461032	2510473773	Host-associated;Unclassified;Unclassified;Unclassified	vOTU_00000007	8497	0	8497	true	10	10	0	2	Linear	0.6942	High-confidence	NA	0.0	Unsure	r__Monodnaviria;k__Loebvirae;p__Hofneiviricota;c__Faserviricetes;o__Tubulavirales;f__Inoviridae;;	NR (doi:10.5281/zenodo.6574914)	d__Bacteria;p__Proteobacteria;c__Gammaproteobacteria;o__Pseudomonadales;f__Pseudomonadaceae;g__Pseudomonas;s__Pseudomonas aeruginosa	Isolate taxonomy	Inoviruses (10.1038/s41564-019-0510-x)
IMGVR_UViG_2516653000_000001	2516653000	2516653193	Environmental;Aquatic;Freshwater;Lotic	vOTU_00000008	6612	690	7301	false	9	9	0	3	Provirus	0.6298	High-confidence	86.91	0.0	Genome fragment	r__Monodnaviria;k__Loebvirae;p__Hofneiviricota;c__Faserviricetes;o__Tubulavirales;;;	geNomad	d__Bacteria;p__Proteobacteria;c__Alphaproteobacteria;o__Rhizobiales;f__Xanthobacteraceae;g__Blastochloris;s__Blastochloris viridis	Isolate taxonomy	Inoviruses (10.1038/s41564-019-0510-x)
IMGVR_UViG_2516653000_000002	2516653000	2516653252	Environmental;Aquatic;Freshwater;Lotic	vOTU_00000009	6001	62	6062	false	9	9	0	5	Provirus	0.9261	High-confidence	83.15	0.0	Genome fragment	r__Monodnaviria;k__Loebvirae;p__Hofneiviricota;c__Faserviricetes;o__Tubulavirales;f__Inoviridae;;	geNomad	d__Bacteria;p__Proteobacteria;c__Alphaproteobacteria;o__Rhizobiales;f__Xanthobacteraceae;g__Blastochloris;s__Blastochloris viridis	Isolate taxonomy	Inoviruses (10.1038/s41564-019-0510-x)
IMGVR_UViG_2517572009_000001	2517572009	2517573319	Environmental;Aquatic;Marine;Unclassified	vOTU_00000010	10100	0	10100	true	15	15	0	1	Linear	0.2746	High-confidence	NA	0.0	Unsure	;;;;;;;		d__Bacteria;p__Proteobacteria;c__Alphaproteobacteria;o__Parvibaculales;f__Parvibaculaceae;g__Parvibaculum;s__Parvibaculum sp002480495	Isolate taxonomy	Inoviruses (10.1038/s41564-019-0510-x)
IMGVR_UViG_2519103159_000002	2519103159	2519122128	Host-associated;Plants;Unclassified;Unclassified	vOTU_00000011	6518	0	6518	true	12	12	0	9	Linear	0.9731	High-confidence	100.00	0.0	High-quality	r__Monodnaviria;k__Loebvirae;p__Hofneiviricota;c__Faserviricetes;o__Tubulavirales;f__Inoviridae;;	geNomad	d__Bacteria;p__Proteobacteria;c__Gammaproteobacteria;o__Xanthomonadales;f__Xanthomonadaceae;g__Xanthomonas;s__Xanthomonas cissicola	Isolate taxonomy	Inoviruses (10.1038/s41564-019-0510-x)
IMGVR_UViG_2521172601_000001	2521172601	2521190704	Host-associated;Human;Unclassified;Unclassified	vOTU_00000012	10613	773	11385	false	16	16	0	5	Provirus	0.8639	High-confidence	100.00	0.0	High-quality	r__Monodnaviria;k__Loebvirae;p__Hofneiviricota;c__Faserviricetes;o__Tubulavirales;f__Inoviridae;;	geNomad	d__Bacteria;p__Proteobacteria;c__Gammaproteobacteria;o__Burkholderiales;f__Neisseriaceae;g__Neisseria;s__Neisseria meningitidis	Isolate taxonomy	Inoviruses (10.1038/s41564-019-0510-x)
IMGVR_UViG_2523231053_000001	2523231053	2523241595	Environmental;Aquatic;Marine;Oceanic	vOTU_00000013	7534	181	7714	false	12	12	0		Provirus	0.7887	High-confidence	97.62	0.0	High-quality	r__Monodnaviria;k__Loebvirae;p__Hofneiviricota;c__Faserviricetes;o__Tubulavirales;f__Inoviridae;;	NR (doi:10.5281/zenodo.6574914)	d__Bacteria;p__Desulfobacterota;c__Desulfobacteria;o__Desulfobacterales;f__Desulfobacteraceae;g__Desulfotignum;s__Desulfotignum phosphitoxidans	Isolate taxonomy	Inoviruses (10.1038/s41564-019-0510-x)
IMGVR_UViG_2523231078_000001	2523231078	2523243813	Host-associated;Arthropoda: Insects;Unclassified;Unclassified	vOTU_00000014	7951	1	7951	false	18	18	0	8	Provirus	0.0397	High-confidence	67.85	0.0	Genome fragment	r__Monodnaviria;k__Loebvirae;p__Hofneiviricota;c__Faserviricetes;o__Tubulavirales;;;	geNomad	d__Bacteria;p__Firmicutes;c__Bacilli;o__Paenibacillales;f__NBRC-103111;g__Paenibacillus_H;s__Paenibacillus_H larvae	Isolate taxonomy	Inoviruses (10.1038/s41564-019-0510-x)
IMGVR_UViG_2524614868_000001	2524614868	2524709704	Host-associated;Plants;Unclassified;Unclassified	vOTU_00000015	5541	1	5541	false	8	8	0	4	Provirus	0.6801	High-confidence	75.87	0.0	Genome fragment	r__Monodnaviria;k__Loebvirae;p__Hofneiviricota;c__Faserviricetes;o__Tubulavirales;f__Inoviridae;;	geNomad	d__Bacteria;p__Proteobacteria;c__Gammaproteobacteria;o__Xanthomonadales;f__Xanthomonadaceae;g__Xylella;s__Xylella fastidiosa	Isolate taxonomy	Inoviruses (10.1038/s41564-019-0510-x)
IMGVR_UViG_2524614872_000002	2524614872	2524710193	Host-associated;Arthropoda: Insects;Unclassified;Unclassified	vOTU_00000016	7626	0	7626	true	11	11	0	4	Linear	0.5055	High-confidence	95.37	0.0	High-quality	r__Monodnaviria;k__Loebvirae;p__Hofneiviricota;c__Faserviricetes;o__Tubulavirales;f__Inoviridae;;	geNomad	d__Bacteria;p__Proteobacteria;c__Gammaproteobacteria;o__Enterobacterales;f__Enterobacteriaceae;g__Arsenophonus;s__Arsenophonus nasoniae	Isolate taxonomy	Inoviruses (10.1038/s41564-019-0510-x)
IMGVR_UViG_2526164572_000001	2526164572	2526179009	;;;	vOTU_00000017	4340	949	5288	false	8	8	0	5	Provirus	0.8501	High-confidence	63.50	0.0	Genome fragment	r__Monodnaviria;k__Loebvirae;p__Hofneiviricota;c__Faserviricetes;o__Tubulavirales;f__Inoviridae;;	geNomad	d__Bacteria;p__Proteobacteria;c__Gammaproteobacteria;o__Pseudomonadales;f__Pseudomonadaceae;g__Pseudomonas_E;s__Pseudomonas_E khazarica	Isolate taxonomy	Inoviruses (10.1038/s41564-019-0510-x)
IMGVR_UViG_2529292726_000001	2529292726	2529331040	Host-associated;Human;Digestive system;Large intestine	vOTU_00000018	4184	452	4635	false	8	8	0	2	Provirus	0.6436	High-confidence	45.93	0.0	Genome fragment	r__Monodnaviria;k__Loebvirae;p__Hofneiviricota;c__Faserviricetes;o__Tubulavirales;;;	geNomad	d__Bacteria;p__Proteobacteria;c__Gammaproteobacteria;o__Enterobacterales;f__Enterobacteriaceae;g__Escherichia;s__Escherichia coli	Isolate taxonomy	Inoviruses (10.1038/s41564-019-0510-x)
IMGVR_UViG_2529292823_000001	2529292823	2529351314	Host-associated;Human;Digestive system;Large intestine	vOTU_00000019	7302	0	7302	true	11	11	0	10	Linear	0.9718	High-confidence	100.00	0.0	High-quality	r__Monodnaviria;k__Loebvirae;p__Hofneiviricota;c__Faserviricetes;o__Tubulavirales;f__Inoviridae;;	geNomad	d__Bacteria;p__Proteobacteria;c__Gammaproteobacteria;o__Enterobacterales;f__Vibrionaceae;g__Vibrio;s__Vibrio cholerae	Isolate taxonomy	Inoviruses (10.1038/s41564-019-0510-x)
IMGVR_UViG_2529292969_000001	2529292969	2529382112	Host-associated;Human;Digestive system;Oral cavity	vOTU_00000020	7458	0	7458	true	16	16	0	6	Linear	0.9494	High-confidence	98.85	0.0	High-quality	r__Monodnaviria;k__Loebvirae;p__Hofneiviricota;c__Faserviricetes;o__Tubulavirales;f__Inoviridae;;	geNomad	d__Bacteria;p__Proteobacteria;c__Gammaproteobacteria;o__Enterobacterales;f__Pasteurellaceae;g__Aggregatibacter;s__Aggregatibacter actinomycetemcomitans	Isolate taxonomy	Inoviruses (10.1038/s41564-019-0510-x)
IMGVR_UViG_2529293007_000001	2529293007	2529389762	;;;	vOTU_00000021	4652	0	4652	true	8	8	0	5	Linear	0.9726	High-confidence	72.15	0.0	Genome fragment	r__Monodnaviria;k__Loebvirae;p__Hofneiviricota;c__Faserviricetes;o__Tubulavirales;;;	geNomad	d__Bacteria;p__Proteobacteria;c__Gammaproteobacteria;o__Pseudomonadales;f__Moraxellaceae;g__Acinetobacter;s__Acinetobacter baumannii	Isolate taxonomy	Inoviruses (10.1038/s41564-019-0510-x)
IMGVR_UViG_2529293101_000001	2529293101	2529401993	Host-associated;Unclassified;Unclassified;Unclassified	vOTU_00000022	4513	0	4513	true	7	7	0	3	Linear	0.9269	High-confidence	65.93	0.0	Genome fragment	r__Monodnaviria;k__Loebvirae;p__Hofneiviricota;c__Faserviricetes;o__Tubulavirales;f__Inoviridae;;	geNomad	d__Bacteria;p__Proteobacteria;c__Gammaproteobacteria;o__Pseudomonadales;f__Moraxellaceae;g__Acinetobacter;s__Acinetobacter radioresistens	Isolate taxonomy	Inoviruses (10.1038/s41564-019-0510-x)
IMGVR_UViG_2529293186_000001	2529293186	2529409863	Host-associated;Mammals: Human;Respiratory system;Trachea	vOTU_00000001	5484	1	5484	false	8	8	0	4	Provirus	0.8886	High-confidence	90.40	0.0	High-quality	r__Monodnaviria;k__Loebvirae;p__Hofneiviricota;c__Faserviricetes;o__Tubulavirales;;;	geNomad	d__Bacteria;p__Proteobacteria;c__Gammaproteobacteria;o__Pseudomonadales;f__Moraxellaceae;g__Acinetobacter;s__Acinetobacter baumannii	Isolate taxonomy	Inoviruses (10.1038/s41564-019-0510-x)
IMGVR_UViG_2529293204_000001	2529293204	2529410678	Host-associated;Human;Digestive system;Large intestine	vOTU_00000019	6723	1	6723	false	9	9	0	9	Provirus	0.9728	High-confidence	94.78	0.0	High-quality	r__Monodnaviria;k__Loebvirae;p__Hofneiviricota;c__Faserviricetes;o__Tubulavirales;f__Inoviridae;;	geNomad	d__Bacteria;p__Proteobacteria;c__Gammaproteobacteria;o__Enterobacterales;f__Vibrionaceae;g__Vibrio;s__Vibrio cholerae	Isolate taxonomy	Inoviruses (10.1038/s41564-019-0510-x)
IMGVR_UViG_2529293226_000001	2529293226	2529415729	Host-associated;Human;Respiratory system;Unclassified	vOTU_00000001	6467	0	6467	true	10	10	0	6	Linear	0.9305	High-confidence	100.00	0.0	High-quality	r__Monodnaviria;k__Loebvirae;p__Hofneiviricota;c__Faserviricetes;o__Tubulavirales;;;	geNomad	d__Bacteria;p__Proteobacteria;c__Gammaproteobacteria;o__Pseudomonadales;f__Moraxellaceae;g__Acinetobacter;s__Acinetobacter baumannii	Isolate taxonomy	Inoviruses (10.1038/s41564-019-0510-x)
IMGVR_UViG_2529293269_000001	2529293269	2529422627	Host-associated;Unclassified;Unclassified;Unclassified	vOTU_00000023	6986	0	6986	true	8	8	0	4	Linear	0.6884	High-confidence	100.00	0.0	High-quality	r__Monodnaviria;k__Loebvirae;p__Hofneiviricota;c__Faserviricetes;o__Tubulavirales;f__Inoviridae;;	geNomad	d__Bacteria;p__Proteobacteria;c__Gammaproteobacteria;o__Pseudomonadales;f__Moraxellaceae;g__Moraxella;s__Moraxella catarrhalis	Isolate taxonomy	Inoviruses (10.1038/s41564-019-0510-x)
IMGVR_UViG_2531839021_000001	2531839021	2531843197	Host-associated;Human;Digestive system;Large intestine	vOTU_00000019	7290	0	7290	true	10	10	0	10	Linear	0.9755	High-confidence	100.00	0.0	High-quality	r__Monodnaviria;k__Loebvirae;p__Hofneiviricota;c__Faserviricetes;o__Tubulavirales;f__Inoviridae;;	geNomad	d__Bacteria;p__Proteobacteria;c__Gammaproteobacteria;o__Enterobacterales;f__Vibrionaceae;g__Vibrio;s__Vibrio cholerae	Isolate taxonomy	Inoviruses (10.1038/s41564-019-0510-x)
IMGVR_UViG_2531839022_000001	2531839022	2531843242	Host-associated;Human;Digestive system;Large intestine	vOTU_00000019	6735	588	7322	false	9	9	0	9	Provirus	0.9731	High-confidence	94.95	0.0	High-quality	r__Monodnaviria;k__Loebvirae;p__Hofneiviricota;c__Faserviricetes;o__Tubulavirales;f__Inoviridae;;	geNomad	d__Bacteria;p__Proteobacteria;c__Gammaproteobacteria;o__Enterobacterales;f__Vibrionaceae;g__Vibrio;s__Vibrio cholerae	Isolate taxonomy	Inoviruses (10.1038/s41564-019-0510-x)
IMGVR_UViG_2531839391_000001	2531839391	2531894205	Host-associated;Human;Digestive system;Oral cavity	vOTU_00000020	7037	393	7429	false	15	15	0	5	Provirus	0.9337	High-confidence	93.25	0.0	High-quality	r__Monodnaviria;k__Loebvirae;p__Hofneiviricota;c__Faserviricetes;o__Tubulavirales;f__Inoviridae;;	geNomad	d__Bacteria;p__Proteobacteria;c__Gammaproteobacteria;o__Enterobacterales;f__Pasteurellaceae;g__Aggregatibacter;s__Aggregatibacter actinomycetemcomitans	Isolate taxonomy	Inoviruses (10.1038/s41564-019-0510-x)
IMGVR_UViG_2531839434_000001	2531839434	2531897250	Host-associated;Human;Digestive system;Large intestine	vOTU_00000024	4516	0	4516	true	8	8	0	2	Linear	0.6484	High-confidence	55.26	0.0	Genome fragment	r__Monodnaviria;k__Loebvirae;p__Hofneiviricota;c__Faserviricetes;o__Tubulavirales;f__Inoviridae;;	NR (doi:10.5281/zenodo.6574914)	d__Bacteria;p__Proteobacteria;c__Gammaproteobacteria;o__Enterobacterales;f__Enterobacteriaceae;g__Escherichia;s__Escherichia coli	Isolate taxonomy	Inoviruses (10.1038/s41564-019-0510-x)
IMGVR_UViG_2531839435_000001	2531839435	2531897445	Host-associated;Human;Digestive system;Large intestine	vOTU_00000024	5383	0	5383	true	10	10	0	2	Linear	0.6564	High-confidence	65.86	0.0	Genome fragment	r__Monodnaviria;k__Loebvirae;p__Hofneiviricota;c__Faserviricetes;o__Tubulavirales;f__Inoviridae;;	vOTU consensus	d__Bacteria;p__Proteobacteria;c__Gammaproteobacteria;o__Enterobacterales;f__Enterobacteriaceae;g__Escherichia;s__Escherichia coli	Isolate taxonomy	Inoviruses (10.1038/s41564-019-0510-x)
IMGVR_UViG_2531839436_000001	2531839436	2531897555	Host-associated;Human;Digestive system;Large intestine	vOTU_00000024	6637	1	6637	false	10	10	0	2	Provirus	0.6652	High-confidence	80.44	0.0	Genome fragment	r__Monodnaviria;k__Loebvirae;p__Hofneiviricota;c__Faserviricetes;o__Tubulavirales;f__Inoviridae;;	vOTU consensus	d__Bacteria;p__Proteobacteria;c__Gammaproteobacteria;o__Enterobacterales;f__Enterobacteriaceae;g__Escherichia;s__Escherichia coli	Isolate taxonomy	Inoviruses (10.1038/s41564-019-0510-x)
IMGVR_UViG_2531839437_000001	2531839437	2531897698	Host-associated;Human;Digestive system;Large intestine	vOTU_00000024	7830	0	7830	true	10	10	0	2	Linear	0.6132	High-confidence	94.88	0.0	High-quality	r__Monodnaviria;k__Loebvirae;p__Hofneiviricota;c__Faserviricetes;o__Tubulavirales;f__Inoviridae;;	vOTU consensus	d__Bacteria;p__Proteobacteria;c__Gammaproteobacteria;o__Enterobacterales;f__Enterobacteriaceae;g__Escherichia;s__Escherichia coli	Isolate taxonomy	Inoviruses (10.1038/s41564-019-0510-x)
IMGVR_UViG_2531839438_000001	2531839438	2531897881	Host-associated;Human;Digestive system;Large intestine	vOTU_00000024	7710	0	7710	true	10	10	0	2	Linear	0.6029	High-confidence	93.43	0.0	High-quality	r__Monodnaviria;k__Loebvirae;p__Hofneiviricota;c__Faserviricetes;o__Tubulavirales;f__Inoviridae;;	vOTU consensus	d__Bacteria;p__Proteobacteria;c__Gammaproteobacteria;o__Enterobacterales;f__Enterobacteriaceae;g__Escherichia;s__Escherichia coli	Isolate taxonomy	Inoviruses (10.1038/s41564-019-0510-x)
IMGVR_UViG_2531839439_000001	2531839439	2531898033	Host-associated;Human;Digestive system;Large intestine	vOTU_00000024	7418	250	7667	false	10	10	0	2	Provirus	0.5918	High-confidence	89.89	0.0	Genome fragment	r__Monodnaviria;k__Loebvirae;p__Hofneiviricota;c__Faserviricetes;o__Tubulavirales;f__Inoviridae;;	NR (doi:10.5281/zenodo.6574914)	d__Bacteria;p__Proteobacteria;c__Gammaproteobacteria;o__Enterobacterales;f__Enterobacteriaceae;g__Escherichia;s__Escherichia coli	Isolate taxonomy	Inoviruses (10.1038/s41564-019-0510-x)
IMGVR_UViG_2531839466_000001	2531839466	2531899785	Engineered;Built environment;Unclassified;Unclassified	vOTU_00000025	6795	0	6795	true	11	11	0	9	Linear	0.9741	High-confidence	100.00	0.0	High-quality	r__Monodnaviria;k__Loebvirae;p__Hofneiviricota;c__Faserviricetes;o__Tubulavirales;f__Inoviridae;;	geNomad	d__Bacteria;p__Proteobacteria;c__Gammaproteobacteria;o__Pseudomonadales;f__Moraxellaceae;g__Acinetobacter;s__Acinetobacter baumannii	Isolate taxonomy	Inoviruses (10.1038/s41564-019-0510-x)
IMGVR_UViG_2531839505_000002	2531839505	2531904956	Host-associated;Human;Unclassified;Unclassified	vOTU_00000026	5586	0	5586	true	9	9	0	2	Linear	0.8556	High-confidence	65.65	0.0	Genome fragment	r__Monodnaviria;k__Loebvirae;p__Hofneiviricota;c__Faserviricetes;o__Tubulavirales;f__Inoviridae;;	geNomad	d__Bacteria;p__Proteobacteria;c__Gammaproteobacteria;o__Burkholderiales;f__Neisseriaceae;g__Neisseria;s__Neisseria meningitidis	Isolate taxonomy	Inoviruses (10.1038/s41564-019-0510-x)
IMGVR_UViG_2531839507_000001	2531839507	2531905347	Host-associated;Human;Digestive system;Oral cavity	vOTU_00000020	7454	0	7454	true	15	15	0	6	Linear	0.9603	High-confidence	98.76	0.0	High-quality	r__Monodnaviria;k__Loebvirae;p__Hofneiviricota;c__Faserviricetes;o__Tubulavirales;f__Inoviridae;;	geNomad	d__Bacteria;p__Proteobacteria;c__Gammaproteobacteria;o__Enterobacterales;f__Pasteurellaceae;g__Aggregatibacter;s__Aggregatibacter actinomycetemcomitans	Isolate taxonomy	Inoviruses (10.1038/s41564-019-0510-x)
IMGVR_UViG_2534681655_000001	2534681655	2534689693	Host-associated;Human;Digestive system;Large intestine	vOTU_00000027	7403	0	7403	true	13	13	0	4	Linear	0.8799	High-confidence	81.27	0.0	Genome fragment	r__Monodnaviria;k__Loebvirae;p__Hofneiviricota;c__Faserviricetes;o__Tubulavirales;f__Inoviridae;;	geNomad	d__Bacteria;p__Proteobacteria;c__Gammaproteobacteria;o__Enterobacterales;f__Enterobacteriaceae;g__Escherichia;s__Escherichia coli	Isolate taxonomy	Inoviruses (10.1038/s41564-019-0510-x)
IMGVR_UViG_2534681656_000001	2534681656	2534689903	Host-associated;Human;Digestive system;Large intestine	vOTU_00000024	4135	0	4135	true	7	7	0	2	Linear	0.6924	High-confidence	50.59	0.0	Genome fragment	r__Monodnaviria;k__Loebvirae;p__Hofneiviricota;c__Faserviricetes;o__Tubulavirales;f__Inoviridae;;	NR (doi:10.5281/zenodo.6574914)	d__Bacteria;p__Proteobacteria;c__Gammaproteobacteria;o__Enterobacterales;f__Enterobacteriaceae;g__Escherichia;s__Escherichia coli	Isolate taxonomy	Inoviruses (10.1038/s41564-019-0510-x)
IMGVR_UViG_2534681699_000001	2534681699	2534698459	Host-associated;Human;Digestive system;Large intestine	vOTU_00000027	7208	0	7208	true	13	13	0	4	Linear	0.8934	High-confidence	79.13	0.0	Genome fragment	r__Monodnaviria;k__Loebvirae;p__Hofneiviricota;c__Faserviricetes;o__Tubulavirales;f__Inoviridae;;	geNomad	d__Bacteria;p__Proteobacteria;c__Gammaproteobacteria;o__Enterobacterales;f__Enterobacteriaceae;g__Escherichia;s__Escherichia coli	Isolate taxonomy	Inoviruses (10.1038/s41564-019-0510-x)
IMGVR_UViG_2534681706_000001	2534681706	2534699058	Host-associated;Human;Unclassified;Unclassified	vOTU_00000027	7183	0	7183	true	13	13	0	4	Linear	0.8497	High-confidence	78.85	0.0	Genome fragment	r__Monodnaviria;k__Loebvirae;p__Hofneiviricota;c__Faserviricetes;o__Tubulavirales;f__Inoviridae;;	geNomad	d__Bacteria;p__Proteobacteria;c__Gammaproteobacteria;o__Enterobacterales;f__Enterobacteriaceae;g__Escherichia;s__Escherichia coli	Isolate taxonomy	Inoviruses (10.1038/s41564-019-0510-x)
IMGVR_UViG_2534681713_000001	2534681713	2534699939	Host-associated;Human;Unclassified;Unclassified	vOTU_00000028	8338	0	8338	true	13	13	0	6	Linear	0.931	High-confidence	98.24	0.0	High-quality	r__Monodnaviria;k__Loebvirae;p__Hofneiviricota;c__Faserviricetes;o__Tubulavirales;f__Inoviridae;;	geNomad	d__Bacteria;p__Proteobacteria;c__Gammaproteobacteria;o__Enterobacterales;f__Enterobacteriaceae;g__Salmonella;s__Salmonella enterica	Isolate taxonomy	Inoviruses (10.1038/s41564-019-0510-x)
IMGVR_UViG_2534681718_000001	2534681718	2534701296	Host-associated;Unclassified;Unclassified;Unclassified	vOTU_00000029	8371	1	8371	false	14	14	0	5	Provirus	0.9474	High-confidence	91.86	0.0	High-quality	r__Monodnaviria;k__Loebvirae;p__Hofneiviricota;c__Faserviricetes;o__Tubulavirales;f__Inoviridae;;	geNomad	d__Bacteria;p__Proteobacteria;c__Gammaproteobacteria;o__Enterobacterales;f__Enterobacteriaceae;g__Yersinia;s__Yersinia pestis	Isolate taxonomy	Inoviruses (10.1038/s41564-019-0510-x)
IMGVR_UViG_2534681721_000001	2534681721	2534703582	Host-associated;Unclassified;Unclassified;Unclassified	vOTU_00000029	8263	489	8751	false	14	14	0	5	Provirus	0.9531	High-confidence	90.67	0.0	High-quality	r__Monodnaviria;k__Loebvirae;p__Hofneiviricota;c__Faserviricetes;o__Tubulavirales;f__Inoviridae;;	geNomad	d__Bacteria;p__Proteobacteria;c__Gammaproteobacteria;o__Enterobacterales;f__Enterobacteriaceae;g__Yersinia;s__Yersinia pestis	Isolate taxonomy	Inoviruses (10.1038/s41564-019-0510-x)
IMGVR_UViG_2534681748_000001	2534681748	2534715185	Host-associated;Human;Digestive system;Large intestine	vOTU_00000019	6597	0	6597	true	11	11	0	9	Linear	0.9742	High-confidence	92.98	0.0	High-quality	r__Monodnaviria;k__Loebvirae;p__Hofneiviricota;c__Faserviricetes;o__Tubulavirales;f__Inoviridae;;	geNomad	d__Bacteria;p__Proteobacteria;c__Gammaproteobacteria;o__Enterobacterales;f__Vibrionaceae;g__Vibrio;s__Vibrio cholerae	Isolate taxonomy	Inoviruses (10.1038/s41564-019-0510-x)
IMGVR_UViG_2534681804_000001	2534681804	2534723079	Host-associated;Human;Reproductive system;Unclassified	vOTU_00000030	7124	1	7124	false	9	9	0	3	Provirus	0.6567	High-confidence	85.84	0.0	Genome fragment	r__Monodnaviria;k__Loebvirae;p__Hofneiviricota;c__Faserviricetes;o__Tubulavirales;f__Inoviridae;;	geNomad	d__Bacteria;p__Proteobacteria;c__Gammaproteobacteria;o__Enterobacterales;f__Pasteurellaceae;g__Haemophilus_D;s__Haemophilus_D parainfluenzae	Isolate taxonomy	Inoviruses (10.1038/s41564-019-0510-x)
IMGVR_UViG_2534681804_000002	2534681804	2534723100	Host-associated;Human;Reproductive system;Unclassified	vOTU_00000031	6695	1	6695	false	9	9	0	5	Provirus	0.9157	High-confidence	83.38	0.0	Genome fragment	r__Monodnaviria;k__Loebvirae;p__Hofneiviricota;c__Faserviricetes;o__Tubulavirales;f__Inoviridae;;	geNomad	d__Bacteria;p__Proteobacteria;c__Gammaproteobacteria;o__Enterobacterales;f__Pasteurellaceae;g__Haemophilus_D;s__Haemophilus_D parainfluenzae	Isolate taxonomy	Inoviruses (10.1038/s41564-019-0510-x)
IMGVR_UViG_2534682130_000001	2534682130	2534787608	Host-associated;Human;Digestive system;Large intestine	vOTU_00000019	6538	0	6538	true	9	9	0	9	Linear	0.9754	High-confidence	92.15	0.0	High-quality	r__Monodnaviria;k__Loebvirae;p__Hofneiviricota;c__Faserviricetes;o__Tubulavirales;f__Inoviridae;;	geNomad	d__Bacteria;p__Proteobacteria;c__Gammaproteobacteria;o__Enterobacterales;f__Vibrionaceae;g__Vibrio;s__Vibrio cholerae	Isolate taxonomy	Inoviruses (10.1038/s41564-019-0510-x)
IMGVR_UViG_2534682132_000001	2534682132	2534788035	Host-associated;Human;Digestive system;Large intestine	vOTU_00000019	7290	0	7290	true	11	11	0	10	Linear	0.9752	High-confidence	100.00	0.0	High-quality	r__Monodnaviria;k__Loebvirae;p__Hofneiviricota;c__Faserviricetes;o__Tubulavirales;f__Inoviridae;;	geNomad	d__Bacteria;p__Proteobacteria;c__Gammaproteobacteria;o__Enterobacterales;f__Vibrionaceae;g__Vibrio;s__Vibrio cholerae	Isolate taxonomy	Inoviruses (10.1038/s41564-019-0510-x)
IMGVR_UViG_2534682134_000001	2534682134	2534788906	Host-associated;Human;Digestive system;Large intestine	vOTU_00000019	7286	0	7286	true	11	11	0	10	Linear	0.9725	High-confidence	100.00	0.0	High-quality	r__Monodnaviria;k__Loebvirae;p__Hofneiviricota;c__Faserviricetes;o__Tubulavirales;f__Inoviridae;;	geNomad	d__Bacteria;p__Proteobacteria;c__Gammaproteobacteria;o__Enterobacterales;f__Vibrionaceae;g__Vibrio;s__Vibrio cholerae	Isolate taxonomy	Inoviruses (10.1038/s41564-019-0510-x)
IMGVR_UViG_2534682136_000001	2534682136	2534789220	Host-associated;Human;Digestive system;Large intestine	vOTU_00000019	7274	0	7274	true	11	11	0	10	Linear	0.9751	High-confidence	100.00	0.0	High-quality	r__Monodnaviria;k__Loebvirae;p__Hofneiviricota;c__Faserviricetes;o__Tubulavirales;f__Inoviridae;;	geNomad	d__Bacteria;p__Proteobacteria;c__Gammaproteobacteria;o__Enterobacterales;f__Vibrionaceae;g__Vibrio;s__Vibrio cholerae	Isolate taxonomy	Inoviruses (10.1038/s41564-019-0510-x)
IMGVR_UViG_2534682137_000001	2534682137	2534789509	Host-associated;Human;Digestive system;Large intestine	vOTU_00000019	6305	307	6611	false	9	9	0	9	Provirus	0.9738	High-confidence	88.87	0.0	Genome fragment	r__Monodnaviria;k__Loebvirae;p__Hofneiviricota;c__Faserviricetes;o__Tubulavirales;f__Inoviridae;;	geNomad	d__Bacteria;p__Proteobacteria;c__Gammaproteobacteria;o__Enterobacterales;f__Vibrionaceae;g__Vibrio;s__Vibrio cholerae	Isolate taxonomy	Inoviruses (10.1038/s41564-019-0510-x)
IMGVR_UViG_2534682222_000001	2534682222	2534801566	Host-associated;Human;Unclassified;Unclassified	vOTU_00000028	7801	1	7801	false	12	12	0	6	Provirus	0.8767	High-confidence	91.89	0.0	High-quality	r__Monodnaviria;k__Loebvirae;p__Hofneiviricota;c__Faserviricetes;o__Tubulavirales;f__Inoviridae;;	geNomad	d__Bacteria;p__Proteobacteria;c__Gammaproteobacteria;o__Enterobacterales;f__Enterobacteriaceae;g__Escherichia;s__Escherichia coli	Isolate taxonomy	Inoviruses (10.1038/s41564-019-0510-x)
IMGVR_UViG_2534682260_000001	2534682260	2534810967	Host-associated;Human;Unclassified;Unclassified	vOTU_00000001	5353	622	5974	false	9	9	0	5	Provirus	0.9345	High-confidence	88.23	0.0	Genome fragment	r__Monodnaviria;k__Loebvirae;p__Hofneiviricota;c__Faserviricetes;o__Tubulavirales;;;	geNomad	d__Bacteria;p__Proteobacteria;c__Gammaproteobacteria;o__Pseudomonadales;f__Moraxellaceae;g__Acinetobacter;s__Acinetobacter baumannii	Isolate taxonomy	Inoviruses (10.1038/s41564-019-0510-x)
IMGVR_UViG_2537561720_000001	2537561720	2537586793	Host-associated;Human;Circulatory system;Unclassified	vOTU_00000032	4698	1	4698	false	9	9	0	4	Provirus	0.9568	High-confidence	72.83	0.0	Genome fragment	r__Monodnaviria;k__Loebvirae;p__Hofneiviricota;c__Faserviricetes;o__Tubulavirales;;;	geNomad	d__Bacteria;p__Proteobacteria;c__Gammaproteobacteria;o__Pseudomonadales;f__Moraxellaceae;g__Acinetobacter;s__Acinetobacter baumannii	Isolate taxonomy	Inoviruses (10.1038/s41564-019-0510-x)
IMGVR_UViG_2537561724_000001	2537561724	2537587185	Host-associated;Unclassified;Unclassified;Unclassified	vOTU_00000025	8554	1	8554	false	15	15	0	11	Provirus	0.9758	High-confidence	100.00	0.0	High-quality	r__Monodnaviria;k__Loebvirae;p__Hofneiviricota;c__Faserviricetes;o__Tubulavirales;f__Inoviridae;;	geNomad	d__Bacteria;p__Proteobacteria;c__Gammaproteobacteria;o__Pseudomonadales;f__Moraxellaceae;g__Acinetobacter;s__Acinetobacter baumannii	Isolate taxonomy	Inoviruses (10.1038/s41564-019-0510-x)
IMGVR_UViG_2537562013_000001	2537562013	2537616772	Host-associated;Human;Digestive system;Large intestine	vOTU_00000024	5094	1	5094	false	9	9	0	2	Provirus	0.6518	High-confidence	62.33	0.0	Genome fragment	r__Monodnaviria;k__Loebvirae;p__Hofneiviricota;c__Faserviricetes;o__Tubulavirales;f__Inoviridae;;	NR (doi:10.5281/zenodo.6574914)	d__Bacteria;p__Proteobacteria;c__Gammaproteobacteria;o__Enterobacterales;f__Enterobacteriaceae;g__Escherichia;s__Escherichia coli	Isolate taxonomy	Inoviruses (10.1038/s41564-019-0510-x)
IMGVR_UViG_2537562014_000001	2537562014	2537617144	Host-associated;Human;Digestive system;Large intestine	vOTU_00000024	8395	0	8395	true	11	11	0	2	Linear	0.5112	High-confidence	100.00	0.0	High-quality	r__Monodnaviria;k__Loebvirae;p__Hofneiviricota;c__Faserviricetes;o__Tubulavirales;f__Inoviridae;;	vOTU consensus	d__Bacteria;p__Proteobacteria;c__Gammaproteobacteria;o__Enterobacterales;f__Enterobacteriaceae;g__Escherichia;s__Escherichia coli	Isolate taxonomy	Inoviruses (10.1038/s41564-019-0510-x)
IMGVR_UViG_2537562054_000001	2537562054	2537621389	Host-associated;Unclassified;Unclassified;Unclassified	vOTU_00000025	6797	0	6797	true	10	10	0	9	Linear	0.9792	High-confidence	100.00	0.0	High-quality	r__Monodnaviria;k__Loebvirae;p__Hofneiviricota;c__Faserviricetes;o__Tubulavirales;f__Inoviridae;;	geNomad	d__Bacteria;p__Proteobacteria;c__Gammaproteobacteria;o__Pseudomonadales;f__Moraxellaceae;g__Acinetobacter;s__Acinetobacter baumannii	Isolate taxonomy	Inoviruses (10.1038/s41564-019-0510-x)
IMGVR_UViG_2537562058_000001	2537562058	2537621823	Host-associated;Human;Unclassified;Unclassified	vOTU_00000033	5183	0	5183	true	7	7	0	4	Linear	0.9494	High-confidence	76.44	0.0	Genome fragment	r__Monodnaviria;k__Loebvirae;p__Hofneiviricota;c__Faserviricetes;o__Tubulavirales;f__Inoviridae;;	geNomad	d__Bacteria;p__Proteobacteria;c__Gammaproteobacteria;o__Pseudomonadales;f__Moraxellaceae;g__Acinetobacter;s__Acinetobacter bereziniae	Isolate taxonomy	Inoviruses (10.1038/s41564-019-0510-x)
IMGVR_UViG_2537562217_000001	2537562217	2537634588	Host-associated;Human;Digestive system;Large intestine	vOTU_00000027	7565	0	7565	true	13	13	0	4	Linear	0.8552	High-confidence	83.05	0.0	Genome fragment	r__Monodnaviria;k__Loebvirae;p__Hofneiviricota;c__Faserviricetes;o__Tubulavirales;f__Inoviridae;;	geNomad	d__Bacteria;p__Proteobacteria;c__Gammaproteobacteria;o__Enterobacterales;f__Enterobacteriaceae;g__Escherichia;s__Escherichia coli	Isolate taxonomy	Inoviruses (10.1038/s41564-019-0510-x)
IMGVR_UViG_2537562219_000001	2537562219	2537635112	Host-associated;Human;Digestive system;Large intestine	vOTU_00000027	7315	0	7315	true	13	13	0	4	Linear	0.8303	High-confidence	80.30	0.0	Genome fragment	r__Monodnaviria;k__Loebvirae;p__Hofneiviricota;c__Faserviricetes;o__Tubulavirales;f__Inoviridae;;	geNomad	d__Bacteria;p__Proteobacteria;c__Gammaproteobacteria;o__Enterobacterales;f__Enterobacteriaceae;g__Escherichia;s__Escherichia coli	Isolate taxonomy	Inoviruses (10.1038/s41564-019-0510-x)
IMGVR_UViG_2537562220_000001	2537562220	2537635378	Host-associated;Human;Digestive system;Large intestine	vOTU_00000027	7308	0	7308	true	13	13	0	4	Linear	0.8612	High-confidence	80.23	0.0	Genome fragment	r__Monodnaviria;k__Loebvirae;p__Hofneiviricota;c__Faserviricetes;o__Tubulavirales;f__Inoviridae;;	geNomad	d__Bacteria;p__Proteobacteria;c__Gammaproteobacteria;o__Enterobacterales;f__Enterobacteriaceae;g__Escherichia;s__Escherichia coli	Isolate taxonomy	Inoviruses (10.1038/s41564-019-0510-x)
IMGVR_UViG_2537562222_000001	2537562222	2537635799	Host-associated;Human;Unclassified;Unclassified	vOTU_00000027	7342	0	7342	true	13	13	0	4	Linear	0.8761	High-confidence	80.60	0.0	Genome fragment	r__Monodnaviria;k__Loebvirae;p__Hofneiviricota;c__Faserviricetes;o__Tubulavirales;f__Inoviridae;;	geNomad	d__Bacteria;p__Proteobacteria;c__Gammaproteobacteria;o__Enterobacterales;f__Enterobacteriaceae;g__Escherichia;s__Escherichia coli	Isolate taxonomy	Inoviruses (10.1038/s41564-019-0510-x)
IMGVR_UViG_2540341039_000002	2540341039	2540346013	Environmental;Aquatic;Unclassified;Unclassified	vOTU_00000034	5960	0	5960	true	7	7	0	8	Linear	0.9768	High-confidence	92.98	0.0	High-quality	r__Monodnaviria;k__Loebvirae;p__Hofneiviricota;c__Faserviricetes;o__Tubulavirales;f__Inoviridae;;	geNomad	d__Bacteria;p__Proteobacteria;c__Gammaproteobacteria;o__Enterobacterales;f__Alteromonadaceae;g__Pseudoalteromonas;s__Pseudoalteromonas sp001974855	Isolate taxonomy	Inoviruses (10.1038/s41564-019-0510-x)
IMGVR_UViG_2540341042_000001	2540341042	2540346473	Host-associated;Mammals: Human;Circulatory system;Blood	vOTU_00000035	7203	0	7203	true	9	9	0	6	Linear	0.9598	High-confidence	100.00	0.0	High-quality	r__Monodnaviria;k__Loebvirae;p__Hofneiviricota;c__Faserviricetes;o__Tubulavirales;f__Inoviridae;;	geNomad	d__Bacteria;p__Proteobacteria;c__Gammaproteobacteria;o__Pseudomonadales;f__Pseudomonadaceae;g__Pseudomonas;s__Pseudomonas aeruginosa	Isolate taxonomy	Inoviruses (10.1038/s41564-019-0510-x)
IMGVR_UViG_2541047062_000001	2541047062	2541077903	Host-associated;Human;Unclassified;Unclassified	vOTU_00000028	8181	313	8493	false	11	11	0	6	Provirus	0.9465	High-confidence	96.41	0.0	High-quality	r__Monodnaviria;k__Loebvirae;p__Hofneiviricota;c__Faserviricetes;o__Tubulavirales;f__Inoviridae;;	geNomad	d__Bacteria;p__Proteobacteria;c__Gammaproteobacteria;o__Enterobacterales;f__Enterobacteriaceae;g__Klebsiella;s__Klebsiella pneumoniae	Isolate taxonomy	Inoviruses (10.1038/s41564-019-0510-x)
IMGVR_UViG_2541047178_000001	2541047178	2541094381	Host-associated;Human;Unclassified;Unclassified	vOTU_00000036	8912	217	9128	false	12	12	0	5	Provirus	0.9311	High-confidence	100.00	0.0	High-quality	r__Monodnaviria;k__Loebvirae;p__Hofneiviricota;c__Faserviricetes;o__Tubulavirales;f__Inoviridae;;	geNomad	d__Bacteria;p__Proteobacteria;c__Gammaproteobacteria;o__Burkholderiales;f__Neisseriaceae;g__Neisseria;s__Neisseria meningitidis	Isolate taxonomy	Inoviruses (10.1038/s41564-019-0510-x)
IMGVR_UViG_2541047179_000001	2541047179	2541094499	Host-associated;Human;Unclassified;Unclassified	vOTU_00000012	8561	1200	9760	false	13	13	0	5	Provirus	0.8804	High-confidence	100.00	0.0	High-quality	r__Monodnaviria;k__Loebvirae;p__Hofneiviricota;c__Faserviricetes;o__Tubulavirales;f__Inoviridae;;	geNomad	d__Bacteria;p__Proteobacteria;c__Gammaproteobacteria;o__Burkholderiales;f__Neisseriaceae;g__Neisseria;s__Neisseria meningitidis	Isolate taxonomy	Inoviruses (10.1038/s41564-019-0510-x)
IMGVR_UViG_2541047181_000001	2541047181	2541094764	Host-associated;Human;Unclassified;Unclassified	vOTU_00000012	9320	0	9320	true	13	13	0	5	Linear	0.8787	High-confidence	100.00	0.0	High-quality	r__Monodnaviria;k__Loebvirae;p__Hofneiviricota;c__Faserviricetes;o__Tubulavirales;f__Inoviridae;;	geNomad	d__Bacteria;p__Proteobacteria;c__Gammaproteobacteria;o__Burkholderiales;f__Neisseriaceae;g__Neisseria;s__Neisseria meningitidis	Isolate taxonomy	Inoviruses (10.1038/s41564-019-0510-x)
IMGVR_UViG_2541047182_000001	2541047182	2541094893	Host-associated;Human;Unclassified;Unclassified	vOTU_00000012	8566	1196	9761	false	13	13	0	5	Provirus	0.8813	High-confidence	100.00	0.0	High-quality	r__Monodnaviria;k__Loebvirae;p__Hofneiviricota;c__Faserviricetes;o__Tubulavirales;f__Inoviridae;;	geNomad	d__Bacteria;p__Proteobacteria;c__Gammaproteobacteria;o__Burkholderiales;f__Neisseriaceae;g__Neisseria;s__Neisseria meningitidis	Isolate taxonomy	Inoviruses (10.1038/s41564-019-0510-x)
IMGVR_UViG_2541047183_000001	2541047183	2541095016	Host-associated;Human;Unclassified;Unclassified	vOTU_00000012	8565	1212	9776	false	13	13	0	5	Provirus	0.8808	High-confidence	100.00	0.0	High-quality	r__Monodnaviria;k__Loebvirae;p__Hofneiviricota;c__Faserviricetes;o__Tubulavirales;f__Inoviridae;;	geNomad	d__Bacteria;p__Proteobacteria;c__Gammaproteobacteria;o__Burkholderiales;f__Neisseriaceae;g__Neisseria;s__Neisseria meningitidis	Isolate taxonomy	Inoviruses (10.1038/s41564-019-0510-x)
IMGVR_UViG_2541047189_000001	2541047189	2541095855	Host-associated;Human;Unclassified;Unclassified	vOTU_00000012	8568	1	8568	false	12	12	0	5	Provirus	0.878	High-confidence	100.00	0.0	High-quality	r__Monodnaviria;k__Loebvirae;p__Hofneiviricota;c__Faserviricetes;o__Tubulavirales;f__Inoviridae;;	geNomad	d__Bacteria;p__Proteobacteria;c__Gammaproteobacteria;o__Burkholderiales;f__Neisseriaceae;g__Neisseria;s__Neisseria meningitidis	Isolate taxonomy	Inoviruses (10.1038/s41564-019-0510-x)
IMGVR_UViG_2541047190_000001	2541047190	2541096050	Host-associated;Human;Unclassified;Unclassified	vOTU_00000012	11206	0	11206	true	16	16	0	5	Linear	0.8563	High-confidence	100.00	0.0	High-quality	r__Monodnaviria;k__Loebvirae;p__Hofneiviricota;c__Faserviricetes;o__Tubulavirales;f__Inoviridae;;	geNomad	d__Bacteria;p__Proteobacteria;c__Gammaproteobacteria;o__Burkholderiales;f__Neisseriaceae;g__Neisseria;s__Neisseria meningitidis	Isolate taxonomy	Inoviruses (10.1038/s41564-019-0510-x)
IMGVR_UViG_2541047191_000001	2541047191	2541096121	Host-associated;Human;Unclassified;Unclassified	vOTU_00000012	8546	973	9518	false	13	13	0	5	Provirus	0.8814	High-confidence	100.00	0.0	High-quality	r__Monodnaviria;k__Loebvirae;p__Hofneiviricota;c__Faserviricetes;o__Tubulavirales;f__Inoviridae;;	geNomad	d__Bacteria;p__Proteobacteria;c__Gammaproteobacteria;o__Burkholderiales;f__Neisseriaceae;g__Neisseria;s__Neisseria meningitidis	Isolate taxonomy	Inoviruses (10.1038/s41564-019-0510-x)
IMGVR_UViG_2541047192_000001	2541047192	2541096265	Host-associated;Human;Unclassified;Unclassified	vOTU_00000012	8564	982	9545	false	13	13	0	5	Provirus	0.8808	High-confidence	100.00	0.0	High-quality	r__Monodnaviria;k__Loebvirae;p__Hofneiviricota;c__Faserviricetes;o__Tubulavirales;f__Inoviridae;;	geNomad	d__Bacteria;p__Proteobacteria;c__Gammaproteobacteria;o__Burkholderiales;f__Neisseriaceae;g__Neisseria;s__Neisseria meningitidis	Isolate taxonomy	Inoviruses (10.1038/s41564-019-0510-x)
IMGVR_UViG_2541047193_000001	2541047193	2541096495	Host-associated;Human;Unclassified;Unclassified	vOTU_00000012	8551	996	9546	false	12	12	0	5	Provirus	0.9079	High-confidence	100.00	0.0	High-quality	r__Monodnaviria;k__Loebvirae;p__Hofneiviricota;c__Faserviricetes;o__Tubulavirales;f__Inoviridae;;	geNomad	d__Bacteria;p__Proteobacteria;c__Gammaproteobacteria;o__Burkholderiales;f__Neisseriaceae;g__Neisseria;s__Neisseria meningitidis	Isolate taxonomy	Inoviruses (10.1038/s41564-019-0510-x)
IMGVR_UViG_2541047194_000001	2541047194	2541096531	Host-associated;Human;Unclassified;Unclassified	vOTU_00000012	9362	0	9362	true	13	13	0	5	Linear	0.8653	High-confidence	100.00	0.0	High-quality	r__Monodnaviria;k__Loebvirae;p__Hofneiviricota;c__Faserviricetes;o__Tubulavirales;f__Inoviridae;;	geNomad	d__Bacteria;p__Proteobacteria;c__Gammaproteobacteria;o__Burkholderiales;f__Neisseriaceae;g__Neisseria;s__Neisseria meningitidis	Isolate taxonomy	Inoviruses (10.1038/s41564-019-0510-x)
IMGVR_UViG_2541047195_000001	2541047195	2541096668	Host-associated;Human;Unclassified;Unclassified	vOTU_00000012	8566	990	9555	false	13	13	0	5	Provirus	0.8804	High-confidence	100.00	0.0	High-quality	r__Monodnaviria;k__Loebvirae;p__Hofneiviricota;c__Faserviricetes;o__Tubulavirales;f__Inoviridae;;	geNomad	d__Bacteria;p__Proteobacteria;c__Gammaproteobacteria;o__Burkholderiales;f__Neisseriaceae;g__Neisseria;s__Neisseria meningitidis	Isolate taxonomy	Inoviruses (10.1038/s41564-019-0510-x)
IMGVR_UViG_2541047196_000001	2541047196	2541096838	Host-associated;Human;Unclassified;Unclassified	vOTU_00000012	8547	1	8547	false	13	13	0	5	Provirus	0.8739	High-confidence	100.00	0.0	High-quality	r__Monodnaviria;k__Loebvirae;p__Hofneiviricota;c__Faserviricetes;o__Tubulavirales;f__Inoviridae;;	geNomad	d__Bacteria;p__Proteobacteria;c__Gammaproteobacteria;o__Burkholderiales;f__Neisseriaceae;g__Neisseria;s__Neisseria meningitidis	Isolate taxonomy	Inoviruses (10.1038/s41564-019-0510-x)
IMGVR_UViG_2541047197_000001	2541047197	2541096927	Host-associated;Human;Unclassified;Unclassified	vOTU_00000012	8577	1	8577	false	13	13	0	5	Provirus	0.8807	High-confidence	100.00	0.0	High-quality	r__Monodnaviria;k__Loebvirae;p__Hofneiviricota;c__Faserviricetes;o__Tubulavirales;f__Inoviridae;;	geNomad	d__Bacteria;p__Proteobacteria;c__Gammaproteobacteria;o__Burkholderiales;f__Neisseriaceae;g__Neisseria;s__Neisseria meningitidis	Isolate taxonomy	Inoviruses (10.1038/s41564-019-0510-x)
IMGVR_UViG_2541047198_000001	2541047198	2541097076	Host-associated;Human;Unclassified;Unclassified	vOTU_00000012	8576	1	8576	false	13	13	0	5	Provirus	0.8609	High-confidence	100.00	0.0	High-quality	r__Monodnaviria;k__Loebvirae;p__Hofneiviricota;c__Faserviricetes;o__Tubulavirales;f__Inoviridae;;	geNomad	d__Bacteria;p__Proteobacteria;c__Gammaproteobacteria;o__Burkholderiales;f__Neisseriaceae;g__Neisseria;s__Neisseria meningitidis	Isolate taxonomy	Inoviruses (10.1038/s41564-019-0510-x)
IMGVR_UViG_2541047199_000001	2541047199	2541097274	Host-associated;Human;Unclassified;Unclassified	vOTU_00000037	10423	661	11083	false	13	13	0	5	Provirus	0.8973	High-confidence	100.00	0.0	High-quality	r__Monodnaviria;k__Loebvirae;p__Hofneiviricota;c__Faserviricetes;o__Tubulavirales;f__Inoviridae;;	geNomad	d__Bacteria;p__Proteobacteria;c__Gammaproteobacteria;o__Burkholderiales;f__Neisseriaceae;g__Neisseria;s__Neisseria meningitidis	Isolate taxonomy	Inoviruses (10.1038/s41564-019-0510-x)
IMGVR_UViG_2541047200_000001	2541047200	2541097418	Host-associated;Human;Unclassified;Unclassified	vOTU_00000037	10423	652	11074	false	13	13	0	5	Provirus	0.8973	High-confidence	100.00	0.0	High-quality	r__Monodnaviria;k__Loebvirae;p__Hofneiviricota;c__Faserviricetes;o__Tubulavirales;f__Inoviridae;;	geNomad	d__Bacteria;p__Proteobacteria;c__Gammaproteobacteria;o__Burkholderiales;f__Neisseriaceae;g__Neisseria;s__Neisseria meningitidis	Isolate taxonomy	Inoviruses (10.1038/s41564-019-0510-x)
IMGVR_UViG_2541047458_000001	2541047458	2541134152	Host-associated;Human;Unclassified;Unclassified	vOTU_00000038	12229	1	12229	false	23	23	0	10	Provirus	0.9133	High-confidence	100.00	0.0	High-quality	r__Duplodnaviria;k__Heunggongvirae;p__Uroviricota;c__Caudoviricetes;;;;	geNomad	d__Bacteria;p__Proteobacteria;c__Gammaproteobacteria;o__Burkholderiales;f__Neisseriaceae;g__Neisseria;s__Neisseria meningitidis	Isolate taxonomy	Inoviruses (10.1038/s41564-019-0510-x)
IMGVR_UViG_2541047462_000001	2541047462	2541134696	Host-associated;Human;Unclassified;Unclassified	vOTU_00000039	8204	0	8204	true	13	13	0	5	Linear	0.9536	High-confidence	99.11	0.0	High-quality	r__Monodnaviria;k__Loebvirae;p__Hofneiviricota;c__Faserviricetes;o__Tubulavirales;f__Inoviridae;;	geNomad	d__Bacteria;p__Proteobacteria;c__Gammaproteobacteria;o__Burkholderiales;f__Neisseriaceae;g__Neisseria;s__Neisseria meningitidis	Isolate taxonomy	Inoviruses (10.1038/s41564-019-0510-x)
IMGVR_UViG_2541047674_000001	2541047674	2541166940	Host-associated;Unclassified;Unclassified;Unclassified	vOTU_00000028	8056	499	8554	false	12	12	0	6	Provirus	0.9453	High-confidence	98.17	0.0	High-quality	r__Monodnaviria;k__Loebvirae;p__Hofneiviricota;c__Faserviricetes;o__Tubulavirales;f__Inoviridae;;	geNomad	d__Bacteria;p__Proteobacteria;c__Gammaproteobacteria;o__Enterobacterales;f__Enterobacteriaceae;g__Salmonella;s__Salmonella enterica	Isolate taxonomy	Inoviruses (10.1038/s41564-019-0510-x)
IMGVR_UViG_2541047825_000001	2541047825	2541174192	Host-associated;Human;Unclassified;Unclassified	vOTU_00000040	7096	0	7096	true	10	10	0	7	Linear	0.9371	High-confidence	83.70	0.0	Genome fragment	r__Monodnaviria;k__Loebvirae;p__Hofneiviricota;c__Faserviricetes;o__Tubulavirales;f__Inoviridae;;	geNomad	d__Bacteria;p__Proteobacteria;c__Gammaproteobacteria;o__Enterobacterales;f__Enterobacteriaceae;g__Escherichia;s__Escherichia coli	Isolate taxonomy	Inoviruses (10.1038/s41564-019-0510-x)
IMGVR_UViG_2541047875_000002	2541047875	2541176266	Host-associated;Human;Unclassified;Unclassified	vOTU_00000028	7061	0	7061	true	10	10	0	5	Linear	0.9404	High-confidence	86.26	0.0	Genome fragment	r__Monodnaviria;k__Loebvirae;p__Hofneiviricota;c__Faserviricetes;o__Tubulavirales;f__Inoviridae;;	geNomad	d__Bacteria;p__Proteobacteria;c__Gammaproteobacteria;o__Enterobacterales;f__Enterobacteriaceae;g__Escherichia;s__Escherichia coli	Isolate taxonomy	Inoviruses (10.1038/s41564-019-0510-x)
IMGVR_UViG_2541047896_000001	2541047896	2541177202	Host-associated;Human;Unclassified;Unclassified	vOTU_00000041	8206	1612	9817	false	10	10	0	3	Provirus	0.5404	High-confidence	75.25	26.58	Genome fragment	r__Monodnaviria;k__Loebvirae;p__Hofneiviricota;c__Faserviricetes;o__Tubulavirales;f__Inoviridae;;	geNomad	d__Bacteria;p__Proteobacteria;c__Gammaproteobacteria;o__Enterobacterales;f__Enterobacteriaceae;g__Escherichia;s__Escherichia coli	Isolate taxonomy	Inoviruses (10.1038/s41564-019-0510-x)
IMGVR_UViG_2545824707_000001	2545824707	2545858402	Host-associated;Human;Digestive system;Large intestine	vOTU_00000027	7322	0	7322	true	13	13	0	4	Linear	0.8651	High-confidence	80.38	0.0	Genome fragment	r__Monodnaviria;k__Loebvirae;p__Hofneiviricota;c__Faserviricetes;o__Tubulavirales;f__Inoviridae;;	geNomad	d__Bacteria;p__Proteobacteria;c__Gammaproteobacteria;o__Enterobacterales;f__Enterobacteriaceae;g__Escherichia;s__Escherichia coli	Isolate taxonomy	Inoviruses (10.1038/s41564-019-0510-x)
IMGVR_UViG_2545824710_000001	2545824710	2545858740	Host-associated;Human;Digestive system;Large intestine	vOTU_00000027	7272	0	7272	true	13	13	0	4	Linear	0.8523	High-confidence	79.83	0.0	Genome fragment	r__Monodnaviria;k__Loebvirae;p__Hofneiviricota;c__Faserviricetes;o__Tubulavirales;f__Inoviridae;;	geNomad	d__Bacteria;p__Proteobacteria;c__Gammaproteobacteria;o__Enterobacterales;f__Enterobacteriaceae;g__Escherichia;s__Escherichia coli	Isolate taxonomy	Inoviruses (10.1038/s41564-019-0510-x)
IMGVR_UViG_2545824711_000001	2545824711	2545859159	Host-associated;Human;Digestive system;Large intestine	vOTU_00000027	7322	0	7322	true	13	13	0	4	Linear	0.8855	High-confidence	80.38	0.0	Genome fragment	r__Monodnaviria;k__Loebvirae;p__Hofneiviricota;c__Faserviricetes;o__Tubulavirales;f__Inoviridae;;	geNomad	d__Bacteria;p__Proteobacteria;c__Gammaproteobacteria;o__Enterobacterales;f__Enterobacteriaceae;g__Escherichia;s__Escherichia coli	Isolate taxonomy	Inoviruses (10.1038/s41564-019-0510-x)
IMGVR_UViG_2547132078_000002	2547132078	2547141776	Environmental;Aquatic;Marine;Oceanic	vOTU_00000042	6667	0	6667	true	10	10	0	5	Linear	0.9181	High-confidence	50.79	27.64	Genome fragment	r__Monodnaviria;k__Loebvirae;p__Hofneiviricota;c__Faserviricetes;o__Tubulavirales;f__Inoviridae;;	NR (doi:10.5281/zenodo.6574914)	d__Bacteria;p__Proteobacteria;c__Gammaproteobacteria;o__Enterobacterales;f__Vibrionaceae;g__Vibrio;s__Vibrio rotiferianus	Isolate taxonomy	Inoviruses (10.1038/s41564-019-0510-x)
IMGVR_UViG_2547132096_000001	2547132096	2547146747	Host-associated;Fish;Unclassified;Unclassified	vOTU_00000043	6779	0	6779	true	9	9	0	7	Linear	0.9418	High-confidence	100.00	0.0	High-quality	r__Monodnaviria;k__Loebvirae;p__Hofneiviricota;c__Faserviricetes;o__Tubulavirales;f__Inoviridae;;	geNomad	d__Bacteria;p__Proteobacteria;c__Gammaproteobacteria;o__Enterobacterales;f__Vibrionaceae;g__Vibrio;s__Vibrio anguillarum	Isolate taxonomy	Inoviruses (10.1038/s41564-019-0510-x)
IMGVR_UViG_2547132097_000001	2547132097	2547146932	Host-associated;Fish;Unclassified;Unclassified	vOTU_00000044	3736	0	3736	true	0	0	0	5	Linear	0.9132	High-confidence	56.70	0.0	Genome fragment	r__Monodnaviria;k__Loebvirae;p__Hofneiviricota;c__Faserviricetes;o__Tubulavirales;f__Inoviridae;;	geNomad	d__Bacteria;p__Proteobacteria;c__Gammaproteobacteria;o__Enterobacterales;f__Vibrionaceae;g__Vibrio;s__Vibrio anguillarum	Isolate taxonomy	Inoviruses (10.1038/s41564-019-0510-x)
IMGVR_UViG_2547132243_000001	2547132243	2547202654	Host-associated;Human;Unclassified;Unclassified	vOTU_00000045	7242	0	7242	true	11	11	0	6	Linear	0.932	High-confidence	99.15	0.0	High-quality	r__Monodnaviria;k__Loebvirae;p__Hofneiviricota;c__Faserviricetes;o__Tubulavirales;f__Inoviridae;;	geNomad	d__Bacteria;p__Proteobacteria;c__Gammaproteobacteria;o__Burkholderiales;f__Neisseriaceae;g__Neisseria;s__Neisseria meningitidis	Isolate taxonomy	Inoviruses (10.1038/s41564-019-0510-x)
IMGVR_UViG_2547132244_000001	2547132244	2547202915	Host-associated;Human;Unclassified;Unclassified	vOTU_00000045	7242	0	7242	true	11	11	0	6	Linear	0.932	High-confidence	99.15	0.0	High-quality	r__Monodnaviria;k__Loebvirae;p__Hofneiviricota;c__Faserviricetes;o__Tubulavirales;f__Inoviridae;;	geNomad	d__Bacteria;p__Proteobacteria;c__Gammaproteobacteria;o__Burkholderiales;f__Neisseriaceae;g__Neisseria;s__Neisseria meningitidis	Isolate taxonomy	Inoviruses (10.1038/s41564-019-0510-x)
IMGVR_UViG_2547132268_000001	2547132268	2547209034	Host-associated;Invertebrates;Cnidaria;Coral	vOTU_00000046	7466	1	7466	false	9	9	0	2	Provirus	0.0376	High-confidence	75.79	0.0	Genome fragment	r__Duplodnaviria;k__Heunggongvirae;p__Uroviricota;c__Caudoviricetes;;;;	NR (doi:10.5281/zenodo.6574914)	d__Bacteria;p__Proteobacteria;c__Gammaproteobacteria;o__Enterobacterales;f__Vibrionaceae;g__Vibrio;s__Vibrio coralliilyticus	Isolate taxonomy	Inoviruses (10.1038/s41564-019-0510-x)
IMGVR_UViG_2547132293_000001	2547132293	2547218147	Host-associated;Mammals: Human;Respiratory system;Pharynx/Throat	vOTU_00000047	4976	0	4976	true	8	8	0	3	Linear	0.9458	High-confidence	68.05	0.0	Genome fragment	r__Monodnaviria;k__Loebvirae;p__Hofneiviricota;c__Faserviricetes;o__Tubulavirales;f__Inoviridae;;	geNomad	d__Bacteria;p__Proteobacteria;c__Gammaproteobacteria;o__Burkholderiales;f__Neisseriaceae;g__Neisseria;s__Neisseria lactamica_A	Isolate taxonomy	Inoviruses (10.1038/s41564-019-0510-x)
IMGVR_UViG_2547132308_000001	2547132308	2547222298	Host-associated;Mammals: Human;Unclassified;Unclassified	vOTU_00000048	4823	0	4823	true	8	8	0	4	Linear	0.9482	High-confidence	75.12	0.0	Genome fragment	r__Monodnaviria;k__Loebvirae;p__Hofneiviricota;c__Faserviricetes;o__Tubulavirales;;;	geNomad	d__Bacteria;p__Proteobacteria;c__Gammaproteobacteria;o__Pseudomonadales;f__Moraxellaceae;g__Acinetobacter;s__Acinetobacter sp000369645	Isolate taxonomy	Inoviruses (10.1038/s41564-019-0510-x)
IMGVR_UViG_2547132309_000003	2547132309	2547222514	Host-associated;Mammals: Human;Visual system;Conjunctiva	vOTU_00000049	7444	712	8155	false	13	13	0	10	Provirus	0.9605	High-confidence	100.00	0.0	High-quality	r__Monodnaviria;k__Loebvirae;p__Hofneiviricota;c__Faserviricetes;o__Tubulavirales;f__Inoviridae;;	geNomad	d__Bacteria;p__Proteobacteria;c__Gammaproteobacteria;o__Pseudomonadales;f__Moraxellaceae;g__Acinetobacter;s__Acinetobacter baumannii	Isolate taxonomy	Inoviruses (10.1038/s41564-019-0510-x)
IMGVR_UViG_2548876668_000001	2548876668	2548919151	Host-associated;Plants;Unclassified;Unclassified	vOTU_00000050	7431	0	7431	true	12	12	0	7	Linear	0.9206	High-confidence	100.00	0.0	High-quality	r__Monodnaviria;k__Loebvirae;p__Hofneiviricota;c__Faserviricetes;o__Tubulavirales;f__Inoviridae;;	NR (doi:10.5281/zenodo.6574914)	d__Bacteria;p__Proteobacteria;c__Gammaproteobacteria;o__Xanthomonadales;f__Xanthomonadaceae;g__Xanthomonas;s__Xanthomonas vasicola	Isolate taxonomy	Inoviruses (10.1038/s41564-019-0510-x)
IMGVR_UViG_2548876669_000001	2548876669	2548920387	Host-associated;Plants;Unclassified;Unclassified	vOTU_00000051	6555	0	6555	true	10	10	0	6	Linear	0.9566	High-confidence	89.94	0.0	Genome fragment	r__Monodnaviria;k__Loebvirae;p__Hofneiviricota;c__Faserviricetes;o__Tubulavirales;f__Inoviridae;;	NR (doi:10.5281/zenodo.6574914)	d__Bacteria;p__Proteobacteria;c__Gammaproteobacteria;o__Xanthomonadales;f__Xanthomonadaceae;g__Xanthomonas;s__Xanthomonas vasicola	Isolate taxonomy	Inoviruses (10.1038/s41564-019-0510-x)
IMGVR_UViG_2548876671_000001	2548876671	2548921258	Host-associated;Human;Circulatory system;Blood	vOTU_00000029	5433	0	5433	true	8	8	0	4	Linear	0.9598	High-confidence	59.60	0.0	Genome fragment	r__Monodnaviria;k__Loebvirae;p__Hofneiviricota;c__Faserviricetes;o__Tubulavirales;f__Inoviridae;;	geNomad	d__Bacteria;p__Proteobacteria;c__Gammaproteobacteria;o__Enterobacterales;f__Enterobacteriaceae;g__Yersinia;s__Yersinia pestis	Isolate taxonomy	Inoviruses (10.1038/s41564-019-0510-x)
IMGVR_UViG_2548876672_000001	2548876672	2548921546	Host-associated;Mammals;Unclassified;Unclassified	vOTU_00000029	6914	1	6914	false	9	9	0	4	Provirus	0.9647	High-confidence	75.86	0.0	Genome fragment	r__Monodnaviria;k__Loebvirae;p__Hofneiviricota;c__Faserviricetes;o__Tubulavirales;f__Inoviridae;;	geNomad	d__Bacteria;p__Proteobacteria;c__Gammaproteobacteria;o__Enterobacterales;f__Enterobacteriaceae;g__Yersinia;s__Yersinia pestis	Isolate taxonomy	Inoviruses (10.1038/s41564-019-0510-x)
IMGVR_UViG_2548876673_000001	2548876673	2548921754	Host-associated;Human;Circulatory system;Blood	vOTU_00000029	5432	0	5432	true	8	8	0	4	Linear	0.9529	High-confidence	59.59	0.0	Genome fragment	r__Monodnaviria;k__Loebvirae;p__Hofneiviricota;c__Faserviricetes;o__Tubulavirales;f__Inoviridae;;	geNomad	d__Bacteria;p__Proteobacteria;c__Gammaproteobacteria;o__Enterobacterales;f__Enterobacteriaceae;g__Yersinia;s__Yersinia pestis	Isolate taxonomy	Inoviruses (10.1038/s41564-019-0510-x)
IMGVR_UViG_2548876674_000001	2548876674	2548921992	Host-associated;Human;Unclassified;Unclassified	vOTU_00000029	5430	0	5430	true	8	8	0	4	Linear	0.9575	High-confidence	59.57	0.0	Genome fragment	r__Monodnaviria;k__Loebvirae;p__Hofneiviricota;c__Faserviricetes;o__Tubulavirales;f__Inoviridae;;	geNomad	d__Bacteria;p__Proteobacteria;c__Gammaproteobacteria;o__Enterobacterales;f__Enterobacteriaceae;g__Yersinia;s__Yersinia pestis	Isolate taxonomy	Inoviruses (10.1038/s41564-019-0510-x)
IMGVR_UViG_2548876675_000001	2548876675	2548922215	Host-associated;Human;Circulatory system;Blood	vOTU_00000029	5431	0	5431	true	8	8	0	4	Linear	0.9594	High-confidence	59.58	0.0	Genome fragment	r__Monodnaviria;k__Loebvirae;p__Hofneiviricota;c__Faserviricetes;o__Tubulavirales;f__Inoviridae;;	geNomad	d__Bacteria;p__Proteobacteria;c__Gammaproteobacteria;o__Enterobacterales;f__Enterobacteriaceae;g__Yersinia;s__Yersinia pestis	Isolate taxonomy	Inoviruses (10.1038/s41564-019-0510-x)
IMGVR_UViG_2548876676_000001	2548876676	2548922483	Host-associated;Mammals;Unclassified;Unclassified	vOTU_00000029	5431	0	5431	true	8	8	0	4	Linear	0.9594	High-confidence	59.58	0.0	Genome fragment	r__Monodnaviria;k__Loebvirae;p__Hofneiviricota;c__Faserviricetes;o__Tubulavirales;f__Inoviridae;;	geNomad	d__Bacteria;p__Proteobacteria;c__Gammaproteobacteria;o__Enterobacterales;f__Enterobacteriaceae;g__Yersinia;s__Yersinia pestis	Isolate taxonomy	Inoviruses (10.1038/s41564-019-0510-x)
IMGVR_UViG_2548876677_000001	2548876677	2548922724	Host-associated;Human;Unclassified;Unclassified	vOTU_00000029	5432	0	5432	true	8	8	0	4	Linear	0.9529	High-confidence	59.59	0.0	Genome fragment	r__Monodnaviria;k__Loebvirae;p__Hofneiviricota;c__Faserviricetes;o__Tubulavirales;f__Inoviridae;;	geNomad	d__Bacteria;p__Proteobacteria;c__Gammaproteobacteria;o__Enterobacterales;f__Enterobacteriaceae;g__Yersinia;s__Yersinia pestis	Isolate taxonomy	Inoviruses (10.1038/s41564-019-0510-x)
IMGVR_UViG_2548876678_000001	2548876678	2548923016	Host-associated;Mammals;Unclassified;Unclassified	vOTU_00000029	5431	0	5431	true	8	8	0	4	Linear	0.9594	High-confidence	59.58	0.0	Genome fragment	r__Monodnaviria;k__Loebvirae;p__Hofneiviricota;c__Faserviricetes;o__Tubulavirales;f__Inoviridae;;	geNomad	d__Bacteria;p__Proteobacteria;c__Gammaproteobacteria;o__Enterobacterales;f__Enterobacteriaceae;g__Yersinia;s__Yersinia pestis	Isolate taxonomy	Inoviruses (10.1038/s41564-019-0510-x)
IMGVR_UViG_2548876679_000001	2548876679	2548923254	Host-associated;Mammals;Unclassified;Unclassified	vOTU_00000029	5431	0	5431	true	8	8	0	4	Linear	0.9534	High-confidence	59.58	0.0	Genome fragment	r__Monodnaviria;k__Loebvirae;p__Hofneiviricota;c__Faserviricetes;o__Tubulavirales;f__Inoviridae;;	geNomad	d__Bacteria;p__Proteobacteria;c__Gammaproteobacteria;o__Enterobacterales;f__Enterobacteriaceae;g__Yersinia;s__Yersinia pestis	Isolate taxonomy	Inoviruses (10.1038/s41564-019-0510-x)
IMGVR_UViG_2548876710_000001	2548876710	2548937468	Host-associated;Human;Unclassified;Unclassified	vOTU_00000052	8038	0	8038	true	10	10	0	4	Linear	0.8723	High-confidence	94.93	0.0	High-quality	r__Monodnaviria;k__Loebvirae;p__Hofneiviricota;c__Faserviricetes;o__Tubulavirales;f__Inoviridae;;	geNomad	d__Bacteria;p__Proteobacteria;c__Gammaproteobacteria;o__Burkholderiales;f__Neisseriaceae;g__Neisseria;s__Neisseria meningitidis	Isolate taxonomy	Inoviruses (10.1038/s41564-019-0510-x)
IMGVR_UViG_2548876714_000001	2548876714	2548938173	Environmental;Terrestrial;Soil;Unclassified	vOTU_00000053	7444	0	7444	true	10	10	0	8	Linear	0.9768	High-confidence	100.00	0.0	High-quality	r__Monodnaviria;k__Loebvirae;p__Hofneiviricota;c__Faserviricetes;o__Tubulavirales;f__Inoviridae;;	geNomad	d__Bacteria;p__Proteobacteria;c__Gammaproteobacteria;o__Pseudomonadales;f__Pseudomonadaceae;g__Pseudomonas_E;s__Pseudomonas_E monteilii	Isolate taxonomy	Inoviruses (10.1038/s41564-019-0510-x)
IMGVR_UViG_2548876790_000001	2548876790	2548966042	Host-associated;Plants;Unclassified;Unclassified	vOTU_00000054	8913	1	8913	false	17	17	0	7	Provirus	0.8604	High-confidence	100.00	0.0	High-quality	r__Monodnaviria;k__Loebvirae;p__Hofneiviricota;c__Faserviricetes;o__Tubulavirales;f__Inoviridae;;	geNomad	d__Bacteria;p__Proteobacteria;c__Gammaproteobacteria;o__Xanthomonadales;f__Xanthomonadaceae;g__Xanthomonas_A;s__Xanthomonas_A sacchari_B	Isolate taxonomy	Inoviruses (10.1038/s41564-019-0510-x)
IMGVR_UViG_2548876847_000001	2548876847	2548981003	Host-associated;Human;Unclassified;Unclassified	vOTU_00000029	6915	1	6915	false	9	9	0	4	Provirus	0.9637	High-confidence	75.88	0.0	Genome fragment	r__Monodnaviria;k__Loebvirae;p__Hofneiviricota;c__Faserviricetes;o__Tubulavirales;f__Inoviridae;;	geNomad	d__Bacteria;p__Proteobacteria;c__Gammaproteobacteria;o__Enterobacterales;f__Enterobacteriaceae;g__Salmonella;s__Salmonella enterica	Isolate taxonomy	Inoviruses (10.1038/s41564-019-0510-x)
IMGVR_UViG_2548877059_000001	2548877059	2549044241	Host-associated;Plants;Unclassified;Unclassified	vOTU_00000055	5496	0	5496	true	7	7	0	8	Linear	0.967	High-confidence	87.24	0.0	Genome fragment	r__Monodnaviria;k__Loebvirae;p__Hofneiviricota;c__Faserviricetes;o__Tubulavirales;f__Inoviridae;;	geNomad	d__Bacteria;p__Proteobacteria;c__Gammaproteobacteria;o__Xanthomonadales;f__Xanthomonadaceae;g__Xanthomonas;s__Xanthomonas phaseoli	Isolate taxonomy	Inoviruses (10.1038/s41564-019-0510-x)
IMGVR_UViG_2548877060_000001	2548877060	2549044815	Host-associated;Plants;Unclassified;Unclassified	vOTU_00000055	5439	606	6044	false	8	8	0	8	Provirus	0.973	High-confidence	86.33	0.0	Genome fragment	r__Monodnaviria;k__Loebvirae;p__Hofneiviricota;c__Faserviricetes;o__Tubulavirales;f__Inoviridae;;	geNomad	d__Bacteria;p__Proteobacteria;c__Gammaproteobacteria;o__Xanthomonadales;f__Xanthomonadaceae;g__Xanthomonas;s__Xanthomonas phaseoli	Isolate taxonomy	Inoviruses (10.1038/s41564-019-0510-x)
IMGVR_UViG_2548877060_000002	2548877060	2549044828	Host-associated;Plants;Unclassified;Unclassified	vOTU_00000056	6864	0	6864	true	13	13	0	10	Linear	0.9631	High-confidence	100.00	0.0	High-quality	r__Monodnaviria;k__Loebvirae;p__Hofneiviricota;c__Faserviricetes;o__Tubulavirales;f__Inoviridae;;	geNomad	d__Bacteria;p__Proteobacteria;c__Gammaproteobacteria;o__Xanthomonadales;f__Xanthomonadaceae;g__Xanthomonas;s__Xanthomonas phaseoli	Isolate taxonomy	Inoviruses (10.1038/s41564-019-0510-x)
IMGVR_UViG_2548877078_000001	2548877078	2549049073	Host-associated;Plants;Unclassified;Unclassified	vOTU_00000055	5498	0	5498	true	7	7	0	8	Linear	0.9675	High-confidence	87.27	0.0	Genome fragment	r__Monodnaviria;k__Loebvirae;p__Hofneiviricota;c__Faserviricetes;o__Tubulavirales;f__Inoviridae;;	geNomad	d__Bacteria;p__Proteobacteria;c__Gammaproteobacteria;o__Xanthomonadales;f__Xanthomonadaceae;g__Xanthomonas;s__Xanthomonas phaseoli	Isolate taxonomy	Inoviruses (10.1038/s41564-019-0510-x)
IMGVR_UViG_2548877079_000001	2548877079	2549049275	Host-associated;Plants;Unclassified;Unclassified	vOTU_00000055	7705	0	7705	true	10	10	0	10	Linear	0.9453	High-confidence	100.00	0.0	High-quality	r__Monodnaviria;k__Loebvirae;p__Hofneiviricota;c__Faserviricetes;o__Tubulavirales;f__Inoviridae;;	geNomad	d__Bacteria;p__Proteobacteria;c__Gammaproteobacteria;o__Xanthomonadales;f__Xanthomonadaceae;g__Xanthomonas;s__Xanthomonas phaseoli	Isolate taxonomy	Inoviruses (10.1038/s41564-019-0510-x)
IMGVR_UViG_2548877083_000001	2548877083	2549050254	Host-associated;Plants;Unclassified;Unclassified	vOTU_00000055	4752	0	4752	true	7	7	0	8	Linear	0.9715	High-confidence	75.46	0.0	Genome fragment	r__Monodnaviria;k__Loebvirae;p__Hofneiviricota;c__Faserviricetes;o__Tubulavirales;f__Inoviridae;;	geNomad	d__Bacteria;p__Proteobacteria;c__Gammaproteobacteria;o__Xanthomonadales;f__Xanthomonadaceae;g__Xanthomonas;s__Xanthomonas phaseoli	Isolate taxonomy	Inoviruses (10.1038/s41564-019-0510-x)
IMGVR_UViG_2548877084_000001	2548877084	2549050632	Host-associated;Plants;Unclassified;Unclassified	vOTU_00000055	4910	0	4910	true	7	7	0	8	Linear	0.9686	High-confidence	77.97	0.0	Genome fragment	r__Monodnaviria;k__Loebvirae;p__Hofneiviricota;c__Faserviricetes;o__Tubulavirales;f__Inoviridae;;	geNomad	d__Bacteria;p__Proteobacteria;c__Gammaproteobacteria;o__Xanthomonadales;f__Xanthomonadaceae;g__Xanthomonas;s__Xanthomonas phaseoli	Isolate taxonomy	Inoviruses (10.1038/s41564-019-0510-x)
IMGVR_UViG_2548877089_000001	2548877089	2549051990	Host-associated;Plants;Unclassified;Unclassified	vOTU_00000055	6644	0	6644	true	8	8	0	10	Linear	0.9651	High-confidence	100.00	0.0	High-quality	r__Monodnaviria;k__Loebvirae;p__Hofneiviricota;c__Faserviricetes;o__Tubulavirales;f__Inoviridae;;	geNomad	d__Bacteria;p__Proteobacteria;c__Gammaproteobacteria;o__Xanthomonadales;f__Xanthomonadaceae;g__Xanthomonas;s__Xanthomonas phaseoli	Isolate taxonomy	Inoviruses (10.1038/s41564-019-0510-x)
IMGVR_UViG_2551306000_000001	2551306000	2551306101	Host-associated;Plants;Unclassified;Unclassified	vOTU_00000057	7664	0	7664	true	10	10	0	7	Linear	0.9447	High-confidence	100.00	0.0	High-quality	r__Monodnaviria;k__Loebvirae;p__Hofneiviricota;c__Faserviricetes;o__Tubulavirales;f__Inoviridae;;	geNomad	d__Bacteria;p__Proteobacteria;c__Gammaproteobacteria;o__Xanthomonadales;f__Xanthomonadaceae;g__Xanthomonas;s__Xanthomonas phaseoli	Isolate taxonomy	Inoviruses (10.1038/s41564-019-0510-x)
IMGVR_UViG_2551306004_000001	2551306004	2551306987	Host-associated;Plants;Unclassified;Unclassified	vOTU_00000055	7785	0	7785	true	9	9	0	10	Linear	0.9591	High-confidence	100.00	0.0	High-quality	r__Monodnaviria;k__Loebvirae;p__Hofneiviricota;c__Faserviricetes;o__Tubulavirales;f__Inoviridae;;	geNomad	d__Bacteria;p__Proteobacteria;c__Gammaproteobacteria;o__Xanthomonadales;f__Xanthomonadaceae;g__Xanthomonas;s__Xanthomonas phaseoli	Isolate taxonomy	Inoviruses (10.1038/s41564-019-0510-x)
IMGVR_UViG_2551306006_000001	2551306006	2551307459	Host-associated;Plants;Unclassified;Unclassified	vOTU_00000055	5564	0	5564	true	7	7	0	8	Linear	0.9667	High-confidence	88.32	0.0	Genome fragment	r__Monodnaviria;k__Loebvirae;p__Hofneiviricota;c__Faserviricetes;o__Tubulavirales;f__Inoviridae;;	geNomad	d__Bacteria;p__Proteobacteria;c__Gammaproteobacteria;o__Xanthomonadales;f__Xanthomonadaceae;g__Xanthomonas;s__Xanthomonas phaseoli	Isolate taxonomy	Inoviruses (10.1038/s41564-019-0510-x)
IMGVR_UViG_2551306008_000001	2551306008	2551307726	Host-associated;Plants;Unclassified;Unclassified	vOTU_00000055	6635	0	6635	true	8	8	0	10	Linear	0.9671	High-confidence	100.00	0.0	High-quality	r__Monodnaviria;k__Loebvirae;p__Hofneiviricota;c__Faserviricetes;o__Tubulavirales;f__Inoviridae;;	geNomad	d__Bacteria;p__Proteobacteria;c__Gammaproteobacteria;o__Xanthomonadales;f__Xanthomonadaceae;g__Xanthomonas;s__Xanthomonas phaseoli	Isolate taxonomy	Inoviruses (10.1038/s41564-019-0510-x)
IMGVR_UViG_2551306010_000001	2551306010	2551308765	Host-associated;Plants;Unclassified;Unclassified	vOTU_00000055	6731	0	6731	true	8	8	0	10	Linear	0.9694	High-confidence	100.00	0.0	High-quality	r__Monodnaviria;k__Loebvirae;p__Hofneiviricota;c__Faserviricetes;o__Tubulavirales;f__Inoviridae;;	geNomad	d__Bacteria;p__Proteobacteria;c__Gammaproteobacteria;o__Xanthomonadales;f__Xanthomonadaceae;g__Xanthomonas;s__Xanthomonas phaseoli	Isolate taxonomy	Inoviruses (10.1038/s41564-019-0510-x)
IMGVR_UViG_2551306012_000001	2551306012	2551309156	Host-associated;Plants;Unclassified;Unclassified	vOTU_00000055	7784	0	7784	true	9	9	0	10	Linear	0.9544	High-confidence	100.00	0.0	High-quality	r__Monodnaviria;k__Loebvirae;p__Hofneiviricota;c__Faserviricetes;o__Tubulavirales;f__Inoviridae;;	geNomad	d__Bacteria;p__Proteobacteria;c__Gammaproteobacteria;o__Xanthomonadales;f__Xanthomonadaceae;g__Xanthomonas;s__Xanthomonas phaseoli	Isolate taxonomy	Inoviruses (10.1038/s41564-019-0510-x)
IMGVR_UViG_2551306014_000001	2551306014	2551309329	Host-associated;Plants;Unclassified;Unclassified	vOTU_00000057	6589	0	6589	true	9	9	0	7	Linear	0.9454	High-confidence	100.00	0.0	High-quality	r__Monodnaviria;k__Loebvirae;p__Hofneiviricota;c__Faserviricetes;o__Tubulavirales;f__Inoviridae;;	geNomad	d__Bacteria;p__Proteobacteria;c__Gammaproteobacteria;o__Xanthomonadales;f__Xanthomonadaceae;g__Xanthomonas;s__Xanthomonas phaseoli	Isolate taxonomy	Inoviruses (10.1038/s41564-019-0510-x)
IMGVR_UViG_2551306022_000001	2551306022	2551311712	Host-associated;Plants;Unclassified;Unclassified	vOTU_00000055	6589	0	6589	true	8	8	0	10	Linear	0.9672	High-confidence	100.00	0.0	High-quality	r__Monodnaviria;k__Loebvirae;p__Hofneiviricota;c__Faserviricetes;o__Tubulavirales;f__Inoviridae;;	geNomad	d__Bacteria;p__Proteobacteria;c__Gammaproteobacteria;o__Xanthomonadales;f__Xanthomonadaceae;g__Xanthomonas;s__Xanthomonas phaseoli	Isolate taxonomy	Inoviruses (10.1038/s41564-019-0510-x)
IMGVR_UViG_2551306027_000001	2551306027	2551315745	Host-associated;Plants;Unclassified;Unclassified	vOTU_00000055	6708	0	6708	true	8	8	0	10	Linear	0.9675	High-confidence	100.00	0.0	High-quality	r__Monodnaviria;k__Loebvirae;p__Hofneiviricota;c__Faserviricetes;o__Tubulavirales;f__Inoviridae;;	geNomad	d__Bacteria;p__Proteobacteria;c__Gammaproteobacteria;o__Xanthomonadales;f__Xanthomonadaceae;g__Xanthomonas;s__Xanthomonas phaseoli	Isolate taxonomy	Inoviruses (10.1038/s41564-019-0510-x)
IMGVR_UViG_2551306030_000002	2551306030	2551316279	Host-associated;Plants;Unclassified;Unclassified	vOTU_00000058	5935	0	5935	true	8	8	0	8	Linear	0.9503	High-confidence	91.61	0.0	High-quality	r__Monodnaviria;k__Loebvirae;p__Hofneiviricota;c__Faserviricetes;o__Tubulavirales;f__Inoviridae;;	geNomad	d__Bacteria;p__Proteobacteria;c__Gammaproteobacteria;o__Xanthomonadales;f__Xanthomonadaceae;g__Xanthomonas;s__Xanthomonas phaseoli	Isolate taxonomy	Inoviruses (10.1038/s41564-019-0510-x)
IMGVR_UViG_2551306031_000001	2551306031	2551316367	Host-associated;Plants;Unclassified;Unclassified	vOTU_00000055	6726	0	6726	true	8	8	0	10	Linear	0.9701	High-confidence	100.00	0.0	High-quality	r__Monodnaviria;k__Loebvirae;p__Hofneiviricota;c__Faserviricetes;o__Tubulavirales;f__Inoviridae;;	geNomad	d__Bacteria;p__Proteobacteria;c__Gammaproteobacteria;o__Xanthomonadales;f__Xanthomonadaceae;g__Xanthomonas;s__Xanthomonas phaseoli	Isolate taxonomy	Inoviruses (10.1038/s41564-019-0510-x)
IMGVR_UViG_2551306150_000001	2551306150	2551350320	Host-associated;Mammals: Human;Respiratory system;Sputum/Phlegm	vOTU_00000035	7105	0	7105	true	8	8	0	6	Linear	0.9472	High-confidence	100.00	0.0	High-quality	r__Monodnaviria;k__Loebvirae;p__Hofneiviricota;c__Faserviricetes;o__Tubulavirales;f__Inoviridae;;	geNomad	d__Bacteria;p__Proteobacteria;c__Gammaproteobacteria;o__Pseudomonadales;f__Pseudomonadaceae;g__Pseudomonas;s__Pseudomonas aeruginosa	Isolate taxonomy	Inoviruses (10.1038/s41564-019-0510-x)
IMGVR_UViG_2551306268_000001	2551306268	2551369762	Host-associated;Human;Circulatory system;Blood	vOTU_00000059	5732	0	5732	true	7	7	0	4	Linear	0.9581	High-confidence	81.05	0.0	Genome fragment	r__Monodnaviria;k__Loebvirae;p__Hofneiviricota;c__Faserviricetes;o__Tubulavirales;f__Inoviridae;;	geNomad	d__Bacteria;p__Proteobacteria;c__Gammaproteobacteria;o__Pseudomonadales;f__Moraxellaceae;g__Acinetobacter;s__Acinetobacter baumannii	Isolate taxonomy	Inoviruses (10.1038/s41564-019-0510-x)
IMGVR_UViG_2551306296_000001	2551306296	2551373898	;;;	vOTU_00000060	6660	0	6660	true	9	9	0	7	Linear	0.9803	High-confidence	94.88	0.0	High-quality	r__Monodnaviria;k__Loebvirae;p__Hofneiviricota;c__Faserviricetes;o__Tubulavirales;f__Inoviridae;;	geNomad	d__Bacteria;p__Proteobacteria;c__Gammaproteobacteria;o__Pseudomonadales;f__Moraxellaceae;g__Acinetobacter;s__Acinetobacter baumannii	Isolate taxonomy	Inoviruses (10.1038/s41564-019-0510-x)
IMGVR_UViG_2551306315_000001	2551306315	2551377873	Host-associated;Unclassified;Unclassified;Unclassified	vOTU_00000061	4564	0	4564	true	9	9	0	5	Linear	0.9001	High-confidence	74.94	0.0	Genome fragment	r__Monodnaviria;k__Loebvirae;p__Hofneiviricota;c__Faserviricetes;o__Tubulavirales;;;	geNomad	d__Bacteria;p__Proteobacteria;c__Gammaproteobacteria;o__Pseudomonadales;f__Moraxellaceae;g__Acinetobacter;s__Acinetobacter baumannii	Isolate taxonomy	Inoviruses (10.1038/s41564-019-0510-x)
IMGVR_UViG_2551306319_000001	2551306319	2551378208	Environmental;Aquatic;Marine;Unclassified	vOTU_00000062	8941	0	8941	true	14	14	0	9	Linear	0.959	High-confidence	100.00	0.0	High-quality	r__Monodnaviria;k__Loebvirae;p__Hofneiviricota;c__Faserviricetes;o__Tubulavirales;;;	vOTU consensus	d__Bacteria;p__Proteobacteria;c__Gammaproteobacteria;o__Enterobacterales;f__Vibrionaceae;g__Vibrio;s__Vibrio cholerae	Isolate taxonomy	Inoviruses (10.1038/s41564-019-0510-x)
IMGVR_UViG_2551306347_000001	2551306347	2551381994	Host-associated;Human;Digestive system;Small intestine	vOTU_00000063	5623	0	5623	true	8	8	0	3	Linear	0.8286	High-confidence	82.09	0.0	Genome fragment	r__Monodnaviria;k__Loebvirae;p__Hofneiviricota;c__Faserviricetes;o__Tubulavirales;f__Inoviridae;;	geNomad	d__Bacteria;p__Proteobacteria;c__Gammaproteobacteria;o__Pseudomonadales;f__Moraxellaceae;g__Acinetobacter;s__Acinetobacter johnsonii	Isolate taxonomy	Inoviruses (10.1038/s41564-019-0510-x)
IMGVR_UViG_2551306362_000001	2551306362	2551384722	Host-associated;Unclassified;Unclassified;Unclassified	vOTU_00000064	6744	0	6744	true	9	9	0	6	Linear	0.9784	High-confidence	95.26	0.0	High-quality	r__Monodnaviria;k__Loebvirae;p__Hofneiviricota;c__Faserviricetes;o__Tubulavirales;f__Inoviridae;;	geNomad	d__Bacteria;p__Proteobacteria;c__Gammaproteobacteria;o__Pseudomonadales;f__Moraxellaceae;g__Acinetobacter;s__Acinetobacter pittii	Isolate taxonomy	Inoviruses (10.1038/s41564-019-0510-x)
IMGVR_UViG_2551306406_000001	2551306406	2551391351	Host-associated;Plants;Unclassified;Unclassified	vOTU_00000065	6491	121	6611	false	11	11	0	8	Provirus	0.9664	High-confidence	98.25	0.0	High-quality	r__Monodnaviria;k__Loebvirae;p__Hofneiviricota;c__Faserviricetes;o__Tubulavirales;f__Inoviridae;;	geNomad	d__Bacteria;p__Proteobacteria;c__Gammaproteobacteria;o__Enterobacterales;f__Vibrionaceae;g__Vibrio;s__Vibrio alginolyticus	Isolate taxonomy	Inoviruses (10.1038/s41564-019-0510-x)
IMGVR_UViG_2551306417_000002	2551306417	2551399737	Host-associated;Fish;Unclassified;Unclassified	vOTU_00000066	6498	0	6498	true	9	9	0	5	Linear	0.7295	High-confidence	93.76	0.0	High-quality	r__Monodnaviria;k__Loebvirae;p__Hofneiviricota;c__Faserviricetes;o__Tubulavirales;f__Inoviridae;;	geNomad	d__Bacteria;p__Proteobacteria;c__Gammaproteobacteria;o__Enterobacterales;f__Aeromonadaceae;g__Aeromonas;s__Aeromonas hydrophila	Isolate taxonomy	Inoviruses (10.1038/s41564-019-0510-x)
IMGVR_UViG_2551306542_000001	2551306542	2551430849	;;;	vOTU_00000067	7761	0	7761	true	9	9	0	2	Linear	0.6474	High-confidence	93.73	0.0	High-quality	r__Monodnaviria;k__Loebvirae;p__Hofneiviricota;c__Faserviricetes;o__Tubulavirales;;;	geNomad	d__Bacteria;p__Proteobacteria;c__Gammaproteobacteria;o__Burkholderiales;f__Burkholderiaceae;g__Herbaspirillum;s__Herbaspirillum rubrisubalbicans	Isolate taxonomy	Inoviruses (10.1038/s41564-019-0510-x)
IMGVR_UViG_2551306646_000001	2551306646	2551463810	Host-associated;Fish;Unclassified;Unclassified	vOTU_00000068	4312	501	4812	false	7	7	0	6	Provirus	0.9687	High-confidence	48.39	0.0	Genome fragment	r__Monodnaviria;k__Loebvirae;p__Hofneiviricota;c__Faserviricetes;o__Tubulavirales;f__Inoviridae;;	geNomad	d__Bacteria;p__Proteobacteria;c__Gammaproteobacteria;o__Enterobacterales;f__Vibrionaceae;g__Vibrio;s__Vibrio harveyi	Isolate taxonomy	Inoviruses (10.1038/s41564-019-0510-x)
IMGVR_UViG_2554235060_000001	2554235060	2554252349	Host-associated;Human;Respiratory system;Sputum	vOTU_00000021	4874	434	5307	false	10	10	0	6	Provirus	0.9689	High-confidence	75.40	0.0	Genome fragment	r__Monodnaviria;k__Loebvirae;p__Hofneiviricota;c__Faserviricetes;o__Tubulavirales;;;	geNomad	d__Bacteria;p__Proteobacteria;c__Gammaproteobacteria;o__Pseudomonadales;f__Moraxellaceae;g__Acinetobacter;s__Acinetobacter baumannii	Isolate taxonomy	Inoviruses (10.1038/s41564-019-0510-x)
IMGVR_UViG_2554235060_000002	2554235060	2554252369	Host-associated;Human;Respiratory system;Sputum	vOTU_00000069	6347	0	6347	true	9	9	0	4	Linear	0.9366	High-confidence	96.56	0.0	High-quality	r__Monodnaviria;k__Loebvirae;p__Hofneiviricota;c__Faserviricetes;o__Tubulavirales;f__Inoviridae;;	geNomad	d__Bacteria;p__Proteobacteria;c__Gammaproteobacteria;o__Pseudomonadales;f__Moraxellaceae;g__Acinetobacter;s__Acinetobacter baumannii	Isolate taxonomy	Inoviruses (10.1038/s41564-019-0510-x)
IMGVR_UViG_2554235060_000003	2554235060	2554252394	Host-associated;Human;Respiratory system;Sputum	vOTU_00000025	4714	0	4714	true	7	7	0	3	Linear	0.9594	High-confidence	76.00	0.0	Genome fragment	r__Monodnaviria;k__Loebvirae;p__Hofneiviricota;c__Faserviricetes;o__Tubulavirales;f__Inoviridae;;	geNomad	d__Bacteria;p__Proteobacteria;c__Gammaproteobacteria;o__Pseudomonadales;f__Moraxellaceae;g__Acinetobacter;s__Acinetobacter baumannii	Isolate taxonomy	Inoviruses (10.1038/s41564-019-0510-x)
IMGVR_UViG_2554235080_000001	2554235080	2554253889	Host-associated;Human;Respiratory system;Sputum	vOTU_00000021	4600	0	4600	true	9	9	0	5	Linear	0.9756	High-confidence	71.18	0.0	Genome fragment	r__Monodnaviria;k__Loebvirae;p__Hofneiviricota;c__Faserviricetes;o__Tubulavirales;;;	geNomad	d__Bacteria;p__Proteobacteria;c__Gammaproteobacteria;o__Pseudomonadales;f__Moraxellaceae;g__Acinetobacter;s__Acinetobacter baumannii	Isolate taxonomy	Inoviruses (10.1038/s41564-019-0510-x)
IMGVR_UViG_2556921007_000001	2556921007	2556921416	Engineered;Wastewater;Unclassified;Unclassified	vOTU_00000071	11509	3091	14599	false	13	13	0	2	Provirus	0.5957	High-confidence	52.76	0.0	Genome fragment	r__Duplodnaviria;k__Heunggongvirae;p__Uroviricota;c__Caudoviricetes;;;;	geNomad	d__Bacteria;p__Proteobacteria;c__Gammaproteobacteria;o__Burkholderiales;f__Aquaspirillaceae;g__Microvirgula;s__Microvirgula aerodenitrificans	Isolate taxonomy	Inoviruses (10.1038/s41564-019-0510-x)
IMGVR_UViG_2556921087_000001	2556921087	2556931950	Engineered;Bioreactor;Continuous culture;Marine sediment inoculum	vOTU_00000072	6523	0	6523	true	9	9	0	2	Linear	0.669	High-confidence	100.00	0.0	High-quality	r__Monodnaviria;k__Loebvirae;p__Hofneiviricota;c__Faserviricetes;o__Tubulavirales;f__Inoviridae;;	geNomad	d__Bacteria;p__Planctomycetota;c__Phycisphaerae;o__Phycisphaerales;f__UBA1924;;	CRISPR spacer match	Inoviruses (10.1038/s41564-019-0510-x)
IMGVR_UViG_2558860367_000001	2558860367	2558885814	Host-associated;Mammals: Human;Integumentary system;Skin	vOTU_00000073	11320	1318	12637	false	14	14	0	11	Provirus	0.9296	High-confidence	100.00	0.0	High-quality	r__Monodnaviria;k__Loebvirae;p__Hofneiviricota;c__Faserviricetes;o__Tubulavirales;f__Inoviridae;;	geNomad	d__Bacteria;p__Proteobacteria;c__Gammaproteobacteria;o__Pseudomonadales;f__Pseudomonadaceae;g__Pseudomonas;s__Pseudomonas aeruginosa	Isolate taxonomy	Inoviruses (10.1038/s41564-019-0510-x)
IMGVR_UViG_2561511195_000001	2561511195	2561541656	Environmental;Terrestrial;Soil;Unclassified	vOTU_00000074	11331	0	11331	true	23	23	0	7	Linear	0.0127	High-confidence	96.70	0.0	High-quality	r__Monodnaviria;k__Loebvirae;p__Hofneiviricota;c__Faserviricetes;o__Tubulavirales;;;	vOTU consensus	d__Bacteria;p__Firmicutes;c__Bacilli;o__Bacillales;f__Bacillaceae_G;g__Bacillus_A;s__Bacillus_A thuringiensis	Isolate taxonomy	Inoviruses (10.1038/s41564-019-0510-x)
IMGVR_UViG_2562617040_000002	2562617040	2562619353	;;;	vOTU_00000075	9102	640	9741	false	12	12	0	2	Provirus	0.7087	High-confidence	100.00	0.0	High-quality	;;;;;;;		d__Bacteria;p__Proteobacteria;c__Gammaproteobacteria;o__Enterobacterales;f__Enterobacteriaceae;g__Morganella;s__Morganella morganii	Isolate taxonomy	Inoviruses (10.1038/s41564-019-0510-x)
IMGVR_UViG_2562617174_000001	2562617174	2562631496	Host-associated;Mammals: Human;Integumentary system;Skin	vOTU_00000076	3105	0	3105	true	8	8	0	4	Linear	0.9246	High-confidence	48.03	0.0	Genome fragment	r__Monodnaviria;k__Loebvirae;p__Hofneiviricota;c__Faserviricetes;o__Tubulavirales;f__Inoviridae;;	NR (doi:10.5281/zenodo.6574914)	d__Bacteria;p__Proteobacteria;c__Gammaproteobacteria;o__Pseudomonadales;f__Moraxellaceae;g__Acinetobacter;s__Acinetobacter baumannii	Isolate taxonomy	Inoviruses (10.1038/s41564-019-0510-x)
IMGVR_UViG_2563367033_000001	2563367033	2563402710	Host-associated;Plants;Unclassified;Unclassified	vOTU_00000077	6939	0	6939	true	8	8	0	5	Linear	0.7165	High-confidence	100.00	0.0	High-quality	r__Monodnaviria;k__Loebvirae;p__Hofneiviricota;c__Faserviricetes;o__Tubulavirales;f__Inoviridae;;	geNomad	d__Bacteria;p__Proteobacteria;c__Gammaproteobacteria;o__Pseudomonadales;f__Pseudomonadaceae;g__Pseudomonas_E;s__Pseudomonas_E avellanae	Isolate taxonomy	Inoviruses (10.1038/s41564-019-0510-x)
IMGVR_UViG_2563367037_000001	2563367037	2563408187	Host-associated;Plants;Unclassified;Unclassified	vOTU_00000078	7057	556	7612	false	10	10	0	7	Provirus	0.9321	High-confidence	97.08	0.0	High-quality	r__Monodnaviria;k__Loebvirae;p__Hofneiviricota;c__Faserviricetes;o__Tubulavirales;f__Inoviridae;;	geNomad	d__Bacteria;p__Proteobacteria;c__Gammaproteobacteria;o__Pseudomonadales;f__Pseudomonadaceae;g__Pseudomonas_E;s__Pseudomonas_E avellanae	Isolate taxonomy	Inoviruses (10.1038/s41564-019-0510-x)
IMGVR_UViG_2563367043_000001	2563367043	2563414951	Host-associated;Plants;Unclassified;Unclassified	vOTU_00000078	7057	539	7595	false	10	10	0	7	Provirus	0.9321	High-confidence	97.08	0.0	High-quality	r__Monodnaviria;k__Loebvirae;p__Hofneiviricota;c__Faserviricetes;o__Tubulavirales;f__Inoviridae;;	geNomad	d__Bacteria;p__Proteobacteria;c__Gammaproteobacteria;o__Pseudomonadales;f__Pseudomonadaceae;g__Pseudomonas_E;s__Pseudomonas_E avellanae	Isolate taxonomy	Inoviruses (10.1038/s41564-019-0510-x)
IMGVR_UViG_2563367052_000001	2563367052	2563418244	Host-associated;Plants;Unclassified;Unclassified	vOTU_00000077	6934	0	6934	true	7	7	0	5	Linear	0.7347	High-confidence	100.00	0.0	High-quality	r__Monodnaviria;k__Loebvirae;p__Hofneiviricota;c__Faserviricetes;o__Tubulavirales;f__Inoviridae;;	geNomad	d__Bacteria;p__Proteobacteria;c__Gammaproteobacteria;o__Pseudomonadales;f__Pseudomonadaceae;g__Pseudomonas_E;s__Pseudomonas_E avellanae	Isolate taxonomy	Inoviruses (10.1038/s41564-019-0510-x)
IMGVR_UViG_2563367193_000001	2563367193	2563437290	Host-associated;Human;Unclassified;Unclassified	vOTU_00000079	6949	977	7925	false	9	9	0	5	Provirus	0.7443	High-confidence	73.56	0.0	Genome fragment	r__Monodnaviria;k__Loebvirae;p__Hofneiviricota;c__Faserviricetes;o__Tubulavirales;f__Inoviridae;;	geNomad	d__Bacteria;p__Proteobacteria;c__Gammaproteobacteria;o__Enterobacterales;f__Vibrionaceae;g__Vibrio;s__Vibrio parahaemolyticus	Isolate taxonomy	Inoviruses (10.1038/s41564-019-0510-x)
IMGVR_UViG_2563367194_000001	2563367194	2563437552	;;;	vOTU_00000080	6533	586	7118	false	8	8	0	5	Provirus	0.7912	High-confidence	70.01	0.0	Genome fragment	r__Monodnaviria;k__Loebvirae;p__Hofneiviricota;c__Faserviricetes;o__Tubulavirales;f__Inoviridae;;	geNomad	d__Bacteria;p__Proteobacteria;c__Gammaproteobacteria;o__Enterobacterales;f__Vibrionaceae;g__Vibrio;s__Vibrio parahaemolyticus	Isolate taxonomy	Inoviruses (10.1038/s41564-019-0510-x)
IMGVR_UViG_2563367197_000001	2563367197	2563438510	;;;	vOTU_00000080	9212	0	9212	true	11	11	0	6	Linear	0.7986	High-confidence	98.88	0.0	High-quality	r__Monodnaviria;k__Loebvirae;p__Hofneiviricota;c__Faserviricetes;o__Tubulavirales;f__Inoviridae;;	geNomad	d__Bacteria;p__Proteobacteria;c__Gammaproteobacteria;o__Enterobacterales;f__Vibrionaceae;g__Vibrio;s__Vibrio parahaemolyticus	Isolate taxonomy	Inoviruses (10.1038/s41564-019-0510-x)
IMGVR_UViG_2563367204_000001	2563367204	2563441453	;;;	vOTU_00000081	8766	0	8766	true	12	12	0	10	Linear	0.9552	High-confidence	81.13	0.0	Genome fragment	r__Monodnaviria;k__Loebvirae;p__Hofneiviricota;c__Faserviricetes;o__Tubulavirales;f__Inoviridae;;	geNomad	d__Bacteria;p__Proteobacteria;c__Gammaproteobacteria;o__Enterobacterales;f__Vibrionaceae;g__Vibrio;s__Vibrio parahaemolyticus	Isolate taxonomy	Inoviruses (10.1038/s41564-019-0510-x)
IMGVR_UViG_2565956648_000002	2565956648	2565983203	;;;	vOTU_00000082	5955	0	5955	true	8	8	0	3	Linear	0.7161	High-confidence	92.96	0.0	High-quality	r__Monodnaviria;k__Loebvirae;p__Hofneiviricota;c__Faserviricetes;o__Tubulavirales;;;	geNomad	d__Bacteria;p__Proteobacteria;c__Gammaproteobacteria;o__Pseudomonadales;f__Moraxellaceae;g__Acinetobacter;s__Acinetobacter colistiniresistens	Isolate taxonomy	Inoviruses (10.1038/s41564-019-0510-x)
IMGVR_UViG_2565956652_000001	2565956652	2565983295	;;;	vOTU_00000083	5119	0	5119	true	7	7	0	3	Linear	0.6284	High-confidence	64.92	0.0	Genome fragment	r__Monodnaviria;k__Loebvirae;p__Hofneiviricota;c__Faserviricetes;o__Tubulavirales;;;	geNomad	d__Bacteria;p__Proteobacteria;c__Gammaproteobacteria;o__Pseudomonadales;f__Moraxellaceae;g__Acinetobacter;s__Acinetobacter sp000369525	Isolate taxonomy	Inoviruses (10.1038/s41564-019-0510-x)
IMGVR_UViG_2565956730_000001	2565956730	2565986943	Host-associated;Human;Unclassified;Unclassified	vOTU_00000028	7030	0	7030	true	10	10	0	5	Linear	0.9575	High-confidence	85.88	0.0	Genome fragment	r__Monodnaviria;k__Loebvirae;p__Hofneiviricota;c__Faserviricetes;o__Tubulavirales;f__Inoviridae;;	geNomad	d__Bacteria;p__Proteobacteria;c__Gammaproteobacteria;o__Enterobacterales;f__Enterobacteriaceae;g__Escherichia;s__Escherichia coli	Isolate taxonomy	Inoviruses (10.1038/s41564-019-0510-x)
IMGVR_UViG_2565956871_000001	2565956871	2566009369	;;;	vOTU_00000084	5803	540	6342	false	8	8	0	5	Provirus	0.9522	High-confidence	81.42	0.0	Genome fragment	r__Monodnaviria;k__Loebvirae;p__Hofneiviricota;c__Faserviricetes;o__Tubulavirales;f__Inoviridae;;	geNomad	d__Bacteria;p__Proteobacteria;c__Gammaproteobacteria;o__Pseudomonadales;f__Moraxellaceae;g__Acinetobacter;s__Acinetobacter baumannii	Isolate taxonomy	Inoviruses (10.1038/s41564-019-0510-x)
IMGVR_UViG_2565956876_000002	2565956876	2566010157	;;;	vOTU_00000085	7535	1	7535	false	9	9	0	3	Provirus	0.878	High-confidence	100.00	0.0	High-quality	r__Monodnaviria;k__Loebvirae;p__Hofneiviricota;c__Faserviricetes;o__Tubulavirales;f__Inoviridae;;	NR (doi:10.5281/zenodo.6574914)	d__Bacteria;p__Proteobacteria;c__Gammaproteobacteria;o__Pseudomonadales;f__Moraxellaceae;g__Acinetobacter;s__Acinetobacter baumannii	Isolate taxonomy	Inoviruses (10.1038/s41564-019-0510-x)
IMGVR_UViG_2565956889_000001	2565956889	2566011793	;;;	vOTU_00000084	7125	0	7125	true	9	9	0	5	Linear	0.9549	High-confidence	100.00	0.0	High-quality	r__Monodnaviria;k__Loebvirae;p__Hofneiviricota;c__Faserviricetes;o__Tubulavirales;f__Inoviridae;;	geNomad	d__Bacteria;p__Proteobacteria;c__Gammaproteobacteria;o__Pseudomonadales;f__Moraxellaceae;g__Acinetobacter;s__Acinetobacter baumannii	Isolate taxonomy	Inoviruses (10.1038/s41564-019-0510-x)
IMGVR_UViG_2565956905_000002	2565956905	2566013846	;;;	vOTU_00000086	5329	0	5329	true	9	9	0	4	Linear	0.9288	High-confidence	83.23	0.0	Genome fragment	r__Monodnaviria;k__Loebvirae;p__Hofneiviricota;c__Faserviricetes;o__Tubulavirales;f__Inoviridae;;	geNomad	d__Bacteria;p__Proteobacteria;c__Gammaproteobacteria;o__Pseudomonadales;f__Moraxellaceae;g__Acinetobacter;s__Acinetobacter radioresistens	Isolate taxonomy	Inoviruses (10.1038/s41564-019-0510-x)
IMGVR_UViG_2565956909_000001	2565956909	2566014311	;;;	vOTU_00000084	6211	0	6211	true	9	9	0	4	Linear	0.9366	High-confidence	87.11	0.0	Genome fragment	r__Monodnaviria;k__Loebvirae;p__Hofneiviricota;c__Faserviricetes;o__Tubulavirales;f__Inoviridae;;	NR (doi:10.5281/zenodo.6574914)	d__Bacteria;p__Proteobacteria;c__Gammaproteobacteria;o__Pseudomonadales;f__Moraxellaceae;g__Acinetobacter;s__Acinetobacter baumannii	Isolate taxonomy	Inoviruses (10.1038/s41564-019-0510-x)
IMGVR_UViG_2565956933_000001	2565956933	2566017308	;;;	vOTU_00000084	6911	0	6911	true	9	9	0	5	Linear	0.961	High-confidence	97.04	0.0	High-quality	r__Monodnaviria;k__Loebvirae;p__Hofneiviricota;c__Faserviricetes;o__Tubulavirales;f__Inoviridae;;	geNomad	d__Bacteria;p__Proteobacteria;c__Gammaproteobacteria;o__Pseudomonadales;f__Moraxellaceae;g__Acinetobacter;s__Acinetobacter baumannii	Isolate taxonomy	Inoviruses (10.1038/s41564-019-0510-x)
IMGVR_UViG_2565956938_000001	2565956938	2566018306	;;;	vOTU_00000084	5757	0	5757	true	8	8	0	4	Linear	0.923	High-confidence	80.73	0.0	Genome fragment	r__Monodnaviria;k__Loebvirae;p__Hofneiviricota;c__Faserviricetes;o__Tubulavirales;f__Inoviridae;;	NR (doi:10.5281/zenodo.6574914)	d__Bacteria;p__Proteobacteria;c__Gammaproteobacteria;o__Pseudomonadales;f__Moraxellaceae;g__Acinetobacter;s__Acinetobacter baumannii	Isolate taxonomy	Inoviruses (10.1038/s41564-019-0510-x)
IMGVR_UViG_2565956939_000001	2565956939	2566018407	;;;	vOTU_00000084	5565	0	5565	true	8	8	0	4	Linear	0.9298	High-confidence	78.12	0.0	Genome fragment	r__Monodnaviria;k__Loebvirae;p__Hofneiviricota;c__Faserviricetes;o__Tubulavirales;f__Inoviridae;;	NR (doi:10.5281/zenodo.6574914)	d__Bacteria;p__Proteobacteria;c__Gammaproteobacteria;o__Pseudomonadales;f__Moraxellaceae;g__Acinetobacter;s__Acinetobacter baumannii	Isolate taxonomy	Inoviruses (10.1038/s41564-019-0510-x)
IMGVR_UViG_2565956945_000002	2565956945	2566019132	;;;	vOTU_00000087	5770	0	5770	true	8	8	0	4	Linear	0.9518	High-confidence	88.56	0.0	Genome fragment	r__Monodnaviria;k__Loebvirae;p__Hofneiviricota;c__Faserviricetes;o__Tubulavirales;;;	geNomad	d__Bacteria;p__Proteobacteria;c__Gammaproteobacteria;o__Pseudomonadales;f__Moraxellaceae;g__Acinetobacter;s__Acinetobacter baumannii	Isolate taxonomy	Inoviruses (10.1038/s41564-019-0510-x)
IMGVR_UViG_2565956962_000001	2565956962	2566021536	;;;	vOTU_00000084	6333	0	6333	true	9	9	0	5	Linear	0.9312	High-confidence	88.81	0.0	Genome fragment	r__Monodnaviria;k__Loebvirae;p__Hofneiviricota;c__Faserviricetes;o__Tubulavirales;f__Inoviridae;;	geNomad	d__Bacteria;p__Proteobacteria;c__Gammaproteobacteria;o__Pseudomonadales;f__Moraxellaceae;g__Acinetobacter;s__Acinetobacter baumannii	Isolate taxonomy	Inoviruses (10.1038/s41564-019-0510-x)
IMGVR_UViG_2565956983_000001	2565956983	2566024457	;;;	vOTU_00000084	6864	0	6864	true	9	9	0	5	Linear	0.9653	High-confidence	95.92	0.0	High-quality	r__Monodnaviria;k__Loebvirae;p__Hofneiviricota;c__Faserviricetes;o__Tubulavirales;f__Inoviridae;;	geNomad	d__Bacteria;p__Proteobacteria;c__Gammaproteobacteria;o__Pseudomonadales;f__Moraxellaceae;g__Acinetobacter;s__Acinetobacter baumannii	Isolate taxonomy	Inoviruses (10.1038/s41564-019-0510-x)
IMGVR_UViG_2565956992_000001	2565956992	2566025392	;;;	vOTU_00000084	7091	0	7091	true	9	9	0	5	Linear	0.9661	High-confidence	99.52	0.0	High-quality	r__Monodnaviria;k__Loebvirae;p__Hofneiviricota;c__Faserviricetes;o__Tubulavirales;f__Inoviridae;;	geNomad	d__Bacteria;p__Proteobacteria;c__Gammaproteobacteria;o__Pseudomonadales;f__Moraxellaceae;g__Acinetobacter;s__Acinetobacter baumannii	Isolate taxonomy	Inoviruses (10.1038/s41564-019-0510-x)
IMGVR_UViG_2565957006_000001	2565957006	2566027433	;;;	vOTU_00000084	6956	0	6956	true	9	9	0	5	Linear	0.9661	High-confidence	97.62	0.0	High-quality	r__Monodnaviria;k__Loebvirae;p__Hofneiviricota;c__Faserviricetes;o__Tubulavirales;f__Inoviridae;;	geNomad	d__Bacteria;p__Proteobacteria;c__Gammaproteobacteria;o__Pseudomonadales;f__Moraxellaceae;g__Acinetobacter;s__Acinetobacter baumannii	Isolate taxonomy	Inoviruses (10.1038/s41564-019-0510-x)
IMGVR_UViG_2565957032_000001	2565957032	2566030852	;;;	vOTU_00000084	6919	0	6919	true	9	9	0	5	Linear	0.926	High-confidence	96.69	0.0	High-quality	r__Monodnaviria;k__Loebvirae;p__Hofneiviricota;c__Faserviricetes;o__Tubulavirales;f__Inoviridae;;	geNomad	d__Bacteria;p__Proteobacteria;c__Gammaproteobacteria;o__Pseudomonadales;f__Moraxellaceae;g__Acinetobacter;s__Acinetobacter baumannii	Isolate taxonomy	Inoviruses (10.1038/s41564-019-0510-x)
IMGVR_UViG_2565957033_000001	2565957033	2566030985	;;;	vOTU_00000084	6919	0	6919	true	9	9	0	5	Linear	0.926	High-confidence	96.69	0.0	High-quality	r__Monodnaviria;k__Loebvirae;p__Hofneiviricota;c__Faserviricetes;o__Tubulavirales;f__Inoviridae;;	geNomad	d__Bacteria;p__Proteobacteria;c__Gammaproteobacteria;o__Pseudomonadales;f__Moraxellaceae;g__Acinetobacter;s__Acinetobacter baumannii	Isolate taxonomy	Inoviruses (10.1038/s41564-019-0510-x)
IMGVR_UViG_2565957034_000001	2565957034	2566031105	;;;	vOTU_00000084	6919	0	6919	true	9	9	0	5	Linear	0.926	High-confidence	96.69	0.0	High-quality	r__Monodnaviria;k__Loebvirae;p__Hofneiviricota;c__Faserviricetes;o__Tubulavirales;f__Inoviridae;;	geNomad	d__Bacteria;p__Proteobacteria;c__Gammaproteobacteria;o__Pseudomonadales;f__Moraxellaceae;g__Acinetobacter;s__Acinetobacter baumannii	Isolate taxonomy	Inoviruses (10.1038/s41564-019-0510-x)
IMGVR_UViG_2565957035_000001	2565957035	2566031222	;;;	vOTU_00000084	6919	0	6919	true	9	9	0	5	Linear	0.926	High-confidence	96.69	0.0	High-quality	r__Monodnaviria;k__Loebvirae;p__Hofneiviricota;c__Faserviricetes;o__Tubulavirales;f__Inoviridae;;	geNomad	d__Bacteria;p__Proteobacteria;c__Gammaproteobacteria;o__Pseudomonadales;f__Moraxellaceae;g__Acinetobacter;s__Acinetobacter baumannii	Isolate taxonomy	Inoviruses (10.1038/s41564-019-0510-x)
IMGVR_UViG_2565957036_000001	2565957036	2566031372	;;;	vOTU_00000084	6919	0	6919	true	9	9	0	5	Linear	0.926	High-confidence	96.69	0.0	High-quality	r__Monodnaviria;k__Loebvirae;p__Hofneiviricota;c__Faserviricetes;o__Tubulavirales;f__Inoviridae;;	geNomad	d__Bacteria;p__Proteobacteria;c__Gammaproteobacteria;o__Pseudomonadales;f__Moraxellaceae;g__Acinetobacter;s__Acinetobacter baumannii	Isolate taxonomy	Inoviruses (10.1038/s41564-019-0510-x)
IMGVR_UViG_2565957037_000001	2565957037	2566031508	;;;	vOTU_00000084	5326	0	5326	true	7	7	0	3	Linear	0.9424	High-confidence	74.78	0.0	Genome fragment	r__Monodnaviria;k__Loebvirae;p__Hofneiviricota;c__Faserviricetes;o__Tubulavirales;f__Inoviridae;;	NR (doi:10.5281/zenodo.6574914)	d__Bacteria;p__Proteobacteria;c__Gammaproteobacteria;o__Pseudomonadales;f__Moraxellaceae;g__Acinetobacter;s__Acinetobacter baumannii	Isolate taxonomy	Inoviruses (10.1038/s41564-019-0510-x)
IMGVR_UViG_2565957040_000001	2565957040	2566031921	;;;	vOTU_00000084	6660	466	7125	false	9	9	0	5	Provirus	0.948	High-confidence	93.44	0.0	High-quality	r__Monodnaviria;k__Loebvirae;p__Hofneiviricota;c__Faserviricetes;o__Tubulavirales;f__Inoviridae;;	geNomad	d__Bacteria;p__Proteobacteria;c__Gammaproteobacteria;o__Pseudomonadales;f__Moraxellaceae;g__Acinetobacter;s__Acinetobacter baumannii	Isolate taxonomy	Inoviruses (10.1038/s41564-019-0510-x)
IMGVR_UViG_2565957044_000001	2565957044	2566032543	;;;	vOTU_00000084	6788	440	7227	false	9	9	0	5	Provirus	0.9665	High-confidence	95.28	0.0	High-quality	r__Monodnaviria;k__Loebvirae;p__Hofneiviricota;c__Faserviricetes;o__Tubulavirales;f__Inoviridae;;	geNomad	d__Bacteria;p__Proteobacteria;c__Gammaproteobacteria;o__Pseudomonadales;f__Moraxellaceae;g__Acinetobacter;s__Acinetobacter baumannii	Isolate taxonomy	Inoviruses (10.1038/s41564-019-0510-x)
IMGVR_UViG_2565957047_000001	2565957047	2566033088	;;;	vOTU_00000084	5814	0	5814	true	8	8	0	4	Linear	0.9456	High-confidence	81.52	0.0	Genome fragment	r__Monodnaviria;k__Loebvirae;p__Hofneiviricota;c__Faserviricetes;o__Tubulavirales;f__Inoviridae;;	NR (doi:10.5281/zenodo.6574914)	d__Bacteria;p__Proteobacteria;c__Gammaproteobacteria;o__Pseudomonadales;f__Moraxellaceae;g__Acinetobacter;s__Acinetobacter baumannii	Isolate taxonomy	Inoviruses (10.1038/s41564-019-0510-x)
IMGVR_UViG_2565957048_000001	2565957048	2566033227	;;;	vOTU_00000084	6715	0	6715	true	9	9	0	5	Linear	0.9261	High-confidence	93.50	0.0	High-quality	r__Monodnaviria;k__Loebvirae;p__Hofneiviricota;c__Faserviricetes;o__Tubulavirales;f__Inoviridae;;	geNomad	d__Bacteria;p__Proteobacteria;c__Gammaproteobacteria;o__Pseudomonadales;f__Moraxellaceae;g__Acinetobacter;s__Acinetobacter baumannii	Isolate taxonomy	Inoviruses (10.1038/s41564-019-0510-x)
IMGVR_UViG_2565957049_000001	2565957049	2566033363	;;;	vOTU_00000084	7845	244	8088	false	10	10	0	6	Provirus	0.952	High-confidence	100.00	0.0	High-quality	r__Monodnaviria;k__Loebvirae;p__Hofneiviricota;c__Faserviricetes;o__Tubulavirales;f__Inoviridae;;	geNomad	d__Bacteria;p__Proteobacteria;c__Gammaproteobacteria;o__Pseudomonadales;f__Moraxellaceae;g__Acinetobacter;s__Acinetobacter baumannii	Isolate taxonomy	Inoviruses (10.1038/s41564-019-0510-x)
IMGVR_UViG_2565957051_000001	2565957051	2566033735	;;;	vOTU_00000084	6545	0	6545	true	9	9	0	5	Linear	0.9631	High-confidence	91.88	0.0	High-quality	r__Monodnaviria;k__Loebvirae;p__Hofneiviricota;c__Faserviricetes;o__Tubulavirales;f__Inoviridae;;	geNomad	d__Bacteria;p__Proteobacteria;c__Gammaproteobacteria;o__Pseudomonadales;f__Moraxellaceae;g__Acinetobacter;s__Acinetobacter baumannii	Isolate taxonomy	Inoviruses (10.1038/s41564-019-0510-x)
IMGVR_UViG_2565957053_000001	2565957053	2566033998	;;;	vOTU_00000084	6919	0	6919	true	9	9	0	5	Linear	0.926	High-confidence	96.69	0.0	High-quality	r__Monodnaviria;k__Loebvirae;p__Hofneiviricota;c__Faserviricetes;o__Tubulavirales;f__Inoviridae;;	geNomad	d__Bacteria;p__Proteobacteria;c__Gammaproteobacteria;o__Pseudomonadales;f__Moraxellaceae;g__Acinetobacter;s__Acinetobacter baumannii	Isolate taxonomy	Inoviruses (10.1038/s41564-019-0510-x)
IMGVR_UViG_2565957054_000001	2565957054	2566034133	;;;	vOTU_00000084	7011	0	7011	true	8	8	0	5	Linear	0.9569	High-confidence	98.44	0.0	High-quality	r__Monodnaviria;k__Loebvirae;p__Hofneiviricota;c__Faserviricetes;o__Tubulavirales;f__Inoviridae;;	geNomad	d__Bacteria;p__Proteobacteria;c__Gammaproteobacteria;o__Pseudomonadales;f__Moraxellaceae;g__Acinetobacter;s__Acinetobacter baumannii	Isolate taxonomy	Inoviruses (10.1038/s41564-019-0510-x)
IMGVR_UViG_2565957057_000001	2565957057	2566034494	;;;	vOTU_00000084	7068	0	7068	true	8	8	0	5	Linear	0.9476	High-confidence	99.23	0.0	High-quality	r__Monodnaviria;k__Loebvirae;p__Hofneiviricota;c__Faserviricetes;o__Tubulavirales;f__Inoviridae;;	geNomad	d__Bacteria;p__Proteobacteria;c__Gammaproteobacteria;o__Pseudomonadales;f__Moraxellaceae;g__Acinetobacter;s__Acinetobacter baumannii	Isolate taxonomy	Inoviruses (10.1038/s41564-019-0510-x)
IMGVR_UViG_2565957058_000001	2565957058	2566034597	;;;	vOTU_00000084	7164	0	7164	true	10	10	0	5	Linear	0.9547	High-confidence	100.00	0.0	High-quality	r__Monodnaviria;k__Loebvirae;p__Hofneiviricota;c__Faserviricetes;o__Tubulavirales;f__Inoviridae;;	geNomad	d__Bacteria;p__Proteobacteria;c__Gammaproteobacteria;o__Pseudomonadales;f__Moraxellaceae;g__Acinetobacter;s__Acinetobacter baumannii	Isolate taxonomy	Inoviruses (10.1038/s41564-019-0510-x)
IMGVR_UViG_2565957061_000001	2565957061	2566035179	;;;	vOTU_00000084	6919	0	6919	true	9	9	0	5	Linear	0.926	High-confidence	96.69	0.0	High-quality	r__Monodnaviria;k__Loebvirae;p__Hofneiviricota;c__Faserviricetes;o__Tubulavirales;f__Inoviridae;;	geNomad	d__Bacteria;p__Proteobacteria;c__Gammaproteobacteria;o__Pseudomonadales;f__Moraxellaceae;g__Acinetobacter;s__Acinetobacter baumannii	Isolate taxonomy	Inoviruses (10.1038/s41564-019-0510-x)
IMGVR_UViG_2565957082_000001	2565957082	2566037885	;;;	vOTU_00000084	6864	0	6864	true	9	9	0	5	Linear	0.9653	High-confidence	95.92	0.0	High-quality	r__Monodnaviria;k__Loebvirae;p__Hofneiviricota;c__Faserviricetes;o__Tubulavirales;f__Inoviridae;;	geNomad	d__Bacteria;p__Proteobacteria;c__Gammaproteobacteria;o__Pseudomonadales;f__Moraxellaceae;g__Acinetobacter;s__Acinetobacter baumannii	Isolate taxonomy	Inoviruses (10.1038/s41564-019-0510-x)
IMGVR_UViG_2565957113_000001	2565957113	2566043188	;;;	vOTU_00000084	7125	0	7125	true	9	9	0	5	Linear	0.9652	High-confidence	100.00	0.0	High-quality	r__Monodnaviria;k__Loebvirae;p__Hofneiviricota;c__Faserviricetes;o__Tubulavirales;f__Inoviridae;;	geNomad	d__Bacteria;p__Proteobacteria;c__Gammaproteobacteria;o__Pseudomonadales;f__Moraxellaceae;g__Acinetobacter;s__Acinetobacter baumannii	Isolate taxonomy	Inoviruses (10.1038/s41564-019-0510-x)
IMGVR_UViG_2565957114_000001	2565957114	2566043403	;;;	vOTU_00000084	6757	1	6757	false	9	9	0	5	Provirus	0.9655	High-confidence	94.42	0.0	High-quality	r__Monodnaviria;k__Loebvirae;p__Hofneiviricota;c__Faserviricetes;o__Tubulavirales;f__Inoviridae;;	geNomad	d__Bacteria;p__Proteobacteria;c__Gammaproteobacteria;o__Pseudomonadales;f__Moraxellaceae;g__Acinetobacter;s__Acinetobacter baumannii	Isolate taxonomy	Inoviruses (10.1038/s41564-019-0510-x)
IMGVR_UViG_2565957117_000001	2565957117	2566043801	;;;	vOTU_00000084	6757	1	6757	false	9	9	0	5	Provirus	0.9652	High-confidence	94.42	0.0	High-quality	r__Monodnaviria;k__Loebvirae;p__Hofneiviricota;c__Faserviricetes;o__Tubulavirales;f__Inoviridae;;	geNomad	d__Bacteria;p__Proteobacteria;c__Gammaproteobacteria;o__Pseudomonadales;f__Moraxellaceae;g__Acinetobacter;s__Acinetobacter baumannii	Isolate taxonomy	Inoviruses (10.1038/s41564-019-0510-x)
IMGVR_UViG_2565957120_000001	2565957120	2566044167	;;;	vOTU_00000084	6864	0	6864	true	9	9	0	5	Linear	0.9657	High-confidence	95.92	0.0	High-quality	r__Monodnaviria;k__Loebvirae;p__Hofneiviricota;c__Faserviricetes;o__Tubulavirales;f__Inoviridae;;	geNomad	d__Bacteria;p__Proteobacteria;c__Gammaproteobacteria;o__Pseudomonadales;f__Moraxellaceae;g__Acinetobacter;s__Acinetobacter baumannii	Isolate taxonomy	Inoviruses (10.1038/s41564-019-0510-x)
IMGVR_UViG_2565957121_000001	2565957121	2566044328	;;;	vOTU_00000084	6774	1	6774	false	9	9	0	4	Provirus	0.9519	High-confidence	95.04	0.0	High-quality	r__Monodnaviria;k__Loebvirae;p__Hofneiviricota;c__Faserviricetes;o__Tubulavirales;f__Inoviridae;;	NR (doi:10.5281/zenodo.6574914)	d__Bacteria;p__Proteobacteria;c__Gammaproteobacteria;o__Pseudomonadales;f__Moraxellaceae;g__Acinetobacter;s__Acinetobacter baumannii	Isolate taxonomy	Inoviruses (10.1038/s41564-019-0510-x)
IMGVR_UViG_2565957131_000001	2565957131	2566045901	;;;	vOTU_00000084	6919	0	6919	true	9	9	0	5	Linear	0.926	High-confidence	96.69	0.0	High-quality	r__Monodnaviria;k__Loebvirae;p__Hofneiviricota;c__Faserviricetes;o__Tubulavirales;f__Inoviridae;;	geNomad	d__Bacteria;p__Proteobacteria;c__Gammaproteobacteria;o__Pseudomonadales;f__Moraxellaceae;g__Acinetobacter;s__Acinetobacter baumannii	Isolate taxonomy	Inoviruses (10.1038/s41564-019-0510-x)
IMGVR_UViG_2568526092_000001	2568526092	2568546579	Engineered;Solid waste;Landfill;Unclassified	vOTU_00000088	10832	1702	12533	false	16	16	0	7	Provirus	0.1239	High-confidence	100.00	0.0	High-quality	;;;;;;;		d__Bacteria;p__Firmicutes;c__Bacilli;o__Paenibacillales;f__Paenibacillaceae;g__Paenibacillus;s__Paenibacillus sp000499205	Isolate taxonomy	Inoviruses (10.1038/s41564-019-0510-x)
IMGVR_UViG_2568526140_000001	2568526140	2568549528	Host-associated;Mammals;Unclassified;Unclassified	vOTU_00000028	7998	0	7998	true	11	11	0	5	Linear	0.9419	High-confidence	94.53	0.0	High-quality	r__Monodnaviria;k__Loebvirae;p__Hofneiviricota;c__Faserviricetes;o__Tubulavirales;f__Inoviridae;;	geNomad	d__Bacteria;p__Proteobacteria;c__Gammaproteobacteria;o__Enterobacterales;f__Enterobacteriaceae;g__Salmonella;s__Salmonella enterica	Isolate taxonomy	Inoviruses (10.1038/s41564-019-0510-x)
IMGVR_UViG_2568526245_000001	2568526245	2568558723	Environmental;Terrestrial;Unclassified;Unclassified	vOTU_00000089	3517	0	3517	true	7	7	0	5	Linear	0.9765	High-confidence	32.95	0.0	Genome fragment	r__Monodnaviria;k__Loebvirae;p__Hofneiviricota;c__Faserviricetes;o__Tubulavirales;f__Inoviridae;;	NR (doi:10.5281/zenodo.6574914)	d__Bacteria;p__Proteobacteria;c__Gammaproteobacteria;o__Pseudomonadales;f__Pseudomonadaceae;g__Pseudomonas;s__Pseudomonas aeruginosa	Isolate taxonomy	Inoviruses (10.1038/s41564-019-0510-x)
IMGVR_UViG_2568526274_000001	2568526274	2568560589	;;;	vOTU_00000084	5787	0	5787	true	8	8	0	5	Linear	0.9478	High-confidence	81.23	0.0	Genome fragment	r__Monodnaviria;k__Loebvirae;p__Hofneiviricota;c__Faserviricetes;o__Tubulavirales;f__Inoviridae;;	geNomad	d__Bacteria;p__Proteobacteria;c__Gammaproteobacteria;o__Pseudomonadales;f__Moraxellaceae;g__Acinetobacter;s__Acinetobacter baumannii	Isolate taxonomy	Inoviruses (10.1038/s41564-019-0510-x)
IMGVR_UViG_2568526532_000002	2568526532	2568576395	;;;	vOTU_00000090	7591	919	8509	false	13	13	0	8	Provirus	0.9139	High-confidence	100.00	0.0	High-quality	r__Monodnaviria;k__Loebvirae;p__Hofneiviricota;c__Faserviricetes;o__Tubulavirales;f__Inoviridae;;	geNomad	d__Bacteria;p__Proteobacteria;c__Gammaproteobacteria;o__Pseudomonadales;f__Moraxellaceae;g__Acinetobacter;s__Acinetobacter baumannii	Isolate taxonomy	Inoviruses (10.1038/s41564-019-0510-x)
IMGVR_UViG_2571042056_000001	2571042056	2571046955	;;;	vOTU_00000091	5506	0	5506	true	8	8	0	1	Linear	0.0066	High-confidence	69.05	0.0	Genome fragment	r__Monodnaviria;k__Loebvirae;p__Hofneiviricota;c__Faserviricetes;o__Tubulavirales;f__Inoviridae;;	NR (doi:10.5281/zenodo.6574914)	d__Bacteria;p__Proteobacteria;c__Gammaproteobacteria;o__Enterobacterales;f__Enterobacteriaceae;g__Escherichia;s__Escherichia coli	Isolate taxonomy	Inoviruses (10.1038/s41564-019-0510-x)
IMGVR_UViG_2571042193_000001	2571042193	2571057335	;;;	vOTU_00000092	7577	0	7577	true	10	10	0	7	Linear	0.9763	High-confidence	100.00	0.0	High-quality	r__Monodnaviria;k__Loebvirae;p__Hofneiviricota;c__Faserviricetes;o__Tubulavirales;;;	geNomad	d__Bacteria;p__Proteobacteria;c__Gammaproteobacteria;o__Pseudomonadales;f__Moraxellaceae;g__Acinetobacter;s__Acinetobacter baumannii	Isolate taxonomy	Inoviruses (10.1038/s41564-019-0510-x)
IMGVR_UViG_2571042294_000001	2571042294	2571063611	;;;	vOTU_00000084	6299	1	6299	false	9	9	0	5	Provirus	0.9583	High-confidence	88.35	0.0	Genome fragment	r__Monodnaviria;k__Loebvirae;p__Hofneiviricota;c__Faserviricetes;o__Tubulavirales;f__Inoviridae;;	geNomad	d__Bacteria;p__Proteobacteria;c__Gammaproteobacteria;o__Pseudomonadales;f__Moraxellaceae;g__Acinetobacter;s__Acinetobacter baumannii	Isolate taxonomy	Inoviruses (10.1038/s41564-019-0510-x)
IMGVR_UViG_2571042467_000001	2571042467	2571115123	;;;	vOTU_00000093	5206	0	5206	true	8	8	0	6	Linear	0.932	High-confidence	55.75	0.0	Genome fragment	r__Monodnaviria;k__Loebvirae;p__Hofneiviricota;c__Faserviricetes;o__Tubulavirales;f__Inoviridae;;	geNomad	d__Bacteria;p__Proteobacteria;c__Gammaproteobacteria;o__Enterobacterales;f__Vibrionaceae;g__Vibrio;s__Vibrio jasicida	Isolate taxonomy	Inoviruses (10.1038/s41564-019-0510-x)
IMGVR_UViG_2571042467_000002	2571042467	2571115127	;;;	vOTU_00000094	4480	0	4480	true	7	7	0	6	Linear	0.9369	High-confidence	45.48	0.0	Genome fragment	r__Monodnaviria;k__Loebvirae;p__Hofneiviricota;c__Faserviricetes;o__Tubulavirales;f__Inoviridae;;	geNomad	d__Bacteria;p__Proteobacteria;c__Gammaproteobacteria;o__Enterobacterales;f__Vibrionaceae;g__Vibrio;s__Vibrio jasicida	Isolate taxonomy	Inoviruses (10.1038/s41564-019-0510-x)
IMGVR_UViG_2571042616_000002	2571042616	2571132727	;;;	vOTU_00000095	5461	995	6455	false	8	8	0	7	Provirus	0.9709	High-confidence	82.71	0.0	Genome fragment	r__Monodnaviria;k__Loebvirae;p__Hofneiviricota;c__Faserviricetes;o__Tubulavirales;f__Inoviridae;;	geNomad	d__Bacteria;p__Proteobacteria;c__Gammaproteobacteria;o__Enterobacterales;f__Vibrionaceae;g__Vibrio;s__Vibrio parahaemolyticus	Isolate taxonomy	Inoviruses (10.1038/s41564-019-0510-x)
IMGVR_UViG_2571042762_000001	2571042762	2571145641	;;;	vOTU_00000029	8741	0	8741	true	13	13	0	5	Linear	0.9092	High-confidence	95.91	0.0	High-quality	r__Monodnaviria;k__Loebvirae;p__Hofneiviricota;c__Faserviricetes;o__Tubulavirales;f__Inoviridae;;	geNomad	d__Bacteria;p__Proteobacteria;c__Gammaproteobacteria;o__Enterobacterales;f__Enterobacteriaceae;g__Yersinia;s__Yersinia pestis	Isolate taxonomy	Inoviruses (10.1038/s41564-019-0510-x)
IMGVR_UViG_2571042775_000002	2571042775	2571146624	Host-associated;Mammals: Human;Circulatory system;Blood	vOTU_00000096	6860	985	7844	false	11	11	0	9	Provirus	0.9714	High-confidence	99.10	0.0	High-quality	r__Monodnaviria;k__Loebvirae;p__Hofneiviricota;c__Faserviricetes;o__Tubulavirales;f__Inoviridae;;	geNomad	d__Bacteria;p__Proteobacteria;c__Gammaproteobacteria;o__Pseudomonadales;f__Pseudomonadaceae;g__Pseudomonas;s__Pseudomonas aeruginosa	Isolate taxonomy	Inoviruses (10.1038/s41564-019-0510-x)
IMGVR_UViG_2571042811_000001	2571042811	2571150326	;;;	vOTU_00000084	6914	0	6914	true	8	8	0	5	Linear	0.9602	High-confidence	97.09	0.0	High-quality	r__Monodnaviria;k__Loebvirae;p__Hofneiviricota;c__Faserviricetes;o__Tubulavirales;f__Inoviridae;;	geNomad	d__Bacteria;p__Proteobacteria;c__Gammaproteobacteria;o__Pseudomonadales;f__Moraxellaceae;g__Acinetobacter;s__Acinetobacter baumannii	Isolate taxonomy	Inoviruses (10.1038/s41564-019-0510-x)
IMGVR_UViG_2571042860_000001	2571042860	2571153000	;;;	vOTU_00000084	6312	0	6312	true	8	8	0	5	Linear	0.9682	High-confidence	88.61	0.0	Genome fragment	r__Monodnaviria;k__Loebvirae;p__Hofneiviricota;c__Faserviricetes;o__Tubulavirales;f__Inoviridae;;	geNomad	d__Bacteria;p__Proteobacteria;c__Gammaproteobacteria;o__Pseudomonadales;f__Moraxellaceae;g__Acinetobacter;s__Acinetobacter baumannii	Isolate taxonomy	Inoviruses (10.1038/s41564-019-0510-x)
IMGVR_UViG_2574179710_000001	2574179710	2574180104	Host-associated;Plants;Unclassified;Unclassified	vOTU_00000097	7479	1	7479	false	11	11	0	4	Provirus	0.9251	High-confidence	82.12	0.0	Genome fragment	r__Monodnaviria;k__Loebvirae;p__Hofneiviricota;c__Faserviricetes;o__Tubulavirales;f__Inoviridae;;	geNomad	d__Bacteria;p__Proteobacteria;c__Gammaproteobacteria;o__Enterobacterales;f__Enterobacteriaceae;g__Brenneria;s__Brenneria alni	Isolate taxonomy	Inoviruses (10.1038/s41564-019-0510-x)
IMGVR_UViG_2574179841_000001	2574179841	2574190797	;;;	vOTU_00000098	4408	0	4408	true	8	8	0	6	Linear	0.9674	High-confidence	72.39	0.0	Genome fragment	r__Monodnaviria;k__Loebvirae;p__Hofneiviricota;c__Faserviricetes;o__Tubulavirales;;;	geNomad	d__Bacteria;p__Proteobacteria;c__Gammaproteobacteria;o__Pseudomonadales;f__Moraxellaceae;g__Acinetobacter;s__Acinetobacter baumannii	Isolate taxonomy	Inoviruses (10.1038/s41564-019-0510-x)
IMGVR_UViG_2574180290_000001	2574180290	2574231512	;;;	vOTU_00000099	5617	1	5617	false	9	9	0	7	Provirus	0.9674	High-confidence	52.62	0.0	Genome fragment	r__Monodnaviria;k__Loebvirae;p__Hofneiviricota;c__Faserviricetes;o__Tubulavirales;f__Inoviridae;;	geNomad	d__Bacteria;p__Proteobacteria;c__Gammaproteobacteria;o__Pseudomonadales;f__Pseudomonadaceae;g__Pseudomonas;s__Pseudomonas aeruginosa	Isolate taxonomy	Inoviruses (10.1038/s41564-019-0510-x)
IMGVR_UViG_2576861004_000001	2576861004	2576861273	;;;	vOTU_00000084	6054	0	6054	true	9	9	0	5	Linear	0.9276	High-confidence	84.94	0.0	Genome fragment	r__Monodnaviria;k__Loebvirae;p__Hofneiviricota;c__Faserviricetes;o__Tubulavirales;f__Inoviridae;;	geNomad	d__Bacteria;p__Proteobacteria;c__Gammaproteobacteria;o__Pseudomonadales;f__Moraxellaceae;g__Acinetobacter;s__Acinetobacter baumannii	Isolate taxonomy	Inoviruses (10.1038/s41564-019-0510-x)
IMGVR_UViG_2576861357_000001	2576861357	2576884832	;;;	vOTU_00000084	6946	0	6946	true	9	9	0	5	Linear	0.9656	High-confidence	97.50	0.0	High-quality	r__Monodnaviria;k__Loebvirae;p__Hofneiviricota;c__Faserviricetes;o__Tubulavirales;f__Inoviridae;;	geNomad	d__Bacteria;p__Proteobacteria;c__Gammaproteobacteria;o__Pseudomonadales;f__Moraxellaceae;g__Acinetobacter;s__Acinetobacter baumannii	Isolate taxonomy	Inoviruses (10.1038/s41564-019-0510-x)
IMGVR_UViG_2576861478_000001	2576861478	2576889518	;;;	vOTU_00000100	11166	1	11166	false	18	18	0	8	Provirus	0.016	High-confidence	95.29	0.0	High-quality	r__Monodnaviria;k__Loebvirae;p__Hofneiviricota;c__Faserviricetes;o__Tubulavirales;;;	geNomad	d__Bacteria;p__Firmicutes;c__Bacilli;o__Bacillales;f__Bacillaceae_G;g__Bacillus_A;s__Bacillus_A bombysepticus	Isolate taxonomy	Inoviruses (10.1038/s41564-019-0510-x)
IMGVR_UViG_2576861701_000001	2576861701	2576914525	Host-associated;Arthropoda: Insects;Digestive system;Unclassified	vOTU_00000101	7182	0	7182	true	11	11	0	1	Linear	0.1715	High-confidence	NA	0.0	Unsure	r__Monodnaviria;k__Loebvirae;p__Hofneiviricota;c__Faserviricetes;o__Tubulavirales;f__Inoviridae;;	NR (doi:10.5281/zenodo.6574914)	d__Bacteria;p__Firmicutes;c__Bacilli;o__Paenibacillales;f__Paenibacillaceae;g__Paenibacillus;s__Paenibacillus sp001315105	Isolate taxonomy	Inoviruses (10.1038/s41564-019-0510-x)
IMGVR_UViG_2579778579_000001	2579778579	2579787489	Host-associated;Mammals;Unclassified;Unclassified	vOTU_00000028	7998	0	7998	true	11	11	0	5	Linear	0.9419	High-confidence	94.53	0.0	High-quality	r__Monodnaviria;k__Loebvirae;p__Hofneiviricota;c__Faserviricetes;o__Tubulavirales;f__Inoviridae;;	geNomad	d__Bacteria;p__Proteobacteria;c__Gammaproteobacteria;o__Enterobacterales;f__Enterobacteriaceae;g__Salmonella;s__Salmonella enterica	Isolate taxonomy	Inoviruses (10.1038/s41564-019-0510-x)
IMGVR_UViG_2579778592_000001	2579778592	2579788289	;;;	vOTU_00000084	6640	135	6774	false	9	9	0	5	Provirus	0.9566	High-confidence	93.18	0.0	High-quality	r__Monodnaviria;k__Loebvirae;p__Hofneiviricota;c__Faserviricetes;o__Tubulavirales;f__Inoviridae;;	geNomad	d__Bacteria;p__Proteobacteria;c__Gammaproteobacteria;o__Pseudomonadales;f__Moraxellaceae;g__Acinetobacter;s__Acinetobacter baumannii	Isolate taxonomy	Inoviruses (10.1038/s41564-019-0510-x)
IMGVR_UViG_2579778600_000001	2579778600	2579789536	;;;	vOTU_00000102	6440	1	6440	false	9	9	0	4	Provirus	0.8663	High-confidence	80.14	0.0	Genome fragment	r__Monodnaviria;k__Loebvirae;p__Hofneiviricota;c__Faserviricetes;o__Tubulavirales;f__Inoviridae;;	geNomad	d__Bacteria;p__Proteobacteria;c__Gammaproteobacteria;o__Enterobacterales;f__Vibrionaceae;g__Vibrio;s__Vibrio parahaemolyticus	Isolate taxonomy	Inoviruses (10.1038/s41564-019-0510-x)
IMGVR_UViG_2579778600_000002	2579778600	2579788952	;;;	vOTU_00000103	6716	0	6716	true	9	9	0	6	Linear	0.9072	High-confidence	95.79	0.0	High-quality	r__Monodnaviria;k__Loebvirae;p__Hofneiviricota;c__Faserviricetes;o__Tubulavirales;f__Inoviridae;;	geNomad	d__Bacteria;p__Proteobacteria;c__Gammaproteobacteria;o__Enterobacterales;f__Vibrionaceae;g__Vibrio;s__Vibrio parahaemolyticus	Isolate taxonomy	Inoviruses (10.1038/s41564-019-0510-x)
IMGVR_UViG_2579778634_000001	2579778634	2579793809	;;;	vOTU_00000104	5777	246	6022	false	9	9	0	4	Provirus	0.8991	High-confidence	70.12	0.0	Genome fragment	r__Monodnaviria;k__Loebvirae;p__Hofneiviricota;c__Faserviricetes;o__Tubulavirales;;;	geNomad	d__Bacteria;p__Proteobacteria;c__Gammaproteobacteria;o__Enterobacterales;f__Enterobacteriaceae;g__Escherichia;s__Escherichia coli	Isolate taxonomy	Inoviruses (10.1038/s41564-019-0510-x)
IMGVR_UViG_2579778673_000001	2579778673	2579798507	;;;	vOTU_00000084	5742	0	5742	true	8	8	0	5	Linear	0.9431	High-confidence	80.57	0.0	Genome fragment	r__Monodnaviria;k__Loebvirae;p__Hofneiviricota;c__Faserviricetes;o__Tubulavirales;f__Inoviridae;;	geNomad	d__Bacteria;p__Proteobacteria;c__Gammaproteobacteria;o__Pseudomonadales;f__Moraxellaceae;g__Acinetobacter;s__Acinetobacter baumannii	Isolate taxonomy	Inoviruses (10.1038/s41564-019-0510-x)
IMGVR_UViG_2579778703_000002	2579778703	2579804589	Host-associated;Mollusca;Unclassified;Unclassified	vOTU_00000105	6393	0	6393	true	8	8	0	3	Linear	0.874	High-confidence	92.16	0.0	High-quality	r__Monodnaviria;k__Loebvirae;p__Hofneiviricota;c__Faserviricetes;o__Tubulavirales;;;	geNomad	d__Bacteria;p__Proteobacteria;c__Gammaproteobacteria;o__Enterobacterales;f__Vibrionaceae;g__Vibrio;s__Vibrio parahaemolyticus	Isolate taxonomy	Inoviruses (10.1038/s41564-019-0510-x)
IMGVR_UViG_2579778703_000003	2579778703	2579804596	Host-associated;Mollusca;Unclassified;Unclassified	vOTU_00000106	6345	0	6345	true	8	8	0	7	Linear	0.9673	High-confidence	65.49	0.0	Genome fragment	r__Monodnaviria;k__Loebvirae;p__Hofneiviricota;c__Faserviricetes;o__Tubulavirales;f__Inoviridae;;	geNomad	d__Bacteria;p__Proteobacteria;c__Gammaproteobacteria;o__Enterobacterales;f__Vibrionaceae;g__Vibrio;s__Vibrio parahaemolyticus	Isolate taxonomy	Inoviruses (10.1038/s41564-019-0510-x)
IMGVR_UViG_2579778711_000002	2579778711	2579805177	;;;	vOTU_00000107	4777	71	4847	false	8	8	0	7	Provirus	0.97	High-confidence	44.75	0.0	Genome fragment	r__Monodnaviria;k__Loebvirae;p__Hofneiviricota;c__Faserviricetes;o__Tubulavirales;f__Inoviridae;;	geNomad	d__Bacteria;p__Proteobacteria;c__Gammaproteobacteria;o__Pseudomonadales;f__Pseudomonadaceae;g__Pseudomonas;s__Pseudomonas aeruginosa	Isolate taxonomy	Inoviruses (10.1038/s41564-019-0510-x)
IMGVR_UViG_2579778745_000001	2579778745	2579809130	;;;	vOTU_00000108	7912	1	7912	false	11	11	0	8	Provirus	0.9122	High-confidence	96.06	0.0	High-quality	r__Monodnaviria;k__Loebvirae;p__Hofneiviricota;c__Faserviricetes;o__Tubulavirales;f__Inoviridae;;	geNomad	d__Bacteria;p__Proteobacteria;c__Gammaproteobacteria;o__Enterobacterales;f__Enterobacteriaceae;g__Escherichia;s__Escherichia coli	Isolate taxonomy	Inoviruses (10.1038/s41564-019-0510-x)
IMGVR_UViG_2579778761_000001	2579778761	2579811571	;;;	vOTU_00000107	4151	767	4917	false	8	8	0	5	Provirus	0.9579	High-confidence	38.89	0.0	Genome fragment	r__Monodnaviria;k__Loebvirae;p__Hofneiviricota;c__Faserviricetes;o__Tubulavirales;f__Inoviridae;;	NR (doi:10.5281/zenodo.6574914)	d__Bacteria;p__Proteobacteria;c__Gammaproteobacteria;o__Pseudomonadales;f__Pseudomonadaceae;g__Pseudomonas;s__Pseudomonas aeruginosa	Isolate taxonomy	Inoviruses (10.1038/s41564-019-0510-x)
IMGVR_UViG_2579778810_000001	2579778810	2579818211	Host-associated;Mammals;Digestive system;Large intestine	vOTU_00000028	7983	0	7983	true	11	11	0	5	Linear	0.941	High-confidence	94.35	0.0	High-quality	r__Monodnaviria;k__Loebvirae;p__Hofneiviricota;c__Faserviricetes;o__Tubulavirales;f__Inoviridae;;	geNomad	d__Bacteria;p__Proteobacteria;c__Gammaproteobacteria;o__Enterobacterales;f__Enterobacteriaceae;g__Salmonella;s__Salmonella enterica	Isolate taxonomy	Inoviruses (10.1038/s41564-019-0510-x)
IMGVR_UViG_2579778843_000003	2579778843	2579824249	Host-associated;Human;Unclassified;Unclassified	vOTU_00000109	5139	0	5139	true	8	8	0	6	Linear	0.9766	High-confidence	74.07	0.0	Genome fragment	r__Monodnaviria;k__Loebvirae;p__Hofneiviricota;c__Faserviricetes;o__Tubulavirales;f__Inoviridae;;	geNomad	d__Bacteria;p__Proteobacteria;c__Gammaproteobacteria;o__Pseudomonadales;f__Pseudomonadaceae;g__Pseudomonas;s__Pseudomonas aeruginosa	Isolate taxonomy	Inoviruses (10.1038/s41564-019-0510-x)
IMGVR_UViG_2579778844_000001	2579778844	2579824320	;;;	vOTU_00000084	6919	0	6919	true	9	9	0	5	Linear	0.926	High-confidence	96.69	0.0	High-quality	r__Monodnaviria;k__Loebvirae;p__Hofneiviricota;c__Faserviricetes;o__Tubulavirales;f__Inoviridae;;	geNomad	d__Bacteria;p__Proteobacteria;c__Gammaproteobacteria;o__Pseudomonadales;f__Moraxellaceae;g__Acinetobacter;s__Acinetobacter baumannii	Isolate taxonomy	Inoviruses (10.1038/s41564-019-0510-x)
IMGVR_UViG_2579778866_000001	2579778866	2579826854	;;;	vOTU_00000110	7012	290	7301	false	10	10	0	5	Provirus	0.9559	High-confidence	68.13	11.34	Genome fragment	r__Monodnaviria;k__Loebvirae;p__Hofneiviricota;c__Faserviricetes;o__Tubulavirales;f__Inoviridae;;	geNomad	d__Bacteria;p__Proteobacteria;c__Gammaproteobacteria;o__Enterobacterales;f__Enterobacteriaceae;g__Escherichia;s__Escherichia coli	Isolate taxonomy	Inoviruses (10.1038/s41564-019-0510-x)
IMGVR_UViG_2579778868_000003	2579778868	2579826960	Host-associated;Human;Unclassified;Unclassified	vOTU_00000111	6663	0	6663	true	10	10	0	8	Linear	0.9772	High-confidence	95.72	0.0	High-quality	r__Monodnaviria;k__Loebvirae;p__Hofneiviricota;c__Faserviricetes;o__Tubulavirales;f__Inoviridae;;	geNomad	d__Bacteria;p__Proteobacteria;c__Gammaproteobacteria;o__Pseudomonadales;f__Pseudomonadaceae;g__Pseudomonas;s__Pseudomonas aeruginosa	Isolate taxonomy	Inoviruses (10.1038/s41564-019-0510-x)
IMGVR_UViG_2579778895_000001	2579778895	2579829560	;;;	vOTU_00000112	8414	0	8414	true	13	13	0	10	Concatemer	0.9724	High-confidence	NA	0.0	Unsure	r__Monodnaviria;k__Loebvirae;p__Hofneiviricota;c__Faserviricetes;o__Tubulavirales;f__Inoviridae;;	geNomad	d__Bacteria;p__Proteobacteria;c__Gammaproteobacteria;o__Pseudomonadales;f__Moraxellaceae;g__Acinetobacter;s__Acinetobacter baumannii	Isolate taxonomy	Inoviruses (10.1038/s41564-019-0510-x)
IMGVR_UViG_2579778897_000001	2579778897	2579829621	Host-associated;Human;Unclassified;Unclassified	vOTU_00000113	8780	3005	11784	false	13	13	0	9	Provirus	0.9473	High-confidence	82.25	0.0	Genome fragment	r__Monodnaviria;k__Loebvirae;p__Hofneiviricota;c__Faserviricetes;o__Tubulavirales;f__Inoviridae;;	geNomad	d__Bacteria;p__Proteobacteria;c__Gammaproteobacteria;o__Pseudomonadales;f__Pseudomonadaceae;g__Pseudomonas;s__Pseudomonas aeruginosa	Isolate taxonomy	Inoviruses (10.1038/s41564-019-0510-x)
IMGVR_UViG_2579778926_000001	2579778926	2579832624	Host-associated;Mammals;Digestive system;Large intestine	vOTU_00000028	7998	0	7998	true	11	11	0	5	Linear	0.9419	High-confidence	94.53	0.0	High-quality	r__Monodnaviria;k__Loebvirae;p__Hofneiviricota;c__Faserviricetes;o__Tubulavirales;f__Inoviridae;;	geNomad	d__Bacteria;p__Proteobacteria;c__Gammaproteobacteria;o__Enterobacterales;f__Enterobacteriaceae;g__Salmonella;s__Salmonella enterica	Isolate taxonomy	Inoviruses (10.1038/s41564-019-0510-x)
IMGVR_UViG_2579778967_000001	2579778967	2579835655	Host-associated;Fish;Unclassified;Unclassified	vOTU_00000114	5058	0	5058	true	7	7	0	4	Linear	0.9359	High-confidence	77.34	0.0	Genome fragment	r__Monodnaviria;k__Loebvirae;p__Hofneiviricota;c__Faserviricetes;o__Tubulavirales;f__Inoviridae;;	geNomad	d__Bacteria;p__Proteobacteria;c__Gammaproteobacteria;o__Enterobacterales;f__Vibrionaceae;g__Photobacterium;s__Photobacterium leiognathi	Isolate taxonomy	Inoviruses (10.1038/s41564-019-0510-x)
IMGVR_UViG_2579778967_000002	2579778967	2579835704	Host-associated;Fish;Unclassified;Unclassified	vOTU_00000115	4285	0	4285	true	7	7	0	5	Linear	0.9394	High-confidence	39.75	0.0	Genome fragment	r__Monodnaviria;k__Loebvirae;p__Hofneiviricota;c__Faserviricetes;o__Tubulavirales;f__Inoviridae;;	geNomad	d__Bacteria;p__Proteobacteria;c__Gammaproteobacteria;o__Enterobacterales;f__Vibrionaceae;g__Photobacterium;s__Photobacterium leiognathi	Isolate taxonomy	Inoviruses (10.1038/s41564-019-0510-x)
IMGVR_UViG_2579778972_000002	2579778972	2579836615	Host-associated;Human;Unclassified;Unclassified	vOTU_00000116	7365	0	7365	true	8	8	0	7	Linear	0.9379	High-confidence	100.00	0.0	High-quality	r__Monodnaviria;k__Loebvirae;p__Hofneiviricota;c__Faserviricetes;o__Tubulavirales;f__Inoviridae;;	geNomad	d__Bacteria;p__Proteobacteria;c__Gammaproteobacteria;o__Pseudomonadales;f__Pseudomonadaceae;g__Pseudomonas;s__Pseudomonas aeruginosa	Isolate taxonomy	Inoviruses (10.1038/s41564-019-0510-x)
IMGVR_UViG_2579779010_000002	2579779010	2579841823	;;;	vOTU_00000117	6976	1	6976	false	12	12	0	6	Provirus	0.7777	High-confidence	100.00	0.0	High-quality	r__Monodnaviria;k__Loebvirae;p__Hofneiviricota;c__Faserviricetes;o__Tubulavirales;f__Inoviridae;;	geNomad	d__Bacteria;p__Proteobacteria;c__Gammaproteobacteria;o__Pseudomonadales;f__Pseudomonadaceae;g__Pseudomonas;s__Pseudomonas nitroreducens	Isolate taxonomy	Inoviruses (10.1038/s41564-019-0510-x)
IMGVR_UViG_2579779057_000002	2579779057	2579846934	Host-associated;Human;Unclassified;Unclassified	vOTU_00000035	7239	0	7239	true	8	8	0	6	Linear	0.9555	High-confidence	100.00	0.0	High-quality	r__Monodnaviria;k__Loebvirae;p__Hofneiviricota;c__Faserviricetes;o__Tubulavirales;f__Inoviridae;;	geNomad	d__Bacteria;p__Proteobacteria;c__Gammaproteobacteria;o__Pseudomonadales;f__Pseudomonadaceae;g__Pseudomonas;s__Pseudomonas aeruginosa	Isolate taxonomy	Inoviruses (10.1038/s41564-019-0510-x)
IMGVR_UViG_2579779074_000002	2579779074	2579850543	;;;	vOTU_00000118	3973	0	3973	true	8	8	0	5	Linear	0.9395	High-confidence	48.01	0.0	Genome fragment	r__Monodnaviria;k__Loebvirae;p__Hofneiviricota;c__Faserviricetes;o__Tubulavirales;f__Inoviridae;;	NR (doi:10.5281/zenodo.6574914)	d__Bacteria;p__Proteobacteria;c__Gammaproteobacteria;o__Pseudomonadales;f__Pseudomonadaceae;g__Pseudomonas;s__Pseudomonas aeruginosa	Isolate taxonomy	Inoviruses (10.1038/s41564-019-0510-x)
IMGVR_UViG_2579779084_000001	2579779084	2579851612	;;;	vOTU_00000119	6758	0	6758	true	8	8	0	2	Linear	0.6536	High-confidence	81.83	0.0	Genome fragment	r__Monodnaviria;k__Loebvirae;p__Hofneiviricota;c__Faserviricetes;o__Tubulavirales;;;	vOTU consensus	d__Bacteria;p__Proteobacteria;c__Gammaproteobacteria;o__Enterobacterales;f__Enterobacteriaceae;g__Escherichia;s__Escherichia coli	Isolate taxonomy	Inoviruses (10.1038/s41564-019-0510-x)
IMGVR_UViG_2579779084_000002	2579779084	2579851627	;;;	vOTU_00000120	7730	0	7730	true	8	8	0	2	Linear	0.1676	High-confidence	93.44	0.0	High-quality	r__Monodnaviria;k__Loebvirae;p__Hofneiviricota;c__Faserviricetes;o__Tubulavirales;f__Inoviridae;;	NR (doi:10.5281/zenodo.6574914)	d__Bacteria;p__Proteobacteria;c__Gammaproteobacteria;o__Enterobacterales;f__Enterobacteriaceae;g__Escherichia;s__Escherichia coli	Isolate taxonomy	Inoviruses (10.1038/s41564-019-0510-x)
IMGVR_UViG_2579779091_000001	2579779091	2579852969	;;;	vOTU_00000121	4012	1	4012	false	8	8	0	5	Provirus	0.9532	High-confidence	48.40	0.0	Genome fragment	r__Monodnaviria;k__Loebvirae;p__Hofneiviricota;c__Faserviricetes;o__Tubulavirales;f__Inoviridae;;	NR (doi:10.5281/zenodo.6574914)	d__Bacteria;p__Proteobacteria;c__Gammaproteobacteria;o__Pseudomonadales;f__Pseudomonadaceae;g__Pseudomonas;s__Pseudomonas aeruginosa	Isolate taxonomy	Inoviruses (10.1038/s41564-019-0510-x)
IMGVR_UViG_2579779121_000001	2579779121	2579856452	;;;	vOTU_00000084	6919	0	6919	true	9	9	0	5	Linear	0.926	High-confidence	96.69	0.0	High-quality	r__Monodnaviria;k__Loebvirae;p__Hofneiviricota;c__Faserviricetes;o__Tubulavirales;f__Inoviridae;;	geNomad	d__Bacteria;p__Proteobacteria;c__Gammaproteobacteria;o__Pseudomonadales;f__Moraxellaceae;g__Acinetobacter;s__Acinetobacter baumannii	Isolate taxonomy	Inoviruses (10.1038/s41564-019-0510-x)
IMGVR_UViG_2582580775_000001	2582580775	2582633657	;;;	vOTU_00000084	7005	0	7005	true	9	9	0	5	Linear	0.9661	High-confidence	98.31	0.0	High-quality	r__Monodnaviria;k__Loebvirae;p__Hofneiviricota;c__Faserviricetes;o__Tubulavirales;f__Inoviridae;;	geNomad	d__Bacteria;p__Proteobacteria;c__Gammaproteobacteria;o__Pseudomonadales;f__Moraxellaceae;g__Acinetobacter;s__Acinetobacter baumannii	Isolate taxonomy	Inoviruses (10.1038/s41564-019-0510-x)
IMGVR_UViG_2582580785_000001	2582580785	2582636780	;;;	vOTU_00000084	6811	0	6811	true	9	9	0	5	Linear	0.9554	High-confidence	95.68	0.0	High-quality	r__Monodnaviria;k__Loebvirae;p__Hofneiviricota;c__Faserviricetes;o__Tubulavirales;f__Inoviridae;;	geNomad	d__Bacteria;p__Proteobacteria;c__Gammaproteobacteria;o__Pseudomonadales;f__Moraxellaceae;g__Acinetobacter;s__Acinetobacter baumannii	Isolate taxonomy	Inoviruses (10.1038/s41564-019-0510-x)
IMGVR_UViG_2582580812_000001	2582580812	2582643489	;;;	vOTU_00000084	6008	0	6008	true	8	8	0	5	Linear	0.9586	High-confidence	84.31	0.0	Genome fragment	r__Monodnaviria;k__Loebvirae;p__Hofneiviricota;c__Faserviricetes;o__Tubulavirales;f__Inoviridae;;	geNomad	d__Bacteria;p__Proteobacteria;c__Gammaproteobacteria;o__Pseudomonadales;f__Moraxellaceae;g__Acinetobacter;s__Acinetobacter baumannii	Isolate taxonomy	Inoviruses (10.1038/s41564-019-0510-x)
IMGVR_UViG_2582580822_000001	2582580822	2582645428	;;;	vOTU_00000084	6864	0	6864	true	9	9	0	5	Linear	0.9653	High-confidence	95.92	0.0	High-quality	r__Monodnaviria;k__Loebvirae;p__Hofneiviricota;c__Faserviricetes;o__Tubulavirales;f__Inoviridae;;	geNomad	d__Bacteria;p__Proteobacteria;c__Gammaproteobacteria;o__Pseudomonadales;f__Moraxellaceae;g__Acinetobacter;s__Acinetobacter baumannii	Isolate taxonomy	Inoviruses (10.1038/s41564-019-0510-x)
IMGVR_UViG_2582580845_000001	2582580845	2582649604	;;;	vOTU_00000084	6864	0	6864	true	9	9	0	5	Linear	0.9653	High-confidence	95.92	0.0	High-quality	r__Monodnaviria;k__Loebvirae;p__Hofneiviricota;c__Faserviricetes;o__Tubulavirales;f__Inoviridae;;	geNomad	d__Bacteria;p__Proteobacteria;c__Gammaproteobacteria;o__Pseudomonadales;f__Moraxellaceae;g__Acinetobacter;s__Acinetobacter baumannii	Isolate taxonomy	Inoviruses (10.1038/s41564-019-0510-x)
IMGVR_UViG_2582580847_000001	2582580847	2582649838	;;;	vOTU_00000122	6177	0	6177	true	9	9	0	5	Linear	0.8615	High-confidence	96.79	0.0	High-quality	r__Monodnaviria;k__Loebvirae;p__Hofneiviricota;c__Faserviricetes;o__Tubulavirales;f__Inoviridae;;	geNomad	d__Bacteria;p__Proteobacteria;c__Gammaproteobacteria;o__Pseudomonadales;f__Moraxellaceae;g__Acinetobacter;s__Acinetobacter baumannii	Isolate taxonomy	Inoviruses (10.1038/s41564-019-0510-x)
IMGVR_UViG_2582580854_000001	2582580854	2582652442	;;;	vOTU_00000084	6174	0	6174	true	9	9	0	5	Linear	0.9448	High-confidence	86.61	0.0	Genome fragment	r__Monodnaviria;k__Loebvirae;p__Hofneiviricota;c__Faserviricetes;o__Tubulavirales;f__Inoviridae;;	geNomad	d__Bacteria;p__Proteobacteria;c__Gammaproteobacteria;o__Pseudomonadales;f__Moraxellaceae;g__Acinetobacter;s__Acinetobacter baumannii	Isolate taxonomy	Inoviruses (10.1038/s41564-019-0510-x)
IMGVR_UViG_2582580933_000001	2582580933	2582672576	;;;	vOTU_00000108	7477	0	7477	true	10	10	0	6	Linear	0.9293	High-confidence	90.88	0.0	High-quality	r__Monodnaviria;k__Loebvirae;p__Hofneiviricota;c__Faserviricetes;o__Tubulavirales;f__Inoviridae;;	geNomad	d__Bacteria;p__Proteobacteria;c__Gammaproteobacteria;o__Enterobacterales;f__Enterobacteriaceae;g__Escherichia;s__Escherichia coli	Isolate taxonomy	Inoviruses (10.1038/s41564-019-0510-x)
IMGVR_UViG_2585427734_000002	2585427734	2585454231	;;;	vOTU_00000123	7231	658	7888	false	8	8	0	3	Provirus	0.45	High-confidence	97.94	0.0	High-quality	r__Monodnaviria;k__Loebvirae;p__Hofneiviricota;c__Faserviricetes;o__Tubulavirales;f__Inoviridae;;	geNomad	d__Bacteria;p__Proteobacteria;c__Gammaproteobacteria;o__Enterobacterales;f__Enterobacteriaceae;g__Escherichia;s__Escherichia coli	Isolate taxonomy	Inoviruses (10.1038/s41564-019-0510-x)
IMGVR_UViG_2585427851_000002	2585427851	2585472140	Host-associated;Arthropoda: Insects;Digestive system;Gut	vOTU_00000124	4653	0	4653	true	8	8	0	4	Linear	0.9434	High-confidence	65.42	0.0	Genome fragment	r__Monodnaviria;k__Loebvirae;p__Hofneiviricota;c__Faserviricetes;o__Tubulavirales;f__Inoviridae;;	geNomad	d__Bacteria;p__Proteobacteria;c__Gammaproteobacteria;o__Burkholderiales;f__Neisseriaceae;g__Snodgrassella;s__Snodgrassella sp900094895	Isolate taxonomy	Inoviruses (10.1038/s41564-019-0510-x)
IMGVR_UViG_2585427969_000004	2585427969	2585483105	;;;	vOTU_00000029	9646	1110	10755	false	13	13	0	6	Provirus	0.8994	High-confidence	100.00	0.0	High-quality	r__Monodnaviria;k__Loebvirae;p__Hofneiviricota;c__Faserviricetes;o__Tubulavirales;f__Inoviridae;;	geNomad	d__Bacteria;p__Proteobacteria;c__Gammaproteobacteria;o__Enterobacterales;f__Enterobacteriaceae;g__Escherichia;s__Escherichia coli	Isolate taxonomy	Inoviruses (10.1038/s41564-019-0510-x)
IMGVR_UViG_2585427987_000002	2585427987	2585485137	;;;	vOTU_00000125	7279	0	7279	true	9	9	0	6	Linear	0.9413	High-confidence	83.46	0.0	Genome fragment	r__Monodnaviria;k__Loebvirae;p__Hofneiviricota;c__Faserviricetes;o__Tubulavirales;f__Inoviridae;;	geNomad	d__Bacteria;p__Proteobacteria;c__Gammaproteobacteria;o__Enterobacterales;f__Aeromonadaceae;g__Aeromonas;s__Aeromonas hydrophila	Isolate taxonomy	Inoviruses (10.1038/s41564-019-0510-x)
IMGVR_UViG_2585428193_000001	2585428193	2585515796	Environmental;Aquatic;Marine;Hydrothermal vents	vOTU_00000126	4862	0	4862	true	8	8	0	1	Linear	0.2155	High-confidence	NA	0.0	Unsure	r__Monodnaviria;k__Loebvirae;p__Hofneiviricota;c__Faserviricetes;o__Tubulavirales;;;	geNomad	d__Bacteria;p__Firmicutes_A;c__Clostridia;o__Peptostreptococcales;f__Caminicellaceae;g__Caminicella;s__Caminicella sporogenes	Isolate taxonomy	Inoviruses (10.1038/s41564-019-0510-x)
IMGVR_UViG_2588253837_000001	2588253837	2588280684	;;;	vOTU_00000078	7057	554	7610	false	10	10	0	7	Provirus	0.9321	High-confidence	97.08	0.0	High-quality	r__Monodnaviria;k__Loebvirae;p__Hofneiviricota;c__Faserviricetes;o__Tubulavirales;f__Inoviridae;;	geNomad	d__Bacteria;p__Proteobacteria;c__Gammaproteobacteria;o__Pseudomonadales;f__Pseudomonadaceae;g__Pseudomonas_E;s__Pseudomonas_E avellanae	Isolate taxonomy	Inoviruses (10.1038/s41564-019-0510-x)
IMGVR_UViG_2588253940_000001	2588253940	2588296222	;;;	vOTU_00000084	6919	0	6919	true	9	9	0	5	Linear	0.926	High-confidence	96.69	0.0	High-quality	r__Monodnaviria;k__Loebvirae;p__Hofneiviricota;c__Faserviricetes;o__Tubulavirales;f__Inoviridae;;	geNomad	d__Bacteria;p__Proteobacteria;c__Gammaproteobacteria;o__Pseudomonadales;f__Moraxellaceae;g__Acinetobacter;s__Acinetobacter baumannii	Isolate taxonomy	Inoviruses (10.1038/s41564-019-0510-x)
IMGVR_UViG_2588253948_000001	2588253948	2588297265	;;;	vOTU_00000084	7125	0	7125	true	9	9	0	5	Linear	0.9655	High-confidence	100.00	0.0	High-quality	r__Monodnaviria;k__Loebvirae;p__Hofneiviricota;c__Faserviricetes;o__Tubulavirales;f__Inoviridae;;	geNomad	d__Bacteria;p__Proteobacteria;c__Gammaproteobacteria;o__Pseudomonadales;f__Moraxellaceae;g__Acinetobacter;s__Acinetobacter baumannii	Isolate taxonomy	Inoviruses (10.1038/s41564-019-0510-x)
IMGVR_UViG_2588254091_000001	2588254091	2588306459	;;;	vOTU_00000029	7377	479	7855	false	10	10	0	4	Provirus	0.9578	High-confidence	80.96	0.0	Genome fragment	r__Monodnaviria;k__Loebvirae;p__Hofneiviricota;c__Faserviricetes;o__Tubulavirales;f__Inoviridae;;	geNomad	d__Bacteria;p__Proteobacteria;c__Gammaproteobacteria;o__Enterobacterales;f__Enterobacteriaceae;g__Yersinia;s__Yersinia pestis	Isolate taxonomy	Inoviruses (10.1038/s41564-019-0510-x)
IMGVR_UViG_2597489903_000001	2597489903	2597517197	Host-associated;Arthropoda: Insects;Circulatory system;Hemolymph	vOTU_00000127	7592	0	7592	true	12	12	0	5	Linear	0.2252	High-confidence	100.00	0.0	High-quality	r__Monodnaviria;k__Loebvirae;p__Hofneiviricota;c__Faserviricetes;o__Tubulavirales;f__Inoviridae;;	geNomad	d__Bacteria;p__Proteobacteria;c__Gammaproteobacteria;o__Enterobacterales;f__Enterobacteriaceae;g__Providencia;s__Providencia sneebia	Isolate taxonomy	Inoviruses (10.1038/s41564-019-0510-x)
IMGVR_UViG_2597490270_000001	2597490270	2597541666	;;;	vOTU_00000128	7050	0	7050	true	12	12	0	8	Linear	0.9239	High-confidence	94.35	0.0	High-quality	r__Monodnaviria;k__Loebvirae;p__Hofneiviricota;c__Faserviricetes;o__Tubulavirales;f__Inoviridae;;	geNomad	d__Bacteria;p__Proteobacteria;c__Gammaproteobacteria;o__Enterobacterales;f__Vibrionaceae;g__Vibrio;s__Vibrio cholerae	Isolate taxonomy	Inoviruses (10.1038/s41564-019-0510-x)
IMGVR_UViG_2597490277_000001	2597490277	2597542280	;;;	vOTU_00000100	11392	1	11392	false	20	19	0	7	Provirus	0.0161	High-confidence	97.22	0.0	High-quality	r__Monodnaviria;k__Loebvirae;p__Hofneiviricota;c__Faserviricetes;o__Tubulavirales;;;	geNomad	d__Bacteria;p__Firmicutes;c__Bacilli;o__Bacillales;f__Bacillaceae_G;g__Bacillus_A;s__Bacillus_A bombysepticus	Isolate taxonomy	Inoviruses (10.1038/s41564-019-0510-x)
IMGVR_UViG_2597490353_000001	2597490353	2597548730	;;;	vOTU_00000129	5423	0	5423	true	8	8	0	7	Linear	0.9695	High-confidence	75.63	0.0	Genome fragment	r__Monodnaviria;k__Loebvirae;p__Hofneiviricota;c__Faserviricetes;o__Tubulavirales;f__Inoviridae;;	geNomad	d__Bacteria;p__Proteobacteria;c__Gammaproteobacteria;o__Pseudomonadales;f__Pseudomonadaceae;g__Azotobacter;s__Azotobacter beijerinckii	Isolate taxonomy	Inoviruses (10.1038/s41564-019-0510-x)
IMGVR_UViG_2600255088_000001	2600255088	2600286388	;;;	vOTU_00000080	8690	1	8690	false	9	9	0	5	Provirus	0.7651	High-confidence	93.28	0.0	High-quality	r__Monodnaviria;k__Loebvirae;p__Hofneiviricota;c__Faserviricetes;o__Tubulavirales;f__Inoviridae;;	geNomad	d__Bacteria;p__Proteobacteria;c__Gammaproteobacteria;o__Enterobacterales;f__Vibrionaceae;g__Vibrio;s__Vibrio parahaemolyticus	Isolate taxonomy	Inoviruses (10.1038/s41564-019-0510-x)
IMGVR_UViG_2600255089_000003	2600255089	2600286682	;;;	vOTU_00000130	8476	589	9064	false	11	11	0	5	Provirus	0.9639	High-confidence	98.69	0.0	High-quality	r__Monodnaviria;k__Loebvirae;p__Hofneiviricota;c__Faserviricetes;o__Tubulavirales;f__Inoviridae;;	NR (doi:10.5281/zenodo.6574914)	d__Bacteria;p__Proteobacteria;c__Gammaproteobacteria;o__Enterobacterales;f__Vibrionaceae;g__Vibrio;s__Vibrio parahaemolyticus	Isolate taxonomy	Inoviruses (10.1038/s41564-019-0510-x)
IMGVR_UViG_2602041566_000001	2602041566	2602051902	Host-associated;Plants;Phyllosphere;Phylloplane/Leaf surface	vOTU_00000131	6752	0	6752	true	11	11	0	6	Linear	0.8946	High-confidence	100.00	0.0	High-quality	r__Monodnaviria;k__Loebvirae;p__Hofneiviricota;c__Faserviricetes;o__Tubulavirales;f__Inoviridae;;	geNomad	d__Bacteria;p__Proteobacteria;c__Gammaproteobacteria;o__Xanthomonadales;f__Xanthomonadaceae;g__Xylella;s__Xylella fastidiosa	Isolate taxonomy	Inoviruses (10.1038/s41564-019-0510-x)
IMGVR_UViG_2609459774_000002	2609459774	2609493768	;;;	vOTU_00000132	10399	1106	11504	false	16	16	0	6	Provirus	0.7016	High-confidence	100.00	0.0	High-quality	r__Monodnaviria;k__Loebvirae;p__Hofneiviricota;c__Faserviricetes;o__Tubulavirales;f__Inoviridae;;	geNomad	d__Bacteria;p__Proteobacteria;c__Gammaproteobacteria;o__Enterobacterales;f__Enterobacteriaceae;g__Escherichia;s__Escherichia coli	Isolate taxonomy	Inoviruses (10.1038/s41564-019-0510-x)
IMGVR_UViG_2609459846_000002	2609459846	2609502849	;;;	vOTU_00000133	9510	0	9510	true	9	9	0	2	Linear	0.638	High-confidence	100.00	7.59	High-quality	r__Monodnaviria;k__Loebvirae;p__Hofneiviricota;c__Faserviricetes;o__Tubulavirales;f__Inoviridae;;	NR (doi:10.5281/zenodo.6574914)	d__Bacteria;p__Proteobacteria;c__Gammaproteobacteria;o__Enterobacterales;f__Enterobacteriaceae;g__Escherichia;s__Escherichia coli	Isolate taxonomy	Inoviruses (10.1038/s41564-019-0510-x)
IMGVR_UViG_2609460049_000001	2609460049	2609519582	;;;	vOTU_00000005	7258	0	7258	true	8	8	0	8	Linear	0.971	High-confidence	100.00	0.0	High-quality	r__Monodnaviria;k__Loebvirae;p__Hofneiviricota;c__Faserviricetes;o__Tubulavirales;f__Inoviridae;;	geNomad	d__Bacteria;p__Proteobacteria;c__Gammaproteobacteria;o__Pseudomonadales;f__Pseudomonadaceae;g__Pseudomonas;s__Pseudomonas aeruginosa	Isolate taxonomy	Inoviruses (10.1038/s41564-019-0510-x)
IMGVR_UViG_2609460049_000002	2609460049	2609519584	;;;	vOTU_00000134	7015	0	7015	true	8	8	0	7	Linear	0.9251	High-confidence	100.00	0.0	High-quality	r__Monodnaviria;k__Loebvirae;p__Hofneiviricota;c__Faserviricetes;o__Tubulavirales;f__Inoviridae;;	geNomad	d__Bacteria;p__Proteobacteria;c__Gammaproteobacteria;o__Pseudomonadales;f__Pseudomonadaceae;g__Pseudomonas;s__Pseudomonas aeruginosa	Isolate taxonomy	Inoviruses (10.1038/s41564-019-0510-x)
IMGVR_UViG_2616644852_000001	2616644852	2616647118	Environmental;Terrestrial;Unclassified;Unclassified	vOTU_00000135	7586	0	7586	true	9	9	0	10	Linear	0.9736	High-confidence	50.63	0.0	Genome fragment	r__Monodnaviria;k__Loebvirae;p__Hofneiviricota;c__Faserviricetes;o__Tubulavirales;f__Inoviridae;;	geNomad	d__Bacteria;p__Actinobacteriota;c__Actinomycetia;o__Streptomycetales;f__Streptomycetaceae;g__Streptomyces;s__Streptomyces jeddahensis	Isolate taxonomy	Inoviruses (10.1038/s41564-019-0510-x)
IMGVR_UViG_2617271016_000002	2617271016	2617327361	;;;	vOTU_00000136	5382	0	5382	true	9	9	0	5	Linear	0.904	High-confidence	91.99	0.0	High-quality	r__Monodnaviria;k__Loebvirae;p__Hofneiviricota;c__Faserviricetes;o__Tubulavirales;f__Inoviridae;;	geNomad	d__Bacteria;p__Proteobacteria;c__Gammaproteobacteria;o__Xanthomonadales;f__Xanthomonadaceae;g__Xylella;s__Xylella fastidiosa	Isolate taxonomy	Inoviruses (10.1038/s41564-019-0510-x)
IMGVR_UViG_2617271036_000001	2617271036	2617329642	;;;	vOTU_00000137	10326	0	10326	true	17	17	0	6	Linear	0.2935	High-confidence	100.00	0.0	High-quality	r__Monodnaviria;k__Loebvirae;p__Hofneiviricota;c__Faserviricetes;o__Tubulavirales;f__Inoviridae;;	geNomad	d__Bacteria;p__Proteobacteria;c__Gammaproteobacteria;o__Enterobacterales;f__Vibrionaceae;g__Vibrio;s__Vibrio astriarenae	Isolate taxonomy	Inoviruses (10.1038/s41564-019-0510-x)
IMGVR_UViG_2617271201_000001	2617271201	2617353061	;;;	vOTU_00000138	7462	0	7462	true	10	10	0	2	Linear	0.3753	High-confidence	92.53	0.0	High-quality	r__Monodnaviria;k__Loebvirae;p__Hofneiviricota;c__Faserviricetes;o__Tubulavirales;f__Inoviridae;;	geNomad	d__Bacteria;p__Proteobacteria;c__Gammaproteobacteria;o__Enterobacterales;f__Enterobacteriaceae;g__Xenorhabdus;s__Xenorhabdus bovienii	Isolate taxonomy	Inoviruses (10.1038/s41564-019-0510-x)
IMGVR_UViG_2617271249_000001	2617271249	2617358743	;;;	vOTU_00000139	7144	1	7144	false	8	8	0	6	Provirus	0.906	High-confidence	100.00	0.0	High-quality	r__Monodnaviria;k__Loebvirae;p__Hofneiviricota;c__Faserviricetes;o__Tubulavirales;f__Inoviridae;;	geNomad	d__Bacteria;p__Proteobacteria;c__Gammaproteobacteria;o__Pseudomonadales;f__Pseudomonadaceae;g__Pseudomonas;s__Pseudomonas aeruginosa	Isolate taxonomy	Inoviruses (10.1038/s41564-019-0510-x)
IMGVR_UViG_2619618912_000001	2619618912	2619640310	Engineered;Wastewater;Nutrient removal;Biological phosphorus removal	vOTU_00000140	4570	0	4570	true	8	8	0	3	Linear	0.7553	High-confidence	51.11	0.0	Genome fragment	r__Monodnaviria;k__Loebvirae;p__Hofneiviricota;c__Faserviricetes;o__Tubulavirales;;;	geNomad	;;;;;;		Inoviruses (10.1038/s41564-019-0510-x)
IMGVR_UViG_2627853709_000001	2627853709	2627881776	;;;	vOTU_00000141	5402	0	5402	true	9	9	0	6	Linear	0.9788	High-confidence	80.12	0.0	Genome fragment	r__Monodnaviria;k__Loebvirae;p__Hofneiviricota;c__Faserviricetes;o__Tubulavirales;f__Inoviridae;;	geNomad	d__Bacteria;p__Proteobacteria;c__Gammaproteobacteria;o__Xanthomonadales;f__Xanthomonadaceae;g__Xanthomonas;s__Xanthomonas hortorum_A	Isolate taxonomy	Inoviruses (10.1038/s41564-019-0510-x)
IMGVR_UViG_2627853935_000001	2627853935	2627901518	;;;	vOTU_00000142	10374	0	10374	true	17	17	0	10	Linear	0.919	High-confidence	100.00	0.0	High-quality	r__Monodnaviria;k__Loebvirae;p__Hofneiviricota;c__Faserviricetes;o__Tubulavirales;f__Inoviridae;;	geNomad	d__Bacteria;p__Proteobacteria;c__Gammaproteobacteria;o__Enterobacterales;f__Vibrionaceae;g__Vibrio;s__Vibrio vulnificus	Isolate taxonomy	Inoviruses (10.1038/s41564-019-0510-x)
IMGVR_UViG_2627854005_000001	2627854005	2627908431	;;;	vOTU_00000143	4889	0	4889	true	7	7	0	8	Linear	0.9641	High-confidence	68.12	0.0	Genome fragment	r__Monodnaviria;k__Loebvirae;p__Hofneiviricota;c__Faserviricetes;o__Tubulavirales;f__Inoviridae;;	geNomad	d__Bacteria;p__Proteobacteria;c__Gammaproteobacteria;o__Xanthomonadales;f__Xanthomonadaceae;g__Xanthomonas;s__Xanthomonas perforans	Isolate taxonomy	Inoviruses (10.1038/s41564-019-0510-x)
IMGVR_UViG_2627854188_000001	2627854188	2627922895	;;;	vOTU_00000141	5402	0	5402	true	9	9	0	6	Linear	0.9795	High-confidence	80.12	0.0	Genome fragment	r__Monodnaviria;k__Loebvirae;p__Hofneiviricota;c__Faserviricetes;o__Tubulavirales;f__Inoviridae;;	geNomad	d__Bacteria;p__Proteobacteria;c__Gammaproteobacteria;o__Xanthomonadales;f__Xanthomonadaceae;g__Xanthomonas;s__Xanthomonas hortorum_A	Isolate taxonomy	Inoviruses (10.1038/s41564-019-0510-x)
IMGVR_UViG_2627854220_000002	2627854220	2627926278	Host-associated;Plants;Unclassified;Unclassified	vOTU_00000144	7436	0	7436	true	13	13	0	10	Linear	0.9606	High-confidence	95.06	0.0	High-quality	r__Monodnaviria;k__Loebvirae;p__Hofneiviricota;c__Faserviricetes;o__Tubulavirales;f__Inoviridae;;	geNomad	d__Bacteria;p__Proteobacteria;c__Gammaproteobacteria;o__Burkholderiales;f__Burkholderiaceae;g__Ralstonia;s__Ralstonia solanacearum	Isolate taxonomy	Inoviruses (10.1038/s41564-019-0510-x)
IMGVR_UViG_2630968328_000001	2630968328	2630982281	;;;	vOTU_00000145	6417	0	6417	true	9	9	0	4	Linear	0.7378	High-confidence	96.16	0.0	High-quality	r__Monodnaviria;k__Loebvirae;p__Hofneiviricota;c__Faserviricetes;o__Tubulavirales;f__Inoviridae;;	geNomad	d__Bacteria;p__Proteobacteria;c__Gammaproteobacteria;o__Pseudomonadales;f__Moraxellaceae;g__Acinetobacter;s__Acinetobacter baumannii	Isolate taxonomy	Inoviruses (10.1038/s41564-019-0510-x)
IMGVR_UViG_2630968353_000001	2630968353	2630984263	;;;	vOTU_00000146	7512	0	7512	true	15	15	0	10	Linear	0.9497	High-confidence	100.00	0.0	High-quality	r__Monodnaviria;k__Loebvirae;p__Hofneiviricota;c__Faserviricetes;o__Tubulavirales;f__Inoviridae;;	geNomad	d__Bacteria;p__Proteobacteria;c__Gammaproteobacteria;o__Xanthomonadales;f__Xanthomonadaceae;g__Xanthomonas;s__Xanthomonas vasicola	Isolate taxonomy	Inoviruses (10.1038/s41564-019-0510-x)
IMGVR_UViG_2630968817_000001	2630968817	2631025629	Host-associated;Human;Unclassified;Unclassified	vOTU_00000028	6870	405	7274	false	10	10	0	6	Provirus	0.9457	High-confidence	83.79	0.0	Genome fragment	r__Monodnaviria;k__Loebvirae;p__Hofneiviricota;c__Faserviricetes;o__Tubulavirales;f__Inoviridae;;	geNomad	d__Bacteria;p__Proteobacteria;c__Gammaproteobacteria;o__Enterobacterales;f__Enterobacteriaceae;g__Salmonella;s__Salmonella enterica	Isolate taxonomy	Inoviruses (10.1038/s41564-019-0510-x)
IMGVR_UViG_2630968834_000001	2630968834	2631026672	;;;	vOTU_00000147	4628	1	4628	false	8	8	0	6	Provirus	0.976	High-confidence	72.67	0.0	Genome fragment	r__Monodnaviria;k__Loebvirae;p__Hofneiviricota;c__Faserviricetes;o__Tubulavirales;f__Inoviridae;;	geNomad	d__Bacteria;p__Proteobacteria;c__Gammaproteobacteria;o__Xanthomonadales;f__Xanthomonadaceae;g__Xanthomonas;s__Xanthomonas cissicola	Isolate taxonomy	Inoviruses (10.1038/s41564-019-0510-x)
IMGVR_UViG_2630968856_000002	2630968856	2631027936	;;;	vOTU_00000117	6976	157	7132	false	12	12	0	6	Provirus	0.8856	High-confidence	100.00	0.0	High-quality	r__Monodnaviria;k__Loebvirae;p__Hofneiviricota;c__Faserviricetes;o__Tubulavirales;f__Inoviridae;;	geNomad	d__Bacteria;p__Proteobacteria;c__Gammaproteobacteria;o__Pseudomonadales;f__Pseudomonadaceae;g__Pseudomonas;s__Pseudomonas nitroreducens	Isolate taxonomy	Inoviruses (10.1038/s41564-019-0510-x)
IMGVR_UViG_2630968856_000003	2630968856	2631027937	;;;	vOTU_00000148	7122	0	7122	true	13	13	0	8	Linear	0.9665	High-confidence	95.93	0.0	High-quality	r__Monodnaviria;k__Loebvirae;p__Hofneiviricota;c__Faserviricetes;o__Tubulavirales;f__Inoviridae;;	geNomad	d__Bacteria;p__Proteobacteria;c__Gammaproteobacteria;o__Pseudomonadales;f__Pseudomonadaceae;g__Pseudomonas;s__Pseudomonas nitroreducens	Isolate taxonomy	Inoviruses (10.1038/s41564-019-0510-x)
IMGVR_UViG_2630968860_000001	2630968860	2631028136	;;;	vOTU_00000149	6608	0	6608	true	10	10	0	6	Linear	0.978	High-confidence	98.01	0.0	High-quality	r__Monodnaviria;k__Loebvirae;p__Hofneiviricota;c__Faserviricetes;o__Tubulavirales;f__Inoviridae;;	geNomad	d__Bacteria;p__Proteobacteria;c__Gammaproteobacteria;o__Xanthomonadales;f__Xanthomonadaceae;g__Xanthomonas;s__Xanthomonas hortorum_A	Isolate taxonomy	Inoviruses (10.1038/s41564-019-0510-x)
IMGVR_UViG_2630968986_000001	2630968986	2631039897	;;;	vOTU_00000150	7937	1	7937	false	9	9	0	10	Provirus	0.9417	High-confidence	100.00	0.0	High-quality	r__Monodnaviria;k__Loebvirae;p__Hofneiviricota;c__Faserviricetes;o__Tubulavirales;f__Inoviridae;;	geNomad	d__Bacteria;p__Proteobacteria;c__Gammaproteobacteria;o__Xanthomonadales;f__Xanthomonadaceae;g__Xanthomonas;s__Xanthomonas cissicola	Isolate taxonomy	Inoviruses (10.1038/s41564-019-0510-x)
IMGVR_UViG_2630968986_000002	2630968986	2631040010	;;;	vOTU_00000151	4738	0	4738	true	7	7	0	6	Linear	0.9372	High-confidence	65.93	0.0	Genome fragment	r__Monodnaviria;k__Loebvirae;p__Hofneiviricota;c__Faserviricetes;o__Tubulavirales;f__Inoviridae;;	geNomad	d__Bacteria;p__Proteobacteria;c__Gammaproteobacteria;o__Xanthomonadales;f__Xanthomonadaceae;g__Xanthomonas;s__Xanthomonas cissicola	Isolate taxonomy	Inoviruses (10.1038/s41564-019-0510-x)
IMGVR_UViG_2634166387_000001	2634166387	2634535294	;;;	vOTU_00000152	6946	1	6946	false	12	12	0	7	Provirus	0.105	High-confidence	100.00	0.0	High-quality	r__Monodnaviria;k__Loebvirae;p__Hofneiviricota;c__Faserviricetes;o__Tubulavirales;f__Inoviridae;;	geNomad	d__Bacteria;p__Proteobacteria;c__Gammaproteobacteria;o__Pseudomonadales;f__Moraxellaceae;g__Acinetobacter;s__Acinetobacter sp000773685	Isolate taxonomy	Inoviruses (10.1038/s41564-019-0510-x)
IMGVR_UViG_2636415432_000001	2636415432	2636419620	;;;	vOTU_00000128	7045	0	7045	true	10	10	0	8	Linear	0.9437	High-confidence	94.07	0.0	High-quality	r__Monodnaviria;k__Loebvirae;p__Hofneiviricota;c__Faserviricetes;o__Tubulavirales;f__Inoviridae;;	geNomad	d__Bacteria;p__Proteobacteria;c__Gammaproteobacteria;o__Enterobacterales;f__Vibrionaceae;g__Vibrio;s__Vibrio cholerae	Isolate taxonomy	Inoviruses (10.1038/s41564-019-0510-x)
IMGVR_UViG_2636415539_000001	2636415539	2636431262	;;;	vOTU_00000153	6330	0	6330	true	10	10	0	8	Linear	0.9744	High-confidence	67.57	0.0	Genome fragment	r__Monodnaviria;k__Loebvirae;p__Hofneiviricota;c__Faserviricetes;o__Tubulavirales;f__Inoviridae;;	geNomad	d__Bacteria;p__Proteobacteria;c__Gammaproteobacteria;o__Enterobacterales;f__Vibrionaceae;g__Vibrio;s__Vibrio parahaemolyticus	Isolate taxonomy	Inoviruses (10.1038/s41564-019-0510-x)
IMGVR_UViG_2636415542_000001	2636415542	2636431844	Host-associated;Arthropoda: Crustaceans;Unclassified;Unclassified	vOTU_00000154	5788	1	5788	false	8	8	0	4	Provirus	0.9386	High-confidence	89.35	0.0	Genome fragment	r__Monodnaviria;k__Loebvirae;p__Hofneiviricota;c__Faserviricetes;o__Tubulavirales;f__Inoviridae;;	geNomad	d__Bacteria;p__Proteobacteria;c__Gammaproteobacteria;o__Enterobacterales;f__Vibrionaceae;g__Vibrio;s__Vibrio nigripulchritudo	Isolate taxonomy	Inoviruses (10.1038/s41564-019-0510-x)
IMGVR_UViG_2636415697_000002	2636415697	2636448908	;;;	vOTU_00000155	6373	0	6373	true	9	9	0	4	Linear	0.9481	High-confidence	59.08	0.0	Genome fragment	r__Monodnaviria;k__Loebvirae;p__Hofneiviricota;c__Faserviricetes;o__Tubulavirales;f__Inoviridae;;	geNomad	d__Bacteria;p__Proteobacteria;c__Gammaproteobacteria;o__Enterobacterales;f__Vibrionaceae;g__Vibrio;s__Vibrio parahaemolyticus	Isolate taxonomy	Inoviruses (10.1038/s41564-019-0510-x)
IMGVR_UViG_2636416100_000002	2636416100	2636576796	Host-associated;Unclassified;Unclassified;Unclassified	vOTU_00000156	5930	0	5930	true	10	10	0	6	Linear	0.8955	High-confidence	82.18	0.0	Genome fragment	r__Duplodnaviria;k__Heunggongvirae;p__Uroviricota;c__Caudoviricetes;;;;	geNomad	d__Bacteria;p__Proteobacteria;c__Gammaproteobacteria;o__Enterobacterales;f__Vibrionaceae;g__Vibrio;s__Vibrio cholerae	Isolate taxonomy	Inoviruses (10.1038/s41564-019-0510-x)
IMGVR_UViG_2643221405_000001	2643221405	2643222782	;;;	vOTU_00000157	4630	1	4630	false	8	8	0	2	Provirus	0.922	High-confidence	72.15	0.0	Genome fragment	r__Monodnaviria;k__Loebvirae;p__Hofneiviricota;c__Faserviricetes;o__Tubulavirales;f__Inoviridae;;	NR (doi:10.5281/zenodo.6574914)	d__Bacteria;p__Proteobacteria;c__Gammaproteobacteria;o__Burkholderiales;f__Burkholderiaceae;g__Variovorax;	Isolate taxonomy	Inoviruses (10.1038/s41564-019-0510-x)
IMGVR_UViG_2643221431_000001	2643221431	2643226697	;;;	vOTU_00000158	7704	1	7704	false	10	10	0	7	Provirus	0.8971	High-confidence	98.46	0.0	High-quality	r__Monodnaviria;k__Loebvirae;p__Hofneiviricota;c__Faserviricetes;o__Tubulavirales;f__Inoviridae;;	geNomad	d__Bacteria;p__Proteobacteria;c__Gammaproteobacteria;o__Enterobacterales;f__Enterobacteriaceae;g__Izhakiella;s__Izhakiella australiensis	Isolate taxonomy	Inoviruses (10.1038/s41564-019-0510-x)
IMGVR_UViG_2645727560_000001	2645727560	2645735479	;;;	vOTU_00000159	4456	0	4456	true	8	8	0	6	Linear	0.9803	High-confidence	41.74	0.0	Genome fragment	r__Monodnaviria;k__Loebvirae;p__Hofneiviricota;c__Faserviricetes;o__Tubulavirales;f__Inoviridae;;	geNomad	d__Bacteria;p__Proteobacteria;c__Gammaproteobacteria;o__Pseudomonadales;f__Pseudomonadaceae;g__Pseudomonas;s__Pseudomonas aeruginosa	Isolate taxonomy	Inoviruses (10.1038/s41564-019-0510-x)
IMGVR_UViG_2645727626_000001	2645727626	2645740328	;;;	vOTU_00000160	5250	0	5250	true	9	9	0	7	Linear	0.9768	High-confidence	49.18	0.0	Genome fragment	r__Monodnaviria;k__Loebvirae;p__Hofneiviricota;c__Faserviricetes;o__Tubulavirales;f__Inoviridae;;	geNomad	d__Bacteria;p__Proteobacteria;c__Gammaproteobacteria;o__Pseudomonadales;f__Pseudomonadaceae;g__Pseudomonas;s__Pseudomonas aeruginosa	Isolate taxonomy	Inoviruses (10.1038/s41564-019-0510-x)
IMGVR_UViG_2645727737_000001	2645727737	2645749961	;;;	vOTU_00000161	5774	918	6691	false	12	12	0	9	Provirus	0.9689	High-confidence	91.21	0.0	High-quality	r__Monodnaviria;k__Loebvirae;p__Hofneiviricota;c__Faserviricetes;o__Tubulavirales;f__Inoviridae;;	geNomad	d__Bacteria;p__Proteobacteria;c__Gammaproteobacteria;o__Xanthomonadales;f__Xanthomonadaceae;g__Xanthomonas;s__Xanthomonas perforans	Isolate taxonomy	Inoviruses (10.1038/s41564-019-0510-x)
IMGVR_UViG_2645727911_000001	2645727911	2645767600	;;;	vOTU_00000162	6546	0	6546	true	10	10	0	6	Linear	0.8929	High-confidence	96.13	0.0	High-quality	r__Monodnaviria;k__Loebvirae;p__Hofneiviricota;c__Faserviricetes;o__Tubulavirales;f__Inoviridae;;	geNomad	d__Bacteria;p__Proteobacteria;c__Gammaproteobacteria;o__Pseudomonadales;f__Moraxellaceae;g__Acinetobacter;s__Acinetobacter bereziniae	Isolate taxonomy	Inoviruses (10.1038/s41564-019-0510-x)
IMGVR_UViG_2645727940_000001	2645727940	2645770068	;;;	vOTU_00000163	5599	553	6151	false	8	8	0	5	Provirus	0.8774	High-confidence	76.18	0.0	Genome fragment	r__Monodnaviria;k__Loebvirae;p__Hofneiviricota;c__Faserviricetes;o__Tubulavirales;f__Inoviridae;;	geNomad	d__Bacteria;p__Proteobacteria;c__Gammaproteobacteria;o__Enterobacterales;f__Vibrionaceae;g__Vibrio;s__Vibrio parahaemolyticus	Isolate taxonomy	Inoviruses (10.1038/s41564-019-0510-x)
IMGVR_UViG_2645727940_000002	2645727940	2645770139	;;;	vOTU_00000164	8109	0	8109	true	12	12	0	7	Linear	0.9637	High-confidence	94.52	0.0	High-quality	r__Monodnaviria;k__Loebvirae;p__Hofneiviricota;c__Faserviricetes;o__Tubulavirales;f__Inoviridae;;	geNomad	d__Bacteria;p__Proteobacteria;c__Gammaproteobacteria;o__Enterobacterales;f__Vibrionaceae;g__Vibrio;s__Vibrio parahaemolyticus	Isolate taxonomy	Inoviruses (10.1038/s41564-019-0510-x)
IMGVR_UViG_2645727980_000001	2645727980	2645774401	;;;	vOTU_00000165	3720	0	3720	true	7	7	0	2	Linear	0.4178	High-confidence	59.46	0.0	Genome fragment	r__Monodnaviria;k__Loebvirae;p__Hofneiviricota;c__Faserviricetes;o__Tubulavirales;f__Inoviridae;;	geNomad	d__Bacteria;p__Firmicutes;c__Bacilli;o__Lactobacillales;f__Enterococcaceae;g__Enterococcus_B;s__Enterococcus_B faecium	Isolate taxonomy	Inoviruses (10.1038/s41564-019-0510-x)
IMGVR_UViG_2645728018_000001	2645728018	2645776078	;;;	vOTU_00000166	4456	0	4456	true	8	8	0	5	Linear	0.9228	High-confidence	64.19	0.0	Genome fragment	r__Monodnaviria;k__Loebvirae;p__Hofneiviricota;c__Faserviricetes;o__Tubulavirales;f__Inoviridae;;	geNomad	d__Bacteria;p__Proteobacteria;c__Gammaproteobacteria;o__Xanthomonadales;f__Xanthomonadaceae;g__Xylella;s__Xylella fastidiosa	Isolate taxonomy	Inoviruses (10.1038/s41564-019-0510-x)
IMGVR_UViG_2645728018_000002	2645728018	2645776081	;;;	vOTU_00000167	5643	1	5643	false	8	8	0	6	Provirus	0.913	High-confidence	76.71	0.0	Genome fragment	r__Monodnaviria;k__Loebvirae;p__Hofneiviricota;c__Faserviricetes;o__Tubulavirales;f__Inoviridae;;	geNomad	d__Bacteria;p__Proteobacteria;c__Gammaproteobacteria;o__Xanthomonadales;f__Xanthomonadaceae;g__Xylella;s__Xylella fastidiosa	Isolate taxonomy	Inoviruses (10.1038/s41564-019-0510-x)
IMGVR_UViG_2645728018_000003	2645728018	2645776082	;;;	vOTU_00000167	5061	0	5061	true	7	7	0	5	Linear	0.9099	High-confidence	68.80	0.0	Genome fragment	r__Monodnaviria;k__Loebvirae;p__Hofneiviricota;c__Faserviricetes;o__Tubulavirales;f__Inoviridae;;	geNomad	d__Bacteria;p__Proteobacteria;c__Gammaproteobacteria;o__Xanthomonadales;f__Xanthomonadaceae;g__Xylella;s__Xylella fastidiosa	Isolate taxonomy	Inoviruses (10.1038/s41564-019-0510-x)
IMGVR_UViG_2648501195_000001	2648501195	2648510747	;;;	vOTU_00000168	7812	317	8128	false	15	15	0	6	Provirus	0.811	High-confidence	100.00	0.0	High-quality	r__Monodnaviria;k__Loebvirae;p__Hofneiviricota;c__Faserviricetes;o__Tubulavirales;f__Inoviridae;;	geNomad	d__Bacteria;p__Proteobacteria;c__Gammaproteobacteria;o__Pseudomonadales;f__Moraxellaceae;g__Acinetobacter;s__Acinetobacter baumannii	Isolate taxonomy	Inoviruses (10.1038/s41564-019-0510-x)
IMGVR_UViG_2648501197_000001	2648501197	2648510946	;;;	vOTU_00000003	7645	1	7645	false	8	8	0	6	Provirus	0.9234	High-confidence	100.00	0.0	High-quality	r__Monodnaviria;k__Loebvirae;p__Hofneiviricota;c__Faserviricetes;o__Tubulavirales;f__Inoviridae;;	geNomad	d__Bacteria;p__Proteobacteria;c__Gammaproteobacteria;o__Pseudomonadales;f__Pseudomonadaceae;g__Pseudomonas_E;s__Pseudomonas_E amygdali	Isolate taxonomy	Inoviruses (10.1038/s41564-019-0510-x)
IMGVR_UViG_2648501274_000001	2648501274	2648516736	;;;	vOTU_00000169	4102	0	4102	true	7	7	0	5	Linear	0.9656	High-confidence	64.89	0.0	Genome fragment	r__Monodnaviria;k__Loebvirae;p__Hofneiviricota;c__Faserviricetes;o__Tubulavirales;f__Inoviridae;;	geNomad	d__Bacteria;p__Proteobacteria;c__Gammaproteobacteria;o__Xanthomonadales;f__Xanthomonadaceae;g__Xanthomonas;s__Xanthomonas cissicola	Isolate taxonomy	Inoviruses (10.1038/s41564-019-0510-x)
IMGVR_UViG_2648501292_000001	2648501292	2648518169	;;;	vOTU_00000128	7022	0	7022	true	10	10	0	8	Linear	0.954	High-confidence	93.77	0.0	High-quality	r__Monodnaviria;k__Loebvirae;p__Hofneiviricota;c__Faserviricetes;o__Tubulavirales;f__Inoviridae;;	geNomad	d__Bacteria;p__Proteobacteria;c__Gammaproteobacteria;o__Enterobacterales;f__Vibrionaceae;g__Vibrio;s__Vibrio cholerae	Isolate taxonomy	Inoviruses (10.1038/s41564-019-0510-x)
IMGVR_UViG_2648501394_000001	2648501394	2648526062	;;;	vOTU_00000170	6864	0	6864	true	8	8	0	6	Linear	0.9683	High-confidence	98.37	0.0	High-quality	r__Monodnaviria;k__Loebvirae;p__Hofneiviricota;c__Faserviricetes;o__Tubulavirales;f__Inoviridae;;	geNomad	d__Bacteria;p__Proteobacteria;c__Gammaproteobacteria;o__Pseudomonadales;f__Pseudomonadaceae;g__Pseudomonas;s__Pseudomonas aeruginosa	Isolate taxonomy	Inoviruses (10.1038/s41564-019-0510-x)
IMGVR_UViG_2648501469_000001	2648501469	2648530927	;;;	vOTU_00000171	5984	0	5984	true	8	8	0	5	Linear	0.9383	High-confidence	82.20	0.0	Genome fragment	r__Monodnaviria;k__Loebvirae;p__Hofneiviricota;c__Faserviricetes;o__Tubulavirales;f__Inoviridae;;	geNomad	d__Bacteria;p__Proteobacteria;c__Gammaproteobacteria;o__Enterobacterales;f__Aeromonadaceae;g__Aeromonas;s__Aeromonas salmonicida	Isolate taxonomy	Inoviruses (10.1038/s41564-019-0510-x)
IMGVR_UViG_2648501687_000001	2648501687	2648558808	;;;	vOTU_00000172	4226	0	4226	true	7	7	0	3	Linear	0.9458	High-confidence	47.26	0.0	Genome fragment	r__Monodnaviria;k__Loebvirae;p__Hofneiviricota;c__Faserviricetes;o__Tubulavirales;f__Inoviridae;;	geNomad	d__Bacteria;p__Proteobacteria;c__Gammaproteobacteria;o__Burkholderiales;f__Burkholderiaceae;g__Burkholderia;s__Burkholderia mallei	Isolate taxonomy	Inoviruses (10.1038/s41564-019-0510-x)
IMGVR_UViG_2648501687_000002	2648501687	2648558810	;;;	vOTU_00000173	4210	0	4210	true	7	7	0	3	Linear	0.8861	High-confidence	47.09	0.0	Genome fragment	r__Monodnaviria;k__Loebvirae;p__Hofneiviricota;c__Faserviricetes;o__Tubulavirales;f__Inoviridae;;	geNomad	d__Bacteria;p__Proteobacteria;c__Gammaproteobacteria;o__Burkholderiales;f__Burkholderiaceae;g__Burkholderia;s__Burkholderia mallei	Isolate taxonomy	Inoviruses (10.1038/s41564-019-0510-x)
IMGVR_UViG_2648501840_000001	2648501840	2648572678	;;;	vOTU_00000174	8095	700	8794	false	13	13	0	7	Provirus	0.8861	High-confidence	95.82	0.0	High-quality	r__Monodnaviria;k__Loebvirae;p__Hofneiviricota;c__Faserviricetes;o__Tubulavirales;f__Inoviridae;;	geNomad	d__Bacteria;p__Proteobacteria;c__Gammaproteobacteria;o__Enterobacterales;f__Vibrionaceae;g__Vibrio;s__Vibrio crassostreae	Isolate taxonomy	Inoviruses (10.1038/s41564-019-0510-x)
IMGVR_UViG_2648501891_000001	2648501891	2648577761	;;;	vOTU_00000175	8357	1	8357	false	15	15	0	13	Provirus	0.9469	High-confidence	100.00	0.0	High-quality	r__Monodnaviria;k__Loebvirae;p__Hofneiviricota;c__Faserviricetes;o__Tubulavirales;f__Inoviridae;;	geNomad	d__Bacteria;p__Proteobacteria;c__Gammaproteobacteria;o__Pseudomonadales;f__Pseudomonadaceae;g__Pseudomonas;s__Pseudomonas aeruginosa	Isolate taxonomy	Inoviruses (10.1038/s41564-019-0510-x)
IMGVR_UViG_2648501904_000001	2648501904	2648578848	;;;	vOTU_00000057	5693	0	5693	true	9	9	0	6	Linear	0.9629	High-confidence	88.67	0.0	Genome fragment	r__Monodnaviria;k__Loebvirae;p__Hofneiviricota;c__Faserviricetes;o__Tubulavirales;f__Inoviridae;;	geNomad	d__Bacteria;p__Proteobacteria;c__Gammaproteobacteria;o__Xanthomonadales;f__Xanthomonadaceae;g__Xanthomonas;s__Xanthomonas phaseoli	Isolate taxonomy	Inoviruses (10.1038/s41564-019-0510-x)
IMGVR_UViG_2651869727_000001	2651869727	2651895954	;;;	vOTU_00000176	10302	0	10302	true	16	16	0	10	Linear	0.9677	High-confidence	100.00	0.0	High-quality	r__Monodnaviria;k__Loebvirae;p__Hofneiviricota;c__Faserviricetes;o__Tubulavirales;f__Inoviridae;;	geNomad	d__Bacteria;p__Proteobacteria;c__Gammaproteobacteria;o__Enterobacterales;f__Vibrionaceae;g__Vibrio;s__Vibrio parahaemolyticus	Isolate taxonomy	Inoviruses (10.1038/s41564-019-0510-x)
IMGVR_UViG_2651869745_000001	2651869745	2651898763	;;;	vOTU_00000177	6171	500	6670	false	8	8	0	7	Provirus	0.9632	High-confidence	92.60	0.0	High-quality	r__Monodnaviria;k__Loebvirae;p__Hofneiviricota;c__Faserviricetes;o__Tubulavirales;f__Inoviridae;;	geNomad	d__Bacteria;p__Proteobacteria;c__Gammaproteobacteria;o__Xanthomonadales;f__Xanthomonadaceae;g__Xanthomonas;s__Xanthomonas cissicola	Isolate taxonomy	Inoviruses (10.1038/s41564-019-0510-x)
IMGVR_UViG_2651869775_000001	2651869775	2651901264	;;;	vOTU_00000178	6425	443	6867	false	10	10	0	9	Provirus	0.9802	High-confidence	69.69	0.0	Genome fragment	r__Monodnaviria;k__Loebvirae;p__Hofneiviricota;c__Faserviricetes;o__Tubulavirales;f__Inoviridae;;	geNomad	d__Bacteria;p__Proteobacteria;c__Gammaproteobacteria;o__Enterobacterales;f__Vibrionaceae;g__Vibrio;s__Vibrio vulnificus	Isolate taxonomy	Inoviruses (10.1038/s41564-019-0510-x)
IMGVR_UViG_2651869789_000001	2651869789	2651902655	;;;	vOTU_00000177	5773	938	6710	false	8	8	0	6	Provirus	0.9502	High-confidence	86.63	0.0	Genome fragment	r__Monodnaviria;k__Loebvirae;p__Hofneiviricota;c__Faserviricetes;o__Tubulavirales;f__Inoviridae;;	geNomad	d__Bacteria;p__Proteobacteria;c__Gammaproteobacteria;o__Xanthomonadales;f__Xanthomonadaceae;g__Xanthomonas;s__Xanthomonas cissicola	Isolate taxonomy	Inoviruses (10.1038/s41564-019-0510-x)
IMGVR_UViG_2651869837_000001	2651869837	2651908547	;;;	vOTU_00000179	5448	1	5448	false	8	8	0	8	Provirus	0.981	High-confidence	50.22	0.0	Genome fragment	r__Monodnaviria;k__Loebvirae;p__Hofneiviricota;c__Faserviricetes;o__Tubulavirales;f__Inoviridae;;	geNomad	d__Bacteria;p__Proteobacteria;c__Gammaproteobacteria;o__Enterobacterales;f__Vibrionaceae;g__Vibrio;s__Vibrio parahaemolyticus	Isolate taxonomy	Inoviruses (10.1038/s41564-019-0510-x)
IMGVR_UViG_2651870143_000001	2651870143	2651953466	Environmental;Aquatic;Marine;Unclassified	vOTU_00000180	5175	0	5175	true	7	7	0	4	Linear	0.963	High-confidence	78.25	0.0	Genome fragment	r__Monodnaviria;k__Loebvirae;p__Hofneiviricota;c__Faserviricetes;o__Tubulavirales;f__Inoviridae;;	geNomad	d__Bacteria;p__Proteobacteria;c__Gammaproteobacteria;o__Pseudomonadales;f__Moraxellaceae;g__Acinetobacter;	CRISPR spacer match	Inoviruses (10.1038/s41564-019-0510-x)
IMGVR_UViG_2651870206_000001	2651870206	2651966110	Environmental;Aquatic;Marine;Unclassified	vOTU_00000180	6384	0	6384	true	10	10	0	5	Linear	0.9683	High-confidence	96.50	0.0	High-quality	r__Monodnaviria;k__Loebvirae;p__Hofneiviricota;c__Faserviricetes;o__Tubulavirales;f__Inoviridae;;	geNomad	d__Bacteria;p__Proteobacteria;c__Gammaproteobacteria;o__Pseudomonadales;f__Moraxellaceae;g__Acinetobacter;	CRISPR spacer match	Inoviruses (10.1038/s41564-019-0510-x)
IMGVR_UViG_2651870311_000001	2651870311	2651987674	Host-associated;Porifera;Unclassified;Unclassified	vOTU_00000181	8865	839	9703	false	14	14	0	5	Provirus	0.8794	High-confidence	NA	0.0	Unsure	r__Monodnaviria;k__Loebvirae;p__Hofneiviricota;c__Faserviricetes;o__Tubulavirales;f__Inoviridae;;	geNomad	d__Bacteria;p__Proteobacteria;c__Gammaproteobacteria;o__Pseudomonadales;f__Endozoicomonadaceae;g__Endozoicomonas;s__Endozoicomonas arenosclerae	Isolate taxonomy	Inoviruses (10.1038/s41564-019-0510-x)
IMGVR_UViG_2654587525_000001	2654587525	2654589201	;;;	vOTU_00000182	9236	0	9236	true	12	12	0	3	Linear	0.9453	High-confidence	100.00	0.0	High-quality	r__Monodnaviria;k__Loebvirae;p__Hofneiviricota;c__Faserviricetes;o__Tubulavirales;f__Inoviridae;;	geNomad	d__Bacteria;p__Proteobacteria;c__Gammaproteobacteria;o__Burkholderiales;f__Burkholderiaceae;g__Burkholderia;s__Burkholderia mallei	Isolate taxonomy	Inoviruses (10.1038/s41564-019-0510-x)
IMGVR_UViG_2654587696_000001	2654587696	2654600957	;;;	vOTU_00000183	5140	1	5140	false	7	7	0	4	Provirus	0.9239	High-confidence	58.93	0.0	Genome fragment	r__Monodnaviria;k__Loebvirae;p__Hofneiviricota;c__Faserviricetes;o__Tubulavirales;f__Inoviridae;;	NR (doi:10.5281/zenodo.6574914)	d__Bacteria;p__Proteobacteria;c__Gammaproteobacteria;o__Enterobacterales;f__Aeromonadaceae;g__Aeromonas;s__Aeromonas allosaccharophila	Isolate taxonomy	Inoviruses (10.1038/s41564-019-0510-x)
IMGVR_UViG_2654587793_000001	2654587793	2654606711	;;;	vOTU_00000184	4520	0	4520	true	7	7	0	6	Linear	0.9763	High-confidence	42.34	0.0	Genome fragment	r__Monodnaviria;k__Loebvirae;p__Hofneiviricota;c__Faserviricetes;o__Tubulavirales;f__Inoviridae;;	geNomad	d__Bacteria;p__Proteobacteria;c__Gammaproteobacteria;o__Pseudomonadales;f__Pseudomonadaceae;g__Pseudomonas;s__Pseudomonas aeruginosa	Isolate taxonomy	Inoviruses (10.1038/s41564-019-0510-x)
IMGVR_UViG_2657244944_000001	2657244944	2657249752	;;;	vOTU_00000186	6783	0	6783	true	8	8	0	7	Linear	0.9618	High-confidence	92.60	0.0	High-quality	r__Monodnaviria;k__Loebvirae;p__Hofneiviricota;c__Faserviricetes;o__Tubulavirales;f__Inoviridae;;	geNomad	d__Bacteria;p__Proteobacteria;c__Gammaproteobacteria;o__Xanthomonadales;f__Xanthomonadaceae;g__Stenotrophomonas;s__Stenotrophomonas pavanii	Isolate taxonomy	Inoviruses (10.1038/s41564-019-0510-x)
IMGVR_UViG_2657245041_000001	2657245041	2657260641	;;;	vOTU_00000028	8180	1	8180	false	13	13	0	6	Provirus	0.9142	High-confidence	96.37	0.0	High-quality	r__Monodnaviria;k__Loebvirae;p__Hofneiviricota;c__Faserviricetes;o__Tubulavirales;f__Inoviridae;;	geNomad	d__Bacteria;p__Proteobacteria;c__Gammaproteobacteria;o__Enterobacterales;f__Enterobacteriaceae;g__Yersinia;s__Yersinia enterocolitica	Isolate taxonomy	Inoviruses (10.1038/s41564-019-0510-x)
IMGVR_UViG_2657245065_000001	2657245065	2657263299	;;;	vOTU_00000187	6846	0	6846	true	10	10	0	5	Linear	0.9452	High-confidence	81.83	0.0	Genome fragment	r__Monodnaviria;k__Loebvirae;p__Hofneiviricota;c__Faserviricetes;o__Tubulavirales;f__Inoviridae;;	geNomad	d__Bacteria;p__Proteobacteria;c__Gammaproteobacteria;o__Burkholderiales;f__Neisseriaceae;g__Neisseria;s__Neisseria gonorrhoeae	Isolate taxonomy	Inoviruses (10.1038/s41564-019-0510-x)
IMGVR_UViG_2657245092_000002	2657245092	2657266822	;;;	vOTU_00000188	5335	0	5335	true	8	8	0	3	Linear	0.9268	High-confidence	62.92	0.0	Genome fragment	r__Monodnaviria;k__Loebvirae;p__Hofneiviricota;c__Faserviricetes;o__Tubulavirales;f__Inoviridae;;	geNomad	d__Bacteria;p__Proteobacteria;c__Gammaproteobacteria;o__Burkholderiales;f__Neisseriaceae;g__Neisseria;s__Neisseria gonorrhoeae	Isolate taxonomy	Inoviruses (10.1038/s41564-019-0510-x)
IMGVR_UViG_2657245402_000001	2657245402	2657295935	;;;	vOTU_00000189	4978	0	4978	true	8	8	0	7	Linear	0.9724	High-confidence	77.60	0.0	Genome fragment	r__Monodnaviria;k__Loebvirae;p__Hofneiviricota;c__Faserviricetes;o__Tubulavirales;f__Inoviridae;;	geNomad	d__Bacteria;p__Proteobacteria;c__Gammaproteobacteria;o__Xanthomonadales;f__Xanthomonadaceae;g__Xanthomonas;s__Xanthomonas cissicola	Isolate taxonomy	Inoviruses (10.1038/s41564-019-0510-x)
IMGVR_UViG_2657245455_000001	2657245455	2657301859	;;;	vOTU_00000190	7556	7880	15435	false	0	0	0	5	Provirus	0.9189	High-confidence	70.05	0.0	Genome fragment	r__Monodnaviria;k__Loebvirae;p__Hofneiviricota;c__Faserviricetes;o__Tubulavirales;f__Inoviridae;;	geNomad	d__Bacteria;p__Proteobacteria;c__Gammaproteobacteria;o__Enterobacterales;f__Vibrionaceae;g__Vibrio;s__Vibrio parahaemolyticus	Isolate taxonomy	Inoviruses (10.1038/s41564-019-0510-x)
IMGVR_UViG_2657245533_000001	2657245533	2657311141	;;;	vOTU_00000191	4484	1	4484	false	9	9	0	5	Provirus	0.9611	High-confidence	73.44	0.0	Genome fragment	r__Monodnaviria;k__Loebvirae;p__Hofneiviricota;c__Faserviricetes;o__Tubulavirales;f__Inoviridae;;	NR (doi:10.5281/zenodo.6574914)	d__Bacteria;p__Proteobacteria;c__Gammaproteobacteria;o__Pseudomonadales;f__Moraxellaceae;g__Acinetobacter;s__Acinetobacter baumannii	Isolate taxonomy	Inoviruses (10.1038/s41564-019-0510-x)
IMGVR_UViG_2657245558_000001	2657245558	2657313425	Host-associated;Mammals: Human;Unclassified;Unclassified	vOTU_00000128	6816	0	6816	true	13	13	0	9	Linear	0.9296	High-confidence	91.45	0.0	High-quality	r__Monodnaviria;k__Loebvirae;p__Hofneiviricota;c__Faserviricetes;o__Tubulavirales;f__Inoviridae;;	geNomad	d__Bacteria;p__Proteobacteria;c__Gammaproteobacteria;o__Enterobacterales;f__Vibrionaceae;g__Vibrio;s__Vibrio cholerae	Isolate taxonomy	Inoviruses (10.1038/s41564-019-0510-x)
IMGVR_UViG_2657245635_000001	2657245635	2657320905	;;;	vOTU_00000192	7284	0	7284	true	13	13	0	8	Linear	0.9776	High-confidence	77.69	0.0	Genome fragment	r__Monodnaviria;k__Loebvirae;p__Hofneiviricota;c__Faserviricetes;o__Tubulavirales;f__Inoviridae;;	geNomad	d__Bacteria;p__Proteobacteria;c__Gammaproteobacteria;o__Enterobacterales;f__Vibrionaceae;g__Vibrio;s__Vibrio parahaemolyticus	Isolate taxonomy	Inoviruses (10.1038/s41564-019-0510-x)
IMGVR_UViG_2657245646_000002	2657245646	2657322615	;;;	vOTU_00000192	7358	0	7358	true	11	11	0	9	Linear	0.9695	High-confidence	79.35	0.0	Genome fragment	r__Monodnaviria;k__Loebvirae;p__Hofneiviricota;c__Faserviricetes;o__Tubulavirales;f__Inoviridae;;	geNomad	d__Bacteria;p__Proteobacteria;c__Gammaproteobacteria;o__Enterobacterales;f__Vibrionaceae;g__Vibrio;s__Vibrio parahaemolyticus	Isolate taxonomy	Inoviruses (10.1038/s41564-019-0510-x)
IMGVR_UViG_2660237913_000001	2660237913	2660238396	;;;	vOTU_00000193	7698	0	7698	true	10	10	0	2	Linear	0.8112	High-confidence	96.08	0.0	High-quality	r__Monodnaviria;k__Loebvirae;p__Hofneiviricota;c__Faserviricetes;o__Tubulavirales;f__Inoviridae;;	geNomad	d__Bacteria;p__Proteobacteria;c__Gammaproteobacteria;o__Enterobacterales;f__Enterobacteriaceae;g__Citrobacter;s__Citrobacter freundii	Isolate taxonomy	Inoviruses (10.1038/s41564-019-0510-x)
IMGVR_UViG_2660237944_000001	2660237944	2660241359	;;;	vOTU_00000121	4648	0	4648	true	8	8	0	5	Linear	0.9725	High-confidence	43.54	0.0	Genome fragment	r__Monodnaviria;k__Loebvirae;p__Hofneiviricota;c__Faserviricetes;o__Tubulavirales;f__Inoviridae;;	NR (doi:10.5281/zenodo.6574914)	d__Bacteria;p__Proteobacteria;c__Gammaproteobacteria;o__Pseudomonadales;f__Pseudomonadaceae;g__Pseudomonas;s__Pseudomonas aeruginosa	Isolate taxonomy	Inoviruses (10.1038/s41564-019-0510-x)
IMGVR_UViG_2660237951_000001	2660237951	2660241984	;;;	vOTU_00000028	6649	0	6649	true	9	9	0	5	Linear	0.9255	High-confidence	81.21	0.0	Genome fragment	r__Monodnaviria;k__Loebvirae;p__Hofneiviricota;c__Faserviricetes;o__Tubulavirales;f__Inoviridae;;	geNomad	d__Bacteria;p__Proteobacteria;c__Gammaproteobacteria;o__Enterobacterales;f__Enterobacteriaceae;g__Escherichia;s__Escherichia coli	Isolate taxonomy	Inoviruses (10.1038/s41564-019-0510-x)
IMGVR_UViG_2660237963_000001	2660237963	2660243645	;;;	vOTU_00000194	7101	0	7101	true	10	10	0	7	Linear	0.978	High-confidence	99.72	0.0	High-quality	r__Monodnaviria;k__Loebvirae;p__Hofneiviricota;c__Faserviricetes;o__Tubulavirales;f__Inoviridae;;	geNomad	d__Bacteria;p__Proteobacteria;c__Gammaproteobacteria;o__Pseudomonadales;f__Moraxellaceae;g__Acinetobacter;s__Acinetobacter pittii	Isolate taxonomy	Inoviruses (10.1038/s41564-019-0510-x)
IMGVR_UViG_2660237978_000001	2660237978	2660245032	;;;	vOTU_00000192	6651	1	6651	false	9	9	0	6	Provirus	0.9567	High-confidence	71.32	0.0	Genome fragment	r__Monodnaviria;k__Loebvirae;p__Hofneiviricota;c__Faserviricetes;o__Tubulavirales;f__Inoviridae;;	geNomad	d__Bacteria;p__Proteobacteria;c__Gammaproteobacteria;o__Enterobacterales;f__Vibrionaceae;g__Vibrio;s__Vibrio parahaemolyticus	Isolate taxonomy	Inoviruses (10.1038/s41564-019-0510-x)
IMGVR_UViG_2660237989_000002	2660237989	2660246663	;;;	vOTU_00000195	7276	1	7276	false	11	11	0	7	Provirus	0.9772	High-confidence	72.84	0.0	Genome fragment	r__Monodnaviria;k__Loebvirae;p__Hofneiviricota;c__Faserviricetes;o__Tubulavirales;f__Inoviridae;;	geNomad	d__Bacteria;p__Proteobacteria;c__Gammaproteobacteria;o__Enterobacterales;f__Vibrionaceae;g__Vibrio;s__Vibrio parahaemolyticus	Isolate taxonomy	Inoviruses (10.1038/s41564-019-0510-x)
IMGVR_UViG_2660238047_000001	2660238047	2660255922	;;;	vOTU_00000196	9992	0	9992	true	14	14	0	10	Linear	0.9596	High-confidence	100.00	0.0	High-quality	r__Monodnaviria;k__Loebvirae;p__Hofneiviricota;c__Faserviricetes;o__Tubulavirales;f__Inoviridae;;	geNomad	d__Bacteria;p__Proteobacteria;c__Gammaproteobacteria;o__Enterobacterales;f__Vibrionaceae;g__Vibrio;s__Vibrio parahaemolyticus	Isolate taxonomy	Inoviruses (10.1038/s41564-019-0510-x)
IMGVR_UViG_2660238049_000001	2660238049	2660256304	;;;	vOTU_00000197	6981	0	6981	true	12	12	0	11	Linear	0.9798	High-confidence	49.91	0.0	Genome fragment	r__Monodnaviria;k__Loebvirae;p__Hofneiviricota;c__Faserviricetes;o__Tubulavirales;f__Inoviridae;;	geNomad	d__Bacteria;p__Proteobacteria;c__Gammaproteobacteria;o__Enterobacterales;f__Vibrionaceae;g__Vibrio;s__Vibrio parahaemolyticus	Isolate taxonomy	Inoviruses (10.1038/s41564-019-0510-x)
IMGVR_UViG_2660238077_000001	2660238077	2660260535	;;;	vOTU_00000187	6605	0	6605	true	10	10	0	5	Linear	0.9553	High-confidence	78.93	0.0	Genome fragment	r__Monodnaviria;k__Loebvirae;p__Hofneiviricota;c__Faserviricetes;o__Tubulavirales;f__Inoviridae;;	geNomad	d__Bacteria;p__Proteobacteria;c__Gammaproteobacteria;o__Burkholderiales;f__Neisseriaceae;g__Neisseria;s__Neisseria gonorrhoeae	Isolate taxonomy	Inoviruses (10.1038/s41564-019-0510-x)
IMGVR_UViG_2660238093_000001	2660238093	2660262078	;;;	vOTU_00000198	5806	0	5806	true	9	9	0	3	Linear	0.496	High-confidence	92.67	0.0	High-quality	r__Monodnaviria;k__Loebvirae;p__Hofneiviricota;c__Faserviricetes;o__Tubulavirales;f__Inoviridae;;	geNomad	d__Bacteria;p__Proteobacteria;c__Gammaproteobacteria;o__Pseudomonadales;f__Moraxellaceae;g__Acinetobacter;s__Acinetobacter baumannii	Isolate taxonomy	Inoviruses (10.1038/s41564-019-0510-x)
IMGVR_UViG_2660238093_000003	2660238093	2660262231	;;;	vOTU_00000199	7831	911	8741	false	9	9	0	6	Provirus	0.1252	High-confidence	100.00	0.0	High-quality	r__Monodnaviria;k__Loebvirae;p__Hofneiviricota;c__Faserviricetes;o__Tubulavirales;f__Inoviridae;;	geNomad	d__Bacteria;p__Proteobacteria;c__Gammaproteobacteria;o__Pseudomonadales;f__Moraxellaceae;g__Acinetobacter;s__Acinetobacter baumannii	Isolate taxonomy	Inoviruses (10.1038/s41564-019-0510-x)
IMGVR_UViG_2660238094_000002	2660238094	2660262470	;;;	vOTU_00000095	5090	1	5090	false	8	8	0	8	Provirus	0.9776	High-confidence	77.11	0.0	Genome fragment	r__Monodnaviria;k__Loebvirae;p__Hofneiviricota;c__Faserviricetes;o__Tubulavirales;f__Inoviridae;;	geNomad	d__Bacteria;p__Proteobacteria;c__Gammaproteobacteria;o__Enterobacterales;f__Vibrionaceae;g__Vibrio;s__Vibrio parahaemolyticus	Isolate taxonomy	Inoviruses (10.1038/s41564-019-0510-x)
IMGVR_UViG_2660238096_000001	2660238096	2660262882	;;;	vOTU_00000200	6693	0	6693	true	10	10	0	4	Linear	0.7785	High-confidence	99.59	0.0	High-quality	r__Monodnaviria;k__Loebvirae;p__Hofneiviricota;c__Faserviricetes;o__Tubulavirales;f__Inoviridae;;	geNomad	d__Bacteria;p__Proteobacteria;c__Gammaproteobacteria;o__Pseudomonadales;f__Moraxellaceae;g__Acinetobacter;s__Acinetobacter baumannii	Isolate taxonomy	Inoviruses (10.1038/s41564-019-0510-x)
IMGVR_UViG_2660238238_000002	2660238238	2660284233	;;;	vOTU_00000187	5399	1	5399	false	9	9	0	6	Provirus	0.9601	High-confidence	64.22	0.0	Genome fragment	r__Monodnaviria;k__Loebvirae;p__Hofneiviricota;c__Faserviricetes;o__Tubulavirales;f__Inoviridae;;	geNomad	d__Bacteria;p__Proteobacteria;c__Gammaproteobacteria;o__Burkholderiales;f__Neisseriaceae;g__Neisseria;s__Neisseria gonorrhoeae	Isolate taxonomy	Inoviruses (10.1038/s41564-019-0510-x)
IMGVR_UViG_2660238261_000001	2660238261	2660286818	;;;	vOTU_00000187	5695	1	5695	false	9	9	0	6	Provirus	0.9625	High-confidence	68.01	0.0	Genome fragment	r__Monodnaviria;k__Loebvirae;p__Hofneiviricota;c__Faserviricetes;o__Tubulavirales;f__Inoviridae;;	geNomad	d__Bacteria;p__Proteobacteria;c__Gammaproteobacteria;o__Burkholderiales;f__Neisseriaceae;g__Neisseria;s__Neisseria gonorrhoeae	Isolate taxonomy	Inoviruses (10.1038/s41564-019-0510-x)
IMGVR_UViG_2660238319_000001	2660238319	2660291785	;;;	vOTU_00000201	10330	0	10330	true	12	12	0	5	Linear	0.889	High-confidence	100.00	0.0	High-quality	r__Monodnaviria;k__Loebvirae;p__Hofneiviricota;c__Faserviricetes;o__Tubulavirales;f__Inoviridae;;	geNomad	d__Bacteria;p__Proteobacteria;c__Gammaproteobacteria;o__Enterobacterales;f__Vibrionaceae;g__Vibrio;s__Vibrio parahaemolyticus	Isolate taxonomy	Inoviruses (10.1038/s41564-019-0510-x)
IMGVR_UViG_2660238329_000001	2660238329	2660292858	;;;	vOTU_00000202	5237	0	5237	true	8	8	0	2	Linear	0.6699	High-confidence	54.82	0.0	Genome fragment	r__Monodnaviria;k__Loebvirae;p__Hofneiviricota;c__Faserviricetes;o__Tubulavirales;f__Inoviridae;;	geNomad	d__Bacteria;p__Proteobacteria;c__Gammaproteobacteria;o__Enterobacterales;f__Vibrionaceae;g__Vibrio;s__Vibrio parahaemolyticus	Isolate taxonomy	Inoviruses (10.1038/s41564-019-0510-x)
IMGVR_UViG_2660238346_000001	2660238346	2660296411	;;;	vOTU_00000203	8225	1014	9238	false	9	9	0	2	Provirus	0.6715	High-confidence	99.36	0.0	High-quality	r__Monodnaviria;k__Loebvirae;p__Hofneiviricota;c__Faserviricetes;o__Tubulavirales;;;	vOTU consensus	d__Bacteria;p__Proteobacteria;c__Gammaproteobacteria;o__Enterobacterales;f__Enterobacteriaceae;g__Escherichia;s__Escherichia coli	Isolate taxonomy	Inoviruses (10.1038/s41564-019-0510-x)
IMGVR_UViG_2660238352_000001	2660238352	2660298869	;;;	vOTU_00000203	9887	0	9887	true	11	11	0	7	Concatemer	0.9059	High-confidence	NA	0.0	Unsure	r__Monodnaviria;k__Loebvirae;p__Hofneiviricota;c__Faserviricetes;o__Tubulavirales;;;	vOTU consensus	d__Bacteria;p__Proteobacteria;c__Gammaproteobacteria;o__Enterobacterales;f__Enterobacteriaceae;g__Escherichia;s__Escherichia coli	Isolate taxonomy	Inoviruses (10.1038/s41564-019-0510-x)
IMGVR_UViG_2660238381_000002	2660238381	2660303017	;;;	vOTU_00000187	5173	534	5706	false	9	9	0	4	Provirus	0.958	High-confidence	62.25	0.0	Genome fragment	r__Monodnaviria;k__Loebvirae;p__Hofneiviricota;c__Faserviricetes;o__Tubulavirales;f__Inoviridae;;	geNomad	d__Bacteria;p__Proteobacteria;c__Gammaproteobacteria;o__Burkholderiales;f__Neisseriaceae;g__Neisseria;s__Neisseria gonorrhoeae	Isolate taxonomy	Inoviruses (10.1038/s41564-019-0510-x)
IMGVR_UViG_2660238498_000001	2660238498	2660313837	;;;	vOTU_00000196	9977	0	9977	true	14	14	0	10	Linear	0.9672	High-confidence	100.00	0.0	High-quality	r__Monodnaviria;k__Loebvirae;p__Hofneiviricota;c__Faserviricetes;o__Tubulavirales;f__Inoviridae;;	geNomad	d__Bacteria;p__Proteobacteria;c__Gammaproteobacteria;o__Enterobacterales;f__Vibrionaceae;g__Vibrio;s__Vibrio parahaemolyticus	Isolate taxonomy	Inoviruses (10.1038/s41564-019-0510-x)
IMGVR_UViG_2660238514_000001	2660238514	2660316439	;;;	vOTU_00000204	8179	1	8179	false	13	13	0	8	Provirus	0.9119	High-confidence	100.00	0.0	High-quality	r__Monodnaviria;k__Loebvirae;p__Hofneiviricota;c__Faserviricetes;o__Tubulavirales;f__Inoviridae;;	geNomad	d__Bacteria;p__Proteobacteria;c__Gammaproteobacteria;o__Enterobacterales;f__Vibrionaceae;g__Vibrio;s__Vibrio parahaemolyticus	Isolate taxonomy	Inoviruses (10.1038/s41564-019-0510-x)
IMGVR_UViG_2660238645_000001	2660238645	2660328641	;;;	vOTU_00000188	5020	0	5020	true	8	8	0	3	Linear	0.9259	High-confidence	59.21	0.0	Genome fragment	r__Monodnaviria;k__Loebvirae;p__Hofneiviricota;c__Faserviricetes;o__Tubulavirales;f__Inoviridae;;	geNomad	d__Bacteria;p__Proteobacteria;c__Gammaproteobacteria;o__Burkholderiales;f__Neisseriaceae;g__Neisseria;s__Neisseria gonorrhoeae	Isolate taxonomy	Inoviruses (10.1038/s41564-019-0510-x)
IMGVR_UViG_2663762621_000001	2663762621	2663764945	;;;	vOTU_00000080	7864	0	7864	true	8	8	0	5	Linear	0.8504	High-confidence	84.27	0.0	Genome fragment	r__Monodnaviria;k__Loebvirae;p__Hofneiviricota;c__Faserviricetes;o__Tubulavirales;f__Inoviridae;;	geNomad	d__Bacteria;p__Proteobacteria;c__Gammaproteobacteria;o__Enterobacterales;f__Vibrionaceae;g__Vibrio;s__Vibrio parahaemolyticus	Isolate taxonomy	Inoviruses (10.1038/s41564-019-0510-x)
IMGVR_UViG_2663762643_000001	2663762643	2663767317	;;;	vOTU_00000205	6736	294	7029	false	9	9	0	7	Provirus	0.9787	High-confidence	91.97	0.0	High-quality	r__Monodnaviria;k__Loebvirae;p__Hofneiviricota;c__Faserviricetes;o__Tubulavirales;f__Inoviridae;;	geNomad	d__Bacteria;p__Proteobacteria;c__Gammaproteobacteria;o__Pseudomonadales;f__Moraxellaceae;g__Acinetobacter;s__Acinetobacter bereziniae	Isolate taxonomy	Inoviruses (10.1038/s41564-019-0510-x)
IMGVR_UViG_2663762849_000001	2663762849	2663784802	;;;	vOTU_00000203	9380	0	9380	true	8	8	0	3	Linear	0.8383	High-confidence	100.00	0.0	High-quality	r__Monodnaviria;k__Loebvirae;p__Hofneiviricota;c__Faserviricetes;o__Tubulavirales;;;	geNomad	d__Bacteria;p__Proteobacteria;c__Gammaproteobacteria;o__Enterobacterales;f__Enterobacteriaceae;g__Escherichia;s__Escherichia coli	Isolate taxonomy	Inoviruses (10.1038/s41564-019-0510-x)
IMGVR_UViG_2663762849_000002	2663762849	2663784812	;;;	vOTU_00000203	7927	0	7927	true	9	9	0	2	Linear	0.7481	High-confidence	96.01	0.0	High-quality	r__Monodnaviria;k__Loebvirae;p__Hofneiviricota;c__Faserviricetes;o__Tubulavirales;;;	geNomad	d__Bacteria;p__Proteobacteria;c__Gammaproteobacteria;o__Enterobacterales;f__Enterobacteriaceae;g__Escherichia;s__Escherichia coli	Isolate taxonomy	Inoviruses (10.1038/s41564-019-0510-x)
IMGVR_UViG_2663762889_000001	2663762889	2663791530	;;;	vOTU_00000206	9161	1926	11086	false	12	12	0	10	Provirus	0.9753	High-confidence	98.32	0.0	High-quality	r__Monodnaviria;k__Loebvirae;p__Hofneiviricota;c__Faserviricetes;o__Tubulavirales;f__Inoviridae;g__Versovirus;	vOTU with RefSeq genome	d__Bacteria;p__Proteobacteria;c__Gammaproteobacteria;o__Enterobacterales;f__Vibrionaceae;g__Vibrio;s__Vibrio parahaemolyticus	Isolate taxonomy	Inoviruses (10.1038/s41564-019-0510-x)
IMGVR_UViG_2663762923_000001	2663762923	2663794116	;;;	vOTU_00000207	9044	1101	10144	false	18	18	0	11	Provirus	0.9684	High-confidence	84.67	0.0	Genome fragment	r__Monodnaviria;k__Loebvirae;p__Hofneiviricota;c__Faserviricetes;o__Tubulavirales;f__Inoviridae;;	NR (doi:10.5281/zenodo.6574914)	d__Bacteria;p__Proteobacteria;c__Gammaproteobacteria;o__Enterobacterales;f__Vibrionaceae;g__Vibrio;s__Vibrio parahaemolyticus	Isolate taxonomy	Inoviruses (10.1038/s41564-019-0510-x)
IMGVR_UViG_2663763006_000002	2663763006	2663806185	;;;	vOTU_00000208	8989	1	8989	false	15	15	0	8	Provirus	0.9613	High-confidence	95.43	0.0	High-quality	r__Monodnaviria;k__Loebvirae;p__Hofneiviricota;c__Faserviricetes;o__Tubulavirales;f__Inoviridae;;	geNomad	d__Bacteria;p__Proteobacteria;c__Gammaproteobacteria;o__Enterobacterales;f__Vibrionaceae;g__Vibrio;s__Vibrio parahaemolyticus	Isolate taxonomy	Inoviruses (10.1038/s41564-019-0510-x)
IMGVR_UViG_2663763008_000002	2663763008	2663806604	;;;	vOTU_00000209	5239	0	5239	true	7	7	0	6	Linear	0.9732	High-confidence	56.84	0.0	Genome fragment	r__Monodnaviria;k__Loebvirae;p__Hofneiviricota;c__Faserviricetes;o__Tubulavirales;f__Inoviridae;;	geNomad	d__Bacteria;p__Proteobacteria;c__Gammaproteobacteria;o__Enterobacterales;f__Vibrionaceae;g__Vibrio;s__Vibrio cholerae	Isolate taxonomy	Inoviruses (10.1038/s41564-019-0510-x)
IMGVR_UViG_2663763064_000001	2663763064	2663812088	;;;	vOTU_00000121	4648	0	4648	true	8	8	0	5	Linear	0.9746	High-confidence	43.54	0.0	Genome fragment	r__Monodnaviria;k__Loebvirae;p__Hofneiviricota;c__Faserviricetes;o__Tubulavirales;f__Inoviridae;;	NR (doi:10.5281/zenodo.6574914)	d__Bacteria;p__Proteobacteria;c__Gammaproteobacteria;o__Pseudomonadales;f__Pseudomonadaceae;g__Pseudomonas;s__Pseudomonas aeruginosa	Isolate taxonomy	Inoviruses (10.1038/s41564-019-0510-x)
IMGVR_UViG_2663763246_000001	2663763246	2663835593	;;;	vOTU_00000196	9978	0	9978	true	14	14	0	10	Linear	0.9604	High-confidence	100.00	0.0	High-quality	r__Monodnaviria;k__Loebvirae;p__Hofneiviricota;c__Faserviricetes;o__Tubulavirales;f__Inoviridae;;	geNomad	d__Bacteria;p__Proteobacteria;c__Gammaproteobacteria;o__Enterobacterales;f__Vibrionaceae;g__Vibrio;s__Vibrio parahaemolyticus	Isolate taxonomy	Inoviruses (10.1038/s41564-019-0510-x)
IMGVR_UViG_2663763247_000002	2663763247	2663836058	;;;	vOTU_00000163	6279	0	6279	true	10	10	0	4	Linear	0.8579	High-confidence	85.44	0.0	Genome fragment	r__Monodnaviria;k__Loebvirae;p__Hofneiviricota;c__Faserviricetes;o__Tubulavirales;f__Inoviridae;;	geNomad	d__Bacteria;p__Proteobacteria;c__Gammaproteobacteria;o__Enterobacterales;f__Vibrionaceae;g__Vibrio;s__Vibrio parahaemolyticus	Isolate taxonomy	Inoviruses (10.1038/s41564-019-0510-x)
IMGVR_UViG_2663763249_000001	2663763249	2663836641	;;;	vOTU_00000196	9983	0	9983	true	14	14	0	10	Linear	0.9583	High-confidence	100.00	0.0	High-quality	r__Monodnaviria;k__Loebvirae;p__Hofneiviricota;c__Faserviricetes;o__Tubulavirales;f__Inoviridae;;	geNomad	d__Bacteria;p__Proteobacteria;c__Gammaproteobacteria;o__Enterobacterales;f__Vibrionaceae;g__Vibrio;s__Vibrio parahaemolyticus	Isolate taxonomy	Inoviruses (10.1038/s41564-019-0510-x)
IMGVR_UViG_2663763502_000001	2663763502	2663866269	;;;	vOTU_00000210	7747	0	7747	true	12	12	0	6	Linear	0.8125	High-confidence	86.83	0.0	Genome fragment	r__Monodnaviria;k__Loebvirae;p__Hofneiviricota;c__Faserviricetes;o__Tubulavirales;f__Inoviridae;;	geNomad	d__Bacteria;p__Proteobacteria;c__Gammaproteobacteria;o__Enterobacterales;f__Vibrionaceae;g__Vibrio;s__Vibrio parahaemolyticus	Isolate taxonomy	Inoviruses (10.1038/s41564-019-0510-x)
IMGVR_UViG_2663763526_000001	2663763526	2663868373	;;;	vOTU_00000211	13376	76	13451	false	18	18	0	8	Provirus	0.8386	High-confidence	100.00	0.0	High-quality	r__Monodnaviria;k__Loebvirae;p__Hofneiviricota;c__Faserviricetes;o__Tubulavirales;f__Inoviridae;;	geNomad	d__Bacteria;p__Proteobacteria;c__Gammaproteobacteria;o__Enterobacterales;f__Vibrionaceae;g__Vibrio;s__Vibrio parahaemolyticus	Isolate taxonomy	Inoviruses (10.1038/s41564-019-0510-x)
IMGVR_UViG_2667527384_000001	2667527384	2667536833	;;;	vOTU_00000212	4919	0	4919	true	9	9	0		Linear	0.1681	High-confidence	66.58	0.0	Genome fragment	r__Monodnaviria;k__Loebvirae;p__Hofneiviricota;c__Faserviricetes;o__Tubulavirales;f__Inoviridae;;	NR (doi:10.5281/zenodo.6574914)	d__Bacteria;p__Firmicutes_A;c__Clostridia;o__Oscillospirales;f__Ruminococcaceae;g__Hydrogenoanaerobacterium;s__Hydrogenoanaerobacterium saccharovorans	Isolate taxonomy	Inoviruses (10.1038/s41564-019-0510-x)
IMGVR_UViG_2667527595_000001	2667527595	2667546164	;;;	vOTU_00000203	8291	1	8291	false	11	11	0	3	Provirus	0.6486	High-confidence	100.00	0.0	High-quality	r__Monodnaviria;k__Loebvirae;p__Hofneiviricota;c__Faserviricetes;o__Tubulavirales;;;	geNomad	d__Bacteria;p__Proteobacteria;c__Gammaproteobacteria;o__Enterobacterales;f__Enterobacteriaceae;g__Escherichia;s__Escherichia coli	Isolate taxonomy	Inoviruses (10.1038/s41564-019-0510-x)
IMGVR_UViG_2667527606_000002	2667527606	2667547257	;;;	vOTU_00000035	6557	0	6557	true	8	8	0	5	Linear	0.9473	High-confidence	92.84	0.0	High-quality	r__Monodnaviria;k__Loebvirae;p__Hofneiviricota;c__Faserviricetes;o__Tubulavirales;f__Inoviridae;;	geNomad	d__Bacteria;p__Proteobacteria;c__Gammaproteobacteria;o__Pseudomonadales;f__Pseudomonadaceae;g__Pseudomonas;s__Pseudomonas aeruginosa	Isolate taxonomy	Inoviruses (10.1038/s41564-019-0510-x)
IMGVR_UViG_2667527606_000003	2667527606	2667547269	;;;	vOTU_00000116	6795	0	6795	true	9	9	0	6	Linear	0.8948	High-confidence	NA	0.0	Unsure	r__Monodnaviria;k__Loebvirae;p__Hofneiviricota;c__Faserviricetes;o__Tubulavirales;f__Inoviridae;;	geNomad	d__Bacteria;p__Proteobacteria;c__Gammaproteobacteria;o__Pseudomonadales;f__Pseudomonadaceae;g__Pseudomonas;s__Pseudomonas aeruginosa	Isolate taxonomy	Inoviruses (10.1038/s41564-019-0510-x)
IMGVR_UViG_2667527696_000002	2667527696	2667556881	;;;	vOTU_00000213	6953	1	6953	false	9	9	0	5	Provirus	0.9576	High-confidence	64.46	0.0	Genome fragment	r__Monodnaviria;k__Loebvirae;p__Hofneiviricota;c__Faserviricetes;o__Tubulavirales;f__Inoviridae;;	geNomad	d__Bacteria;p__Proteobacteria;c__Gammaproteobacteria;o__Enterobacterales;f__Vibrionaceae;g__Vibrio;s__Vibrio parahaemolyticus	Isolate taxonomy	Inoviruses (10.1038/s41564-019-0510-x)
IMGVR_UViG_2667527749_000001	2667527749	2667561415	;;;	vOTU_00000214	7171	0	7171	true	11	11	0	5	Linear	0.963	High-confidence	100.00	0.0	High-quality	r__Monodnaviria;k__Loebvirae;p__Hofneiviricota;c__Faserviricetes;o__Tubulavirales;;;	geNomad	d__Bacteria;p__Proteobacteria;c__Gammaproteobacteria;o__Pseudomonadales;f__Moraxellaceae;g__Acinetobacter;s__Acinetobacter baumannii	Isolate taxonomy	Inoviruses (10.1038/s41564-019-0510-x)
IMGVR_UViG_2667527778_000001	2667527778	2667563785	;;;	vOTU_00000215	6751	0	6751	true	11	11	0	3	Linear	0.8475	High-confidence	70.13	0.0	Genome fragment	r__Monodnaviria;k__Loebvirae;p__Hofneiviricota;c__Faserviricetes;o__Tubulavirales;f__Inoviridae;;	geNomad	d__Bacteria;p__Proteobacteria;c__Gammaproteobacteria;o__Enterobacterales;f__Vibrionaceae;g__Vibrio;s__Vibrio parahaemolyticus	Isolate taxonomy	Inoviruses (10.1038/s41564-019-0510-x)
IMGVR_UViG_2667527836_000001	2667527836	2667574721	;;;	vOTU_00000216	6775	0	6775	true	9	9	0	7	Linear	0.9799	High-confidence	95.18	0.0	High-quality	r__Monodnaviria;k__Loebvirae;p__Hofneiviricota;c__Faserviricetes;o__Tubulavirales;f__Inoviridae;;	geNomad	d__Bacteria;p__Proteobacteria;c__Gammaproteobacteria;o__Pseudomonadales;f__Moraxellaceae;g__Acinetobacter;s__Acinetobacter baumannii	Isolate taxonomy	Inoviruses (10.1038/s41564-019-0510-x)
IMGVR_UViG_2667527837_000001	2667527837	2667575032	;;;	vOTU_00000217	7243	0	7243	true	11	11	0	6	Linear	0.9402	High-confidence	100.00	0.0	High-quality	r__Monodnaviria;k__Loebvirae;p__Hofneiviricota;c__Faserviricetes;o__Tubulavirales;f__Inoviridae;;	geNomad	d__Bacteria;p__Proteobacteria;c__Gammaproteobacteria;o__Pseudomonadales;f__Moraxellaceae;g__Acinetobacter;s__Acinetobacter baumannii	Isolate taxonomy	Inoviruses (10.1038/s41564-019-0510-x)
IMGVR_UViG_2667527838_000001	2667527838	2667575418	;;;	vOTU_00000207	9071	0	9071	true	18	18	0	11	Linear	0.9696	High-confidence	84.92	0.0	Genome fragment	r__Monodnaviria;k__Loebvirae;p__Hofneiviricota;c__Faserviricetes;o__Tubulavirales;f__Inoviridae;;	NR (doi:10.5281/zenodo.6574914)	d__Bacteria;p__Proteobacteria;c__Gammaproteobacteria;o__Enterobacterales;f__Vibrionaceae;g__Vibrio;s__Vibrio parahaemolyticus	Isolate taxonomy	Inoviruses (10.1038/s41564-019-0510-x)
IMGVR_UViG_2667527898_000001	2667527898	2667585053	;;;	vOTU_00000203	8088	0	8088	true	9	9	0	3	Linear	0.7662	High-confidence	97.70	0.0	High-quality	r__Monodnaviria;k__Loebvirae;p__Hofneiviricota;c__Faserviricetes;o__Tubulavirales;;;	geNomad	d__Bacteria;p__Proteobacteria;c__Gammaproteobacteria;o__Enterobacterales;f__Enterobacteriaceae;g__Escherichia;s__Escherichia coli	Isolate taxonomy	Inoviruses (10.1038/s41564-019-0510-x)
IMGVR_UViG_2667527953_000001	2667527953	2667596034	;;;	vOTU_00000203	11140	0	11140	true	10	10	0	3	Linear	0.8102	High-confidence	100.00	0.0	High-quality	r__Monodnaviria;k__Loebvirae;p__Hofneiviricota;c__Faserviricetes;o__Tubulavirales;;;	geNomad	d__Bacteria;p__Proteobacteria;c__Gammaproteobacteria;o__Enterobacterales;f__Enterobacteriaceae;g__Escherichia;s__Escherichia coli	Isolate taxonomy	Inoviruses (10.1038/s41564-019-0510-x)
IMGVR_UViG_2667527992_000001	2667527992	2667599470	;;;	vOTU_00000218	5013	0	5013	true	7	7	0	2	Linear	0.92	High-confidence	71.80	0.0	Genome fragment	r__Monodnaviria;k__Loebvirae;p__Hofneiviricota;c__Faserviricetes;o__Tubulavirales;f__Inoviridae;;	geNomad	d__Bacteria;p__Proteobacteria;c__Gammaproteobacteria;o__Pseudomonadales;f__Moraxellaceae;g__Acinetobacter;s__Acinetobacter gerneri	Isolate taxonomy	Inoviruses (10.1038/s41564-019-0510-x)
IMGVR_UViG_2667528128_000001	2667528128	2667615883	;;;	vOTU_00000187	7062	0	7062	true	11	11	0	5	Linear	0.9467	High-confidence	84.23	0.0	Genome fragment	r__Monodnaviria;k__Loebvirae;p__Hofneiviricota;c__Faserviricetes;o__Tubulavirales;f__Inoviridae;;	geNomad	d__Bacteria;p__Proteobacteria;c__Gammaproteobacteria;o__Burkholderiales;f__Neisseriaceae;g__Neisseria;s__Neisseria gonorrhoeae	Isolate taxonomy	Inoviruses (10.1038/s41564-019-0510-x)
IMGVR_UViG_2667528143_000001	2667528143	2667617296	;;;	vOTU_00000219	7772	1	7772	false	12	12	0	5	Provirus	0.8503	High-confidence	100.00	0.0	High-quality	r__Monodnaviria;k__Loebvirae;p__Hofneiviricota;c__Faserviricetes;o__Tubulavirales;;;	geNomad	d__Bacteria;p__Proteobacteria;c__Gammaproteobacteria;o__Pseudomonadales;f__Moraxellaceae;g__Acinetobacter;s__Acinetobacter baumannii	Isolate taxonomy	Inoviruses (10.1038/s41564-019-0510-x)
IMGVR_UViG_2667528143_000002	2667528143	2667617343	;;;	vOTU_00000220	7840	0	7840	true	11	11	0	5	Linear	0.9517	High-confidence	100.00	0.0	High-quality	r__Monodnaviria;k__Loebvirae;p__Hofneiviricota;c__Faserviricetes;o__Tubulavirales;f__Inoviridae;;	geNomad	d__Bacteria;p__Proteobacteria;c__Gammaproteobacteria;o__Pseudomonadales;f__Moraxellaceae;g__Acinetobacter;s__Acinetobacter baumannii	Isolate taxonomy	Inoviruses (10.1038/s41564-019-0510-x)
IMGVR_UViG_2671180481_000001	2671180481	2671233670	;;;	vOTU_00000190	7216	7880	15095	false	0	0	0	5	Provirus	0.9294	High-confidence	66.90	0.0	Genome fragment	r__Monodnaviria;k__Loebvirae;p__Hofneiviricota;c__Faserviricetes;o__Tubulavirales;f__Inoviridae;;	geNomad	d__Bacteria;p__Proteobacteria;c__Gammaproteobacteria;o__Enterobacterales;f__Vibrionaceae;g__Vibrio;s__Vibrio parahaemolyticus	Isolate taxonomy	Inoviruses (10.1038/s41564-019-0510-x)
IMGVR_UViG_2671180538_000001	2671180538	2671243176	;;;	vOTU_00000221	10950	642	11591	false	16	16	0	5	Provirus	0.8958	High-confidence	100.00	0.0	High-quality	r__Monodnaviria;k__Loebvirae;p__Hofneiviricota;c__Faserviricetes;o__Tubulavirales;f__Inoviridae;;	geNomad	d__Bacteria;p__Proteobacteria;c__Gammaproteobacteria;o__Burkholderiales;f__Neisseriaceae;g__Neisseria;s__Neisseria gonorrhoeae	Isolate taxonomy	Inoviruses (10.1038/s41564-019-0510-x)
IMGVR_UViG_2671180664_000002	2671180664	2671259802	;;;	vOTU_00000209	5239	0	5239	true	7	7	0	6	Linear	0.9731	High-confidence	56.84	0.0	Genome fragment	r__Monodnaviria;k__Loebvirae;p__Hofneiviricota;c__Faserviricetes;o__Tubulavirales;f__Inoviridae;;	geNomad	d__Bacteria;p__Proteobacteria;c__Gammaproteobacteria;o__Enterobacterales;f__Vibrionaceae;g__Vibrio;s__Vibrio cholerae	Isolate taxonomy	Inoviruses (10.1038/s41564-019-0510-x)
IMGVR_UViG_2671180738_000001	2671180738	2671269296	;;;	vOTU_00000222	6404	1	6404	false	11	11	0	4	Provirus	0.9583	High-confidence	88.32	0.0	Genome fragment	r__Monodnaviria;k__Loebvirae;p__Hofneiviricota;c__Faserviricetes;o__Tubulavirales;;;	geNomad	d__Bacteria;p__Proteobacteria;c__Gammaproteobacteria;o__Pseudomonadales;f__Moraxellaceae;g__Acinetobacter;s__Acinetobacter baumannii	Isolate taxonomy	Inoviruses (10.1038/s41564-019-0510-x)
IMGVR_UViG_2671180923_000001	2671180923	2671293176	;;;	vOTU_00000190	6444	1	6444	false	9	9	0	6	Provirus	0.9558	High-confidence	59.74	0.0	Genome fragment	r__Monodnaviria;k__Loebvirae;p__Hofneiviricota;c__Faserviricetes;o__Tubulavirales;f__Inoviridae;;	geNomad	d__Bacteria;p__Proteobacteria;c__Gammaproteobacteria;o__Enterobacterales;f__Vibrionaceae;g__Vibrio;s__Vibrio parahaemolyticus	Isolate taxonomy	Inoviruses (10.1038/s41564-019-0510-x)
IMGVR_UViG_2671180942_000001	2671180942	2671296646	;;;	vOTU_00000216	6699	0	6699	true	9	9	0	7	Linear	0.9706	High-confidence	94.10	0.0	High-quality	r__Monodnaviria;k__Loebvirae;p__Hofneiviricota;c__Faserviricetes;o__Tubulavirales;f__Inoviridae;;	geNomad	d__Bacteria;p__Proteobacteria;c__Gammaproteobacteria;o__Pseudomonadales;f__Moraxellaceae;g__Acinetobacter;s__Acinetobacter baumannii	Isolate taxonomy	Inoviruses (10.1038/s41564-019-0510-x)
IMGVR_UViG_2671181006_000001	2671181006	2671303702	;;;	vOTU_00000223	6312	1	6312	false	10	10	0	9	Provirus	0.9797	High-confidence	58.50	0.0	Genome fragment	r__Monodnaviria;k__Loebvirae;p__Hofneiviricota;c__Faserviricetes;o__Tubulavirales;f__Inoviridae;;	geNomad	d__Bacteria;p__Proteobacteria;c__Gammaproteobacteria;o__Enterobacterales;f__Vibrionaceae;g__Vibrio;s__Vibrio parahaemolyticus	Isolate taxonomy	Inoviruses (10.1038/s41564-019-0510-x)
IMGVR_UViG_2671181025_000001	2671181025	2671305947	;;;	vOTU_00000207	9073	0	9073	true	18	18	0	11	Linear	0.9617	High-confidence	84.95	0.0	Genome fragment	r__Monodnaviria;k__Loebvirae;p__Hofneiviricota;c__Faserviricetes;o__Tubulavirales;f__Inoviridae;;	NR (doi:10.5281/zenodo.6574914)	d__Bacteria;p__Proteobacteria;c__Gammaproteobacteria;o__Enterobacterales;f__Vibrionaceae;g__Vibrio;s__Vibrio parahaemolyticus	Isolate taxonomy	Inoviruses (10.1038/s41564-019-0510-x)
IMGVR_UViG_2671181150_000001	2671181150	2671324100	;;;	vOTU_00000192	6552	1117	7668	false	9	9	0	6	Provirus	0.9554	High-confidence	70.26	0.0	Genome fragment	r__Monodnaviria;k__Loebvirae;p__Hofneiviricota;c__Faserviricetes;o__Tubulavirales;f__Inoviridae;;	geNomad	d__Bacteria;p__Proteobacteria;c__Gammaproteobacteria;o__Enterobacterales;f__Vibrionaceae;g__Vibrio;s__Vibrio parahaemolyticus	Isolate taxonomy	Inoviruses (10.1038/s41564-019-0510-x)
IMGVR_UViG_2675903245_000001	2675903245	2675949322	;;;	vOTU_00000224	6455	0	6455	true	12	12	0	3	Linear	0.7605	High-confidence	99.98	0.0	High-quality	r__Monodnaviria;k__Loebvirae;p__Hofneiviricota;c__Faserviricetes;o__Tubulavirales;f__Inoviridae;;	geNomad	d__Bacteria;p__Chlamydiota;c__Chlamydiia;o__Chlamydiales;f__Chlamydiaceae;g__Chlamydia;s__Chlamydia trachomatis	Isolate taxonomy	Inoviruses (10.1038/s41564-019-0510-x)
IMGVR_UViG_2675903298_000001	2675903298	2675955918	;;;	vOTU_00000225	5514	0	5514	true	7	7	0	8	Linear	0.9596	High-confidence	77.96	0.0	Genome fragment	r__Monodnaviria;k__Loebvirae;p__Hofneiviricota;c__Faserviricetes;o__Tubulavirales;f__Inoviridae;;	geNomad	d__Bacteria;p__Proteobacteria;c__Gammaproteobacteria;o__Xanthomonadales;f__Xanthomonadaceae;g__Xanthomonas_A;s__Xanthomonas_A translucens	Isolate taxonomy	Inoviruses (10.1038/s41564-019-0510-x)
IMGVR_UViG_2675903298_000002	2675903298	2675955921	;;;	vOTU_00000226	5457	0	5457	true	7	7	0	8	Linear	0.9696	High-confidence	74.89	0.0	Genome fragment	r__Monodnaviria;k__Loebvirae;p__Hofneiviricota;c__Faserviricetes;o__Tubulavirales;f__Inoviridae;;	geNomad	d__Bacteria;p__Proteobacteria;c__Gammaproteobacteria;o__Xanthomonadales;f__Xanthomonadaceae;g__Xanthomonas_A;s__Xanthomonas_A translucens	Isolate taxonomy	Inoviruses (10.1038/s41564-019-0510-x)
IMGVR_UViG_2675903379_000001	2675903379	2675968928	;;;	vOTU_00000227	7166	0	7166	true	11	11	0	5	Linear	0.8864	High-confidence	94.07	0.0	High-quality	r__Monodnaviria;k__Loebvirae;p__Hofneiviricota;c__Faserviricetes;o__Tubulavirales;;;	geNomad	d__Bacteria;p__Proteobacteria;c__Gammaproteobacteria;o__Enterobacterales;f__Vibrionaceae;g__Vibrio;s__Vibrio parahaemolyticus	Isolate taxonomy	Inoviruses (10.1038/s41564-019-0510-x)
IMGVR_UViG_2675903379_000002	2675903379	2675968948	;;;	vOTU_00000153	5882	1	5882	false	11	11	0	7	Provirus	0.9751	High-confidence	63.02	0.0	Genome fragment	r__Monodnaviria;k__Loebvirae;p__Hofneiviricota;c__Faserviricetes;o__Tubulavirales;f__Inoviridae;;	geNomad	d__Bacteria;p__Proteobacteria;c__Gammaproteobacteria;o__Enterobacterales;f__Vibrionaceae;g__Vibrio;s__Vibrio parahaemolyticus	Isolate taxonomy	Inoviruses (10.1038/s41564-019-0510-x)
IMGVR_UViG_2675903386_000001	2675903386	2675969618	;;;	vOTU_00000196	9991	0	9991	true	14	14	0	10	Linear	0.9694	High-confidence	100.00	0.0	High-quality	r__Monodnaviria;k__Loebvirae;p__Hofneiviricota;c__Faserviricetes;o__Tubulavirales;f__Inoviridae;;	geNomad	d__Bacteria;p__Proteobacteria;c__Gammaproteobacteria;o__Enterobacterales;f__Vibrionaceae;g__Vibrio;s__Vibrio parahaemolyticus	Isolate taxonomy	Inoviruses (10.1038/s41564-019-0510-x)
IMGVR_UViG_2675903493_000001	2675903493	2675981361	;;;	vOTU_00000228	4882	1	4882	false	7	7	0	2	Provirus	0.042	High-confidence	87.38	0.0	Genome fragment	r__Monodnaviria;k__Loebvirae;p__Hofneiviricota;c__Faserviricetes;o__Tubulavirales;f__Inoviridae;;	geNomad	d__Bacteria;p__Firmicutes;c__Bacilli;o__Lactobacillales;f__Streptococcaceae;g__Streptococcus;s__Streptococcus pneumoniae	Isolate taxonomy	Inoviruses (10.1038/s41564-019-0510-x)
IMGVR_UViG_2675903642_000001	2675903642	2675999526	;;;	vOTU_00000229	4549	0	4549	true	8	8	0	7	Linear	0.9712	High-confidence	68.69	0.0	Genome fragment	r__Monodnaviria;k__Loebvirae;p__Hofneiviricota;c__Faserviricetes;o__Tubulavirales;f__Inoviridae;;	geNomad	d__Bacteria;p__Proteobacteria;c__Gammaproteobacteria;o__Xanthomonadales;f__Xanthomonadaceae;g__Stenotrophomonas;s__Stenotrophomonas maltophilia	Isolate taxonomy	Inoviruses (10.1038/s41564-019-0510-x)
IMGVR_UViG_2681812898_000001	2681812898	2681824062	Host-associated;Fish;Unclassified;Unclassified	vOTU_00000230	5898	0	5898	true	8	8	0	2	Linear	0.9335	High-confidence	71.94	0.0	Genome fragment	r__Monodnaviria;k__Loebvirae;p__Hofneiviricota;c__Faserviricetes;o__Tubulavirales;;;	geNomad	d__Bacteria;p__Proteobacteria;c__Gammaproteobacteria;o__Enterobacterales;f__Shewanellaceae;g__Shewanella;s__Shewanella morhuae	Isolate taxonomy	Inoviruses (10.1038/s41564-019-0510-x)
IMGVR_UViG_2681813242_000001	2681813242	2681872723	Host-associated;Human;Unclassified;Unclassified	vOTU_00000231	4808	0	4808	true	8	8	0	2	Linear	0.7156	High-confidence	62.96	0.0	Genome fragment	r__Monodnaviria;k__Loebvirae;p__Hofneiviricota;c__Faserviricetes;o__Tubulavirales;f__Inoviridae;;	NR (doi:10.5281/zenodo.6574914)	d__Bacteria;p__Proteobacteria;c__Gammaproteobacteria;o__Enterobacterales;f__Vibrionaceae;g__Vibrio;s__Vibrio cholerae	Isolate taxonomy	Inoviruses (10.1038/s41564-019-0510-x)
IMGVR_UViG_2681813322_000001	2681813322	2681885676	Host-associated;Human;Unclassified;Unclassified	vOTU_00000223	6434	1	6434	false	10	10	0	9	Provirus	0.9807	High-confidence	59.46	0.0	Genome fragment	r__Monodnaviria;k__Loebvirae;p__Hofneiviricota;c__Faserviricetes;o__Tubulavirales;f__Inoviridae;;	geNomad	d__Bacteria;p__Proteobacteria;c__Gammaproteobacteria;o__Enterobacterales;f__Vibrionaceae;g__Vibrio;s__Vibrio parahaemolyticus	Isolate taxonomy	Inoviruses (10.1038/s41564-019-0510-x)
IMGVR_UViG_2681813362_000001	2681813362	2681891628	;;;	vOTU_00000232	7414	0	7414	true	9	9	0	7	Linear	0.9698	High-confidence	100.00	0.0	High-quality	r__Monodnaviria;k__Loebvirae;p__Hofneiviricota;c__Faserviricetes;o__Tubulavirales;f__Inoviridae;;	geNomad	d__Bacteria;p__Proteobacteria;c__Gammaproteobacteria;o__Pseudomonadales;f__Pseudomonadaceae;g__Pseudomonas;s__Pseudomonas aeruginosa	Isolate taxonomy	Inoviruses (10.1038/s41564-019-0510-x)
IMGVR_UViG_2684622628_000001	2684622628	2684634903	;;;	vOTU_00000233	4649	869	5517	false	7	7	0	2	Provirus	0.0351	High-confidence	84.85	0.0	Genome fragment	r__Monodnaviria;k__Loebvirae;p__Hofneiviricota;c__Faserviricetes;o__Tubulavirales;f__Inoviridae;;	geNomad	d__Bacteria;p__Firmicutes;c__Bacilli;o__Lactobacillales;f__Streptococcaceae;g__Streptococcus;s__Streptococcus mitis_J	Isolate taxonomy	Inoviruses (10.1038/s41564-019-0510-x)
IMGVR_UViG_2684623201_000001	2684623201	2684693337	;;;	vOTU_00000100	10512	1258	11769	false	19	19	0	7	Provirus	0.0201	High-confidence	89.71	0.0	Genome fragment	r__Monodnaviria;k__Loebvirae;p__Hofneiviricota;c__Faserviricetes;o__Tubulavirales;;;	geNomad	d__Bacteria;p__Firmicutes;c__Bacilli;o__Bacillales;f__Bacillaceae_G;g__Bacillus_A;s__Bacillus_A cereus	Isolate taxonomy	Inoviruses (10.1038/s41564-019-0510-x)
IMGVR_UViG_2687453179_000001	2687453179	2687453601	;;;	vOTU_00000234	5997	0	5997	true	9	9	0	1	Linear	0.0233	High-confidence	100.00	0.0	High-quality	r__Monodnaviria;k__Loebvirae;p__Hofneiviricota;c__Faserviricetes;o__Tubulavirales;;;	geNomad	d__Bacteria;p__Firmicutes;c__Bacilli;o__Lactobacillales;f__Streptococcaceae;g__Streptococcus;s__Streptococcus marmotae	Isolate taxonomy	Inoviruses (10.1038/s41564-019-0510-x)
IMGVR_UViG_2690315900_000001	2690315900	2690321804	;;;	vOTU_00000235	8612	878	9489	false	13	13	0	7	Provirus	0.9476	High-confidence	100.00	0.0	High-quality	r__Monodnaviria;k__Loebvirae;p__Hofneiviricota;c__Faserviricetes;o__Tubulavirales;f__Inoviridae;;	geNomad	d__Bacteria;p__Proteobacteria;c__Gammaproteobacteria;o__Pseudomonadales;f__Moraxellaceae;g__Acinetobacter;s__Acinetobacter baumannii	Isolate taxonomy	Inoviruses (10.1038/s41564-019-0510-x)
IMGVR_UViG_2690316000_000001	2690316000	2690327466	;;;	vOTU_00000236	5419	0	5419	true	8	8	0	3	Linear	0.7852	High-confidence	57.91	0.0	Genome fragment	r__Monodnaviria;k__Loebvirae;p__Hofneiviricota;c__Faserviricetes;o__Tubulavirales;f__Inoviridae;;	geNomad	d__Bacteria;p__Proteobacteria;c__Gammaproteobacteria;o__Enterobacterales;f__Vibrionaceae;g__Vibrio;s__Vibrio parahaemolyticus	Isolate taxonomy	Inoviruses (10.1038/s41564-019-0510-x)
IMGVR_UViG_2690316018_000001	2690316018	2690329163	;;;	vOTU_00000188	4902	0	4902	true	8	8	0	3	Linear	0.91	High-confidence	57.81	0.0	Genome fragment	r__Monodnaviria;k__Loebvirae;p__Hofneiviricota;c__Faserviricetes;o__Tubulavirales;f__Inoviridae;;	geNomad	d__Bacteria;p__Proteobacteria;c__Gammaproteobacteria;o__Burkholderiales;f__Neisseriaceae;g__Neisseria;s__Neisseria gonorrhoeae	Isolate taxonomy	Inoviruses (10.1038/s41564-019-0510-x)
IMGVR_UViG_2690316022_000002	2690316022	2690329502	;;;	vOTU_00000187	6895	0	6895	true	11	11	0	5	Linear	0.9567	High-confidence	82.16	0.0	Genome fragment	r__Monodnaviria;k__Loebvirae;p__Hofneiviricota;c__Faserviricetes;o__Tubulavirales;f__Inoviridae;;	geNomad	d__Bacteria;p__Proteobacteria;c__Gammaproteobacteria;o__Burkholderiales;f__Neisseriaceae;g__Neisseria;s__Neisseria gonorrhoeae	Isolate taxonomy	Inoviruses (10.1038/s41564-019-0510-x)
IMGVR_UViG_2690316042_000001	2690316042	2690332723	;;;	vOTU_00000187	6859	0	6859	true	10	10	0	5	Linear	0.9571	High-confidence	81.86	0.0	Genome fragment	r__Monodnaviria;k__Loebvirae;p__Hofneiviricota;c__Faserviricetes;o__Tubulavirales;f__Inoviridae;;	geNomad	d__Bacteria;p__Proteobacteria;c__Gammaproteobacteria;o__Burkholderiales;f__Neisseriaceae;g__Neisseria;s__Neisseria gonorrhoeae	Isolate taxonomy	Inoviruses (10.1038/s41564-019-0510-x)
IMGVR_UViG_2690316065_000001	2690316065	2690336779	;;;	vOTU_00000237	7958	836	8793	false	9	9	0	5	Provirus	0.9097	High-confidence	47.79	35.22	Genome fragment	r__Monodnaviria;k__Loebvirae;p__Hofneiviricota;c__Faserviricetes;o__Tubulavirales;f__Inoviridae;;	geNomad	d__Bacteria;p__Proteobacteria;c__Gammaproteobacteria;o__Enterobacterales;f__Vibrionaceae;g__Vibrio;s__Vibrio parahaemolyticus	Isolate taxonomy	Inoviruses (10.1038/s41564-019-0510-x)
IMGVR_UViG_2690316126_000001	2690316126	2690346386	;;;	vOTU_00000095	5384	130	5513	false	8	8	0	7	Provirus	0.9679	High-confidence	58.27	0.0	Genome fragment	r__Monodnaviria;k__Loebvirae;p__Hofneiviricota;c__Faserviricetes;o__Tubulavirales;f__Inoviridae;;	geNomad	d__Bacteria;p__Proteobacteria;c__Gammaproteobacteria;o__Enterobacterales;f__Vibrionaceae;g__Vibrio;s__Vibrio parahaemolyticus	Isolate taxonomy	Inoviruses (10.1038/s41564-019-0510-x)
IMGVR_UViG_2690316235_000001	2690316235	2690362063	Host-associated;Human;Unclassified;Unclassified	vOTU_00000238	4635	0	4635	true	7	7	0	4	Linear	0.939	High-confidence	62.00	0.0	Genome fragment	r__Monodnaviria;k__Loebvirae;p__Hofneiviricota;c__Faserviricetes;o__Tubulavirales;f__Inoviridae;;	geNomad	d__Bacteria;p__Proteobacteria;c__Gammaproteobacteria;o__Enterobacterales;f__Vibrionaceae;g__Vibrio;s__Vibrio cholerae	Isolate taxonomy	Inoviruses (10.1038/s41564-019-0510-x)
IMGVR_UViG_2690316332_000001	2690316332	2690377444	;;;	vOTU_00000232	5751	0	5751	true	8	8	0	7	Linear	0.975	High-confidence	83.71	0.0	Genome fragment	r__Monodnaviria;k__Loebvirae;p__Hofneiviricota;c__Faserviricetes;o__Tubulavirales;f__Inoviridae;;	geNomad	d__Bacteria;p__Proteobacteria;c__Gammaproteobacteria;o__Pseudomonadales;f__Pseudomonadaceae;g__Pseudomonas;s__Pseudomonas aeruginosa	Isolate taxonomy	Inoviruses (10.1038/s41564-019-0510-x)
IMGVR_UViG_2690316338_000001	2690316338	2690378019	Host-associated;Human;Unclassified;Unclassified	vOTU_00000238	4922	0	4922	true	8	8	0	6	Linear	0.9699	High-confidence	66.77	0.0	Genome fragment	r__Monodnaviria;k__Loebvirae;p__Hofneiviricota;c__Faserviricetes;o__Tubulavirales;f__Inoviridae;;	geNomad	d__Bacteria;p__Proteobacteria;c__Gammaproteobacteria;o__Enterobacterales;f__Vibrionaceae;g__Vibrio;s__Vibrio cholerae	Isolate taxonomy	Inoviruses (10.1038/s41564-019-0510-x)
IMGVR_UViG_2693429629_000001	2693429629	2693450282	;;;	vOTU_00000223	6481	0	6481	true	10	10	0	9	Linear	0.9796	High-confidence	60.07	0.0	Genome fragment	r__Monodnaviria;k__Loebvirae;p__Hofneiviricota;c__Faserviricetes;o__Tubulavirales;f__Inoviridae;;	geNomad	d__Bacteria;p__Proteobacteria;c__Gammaproteobacteria;o__Enterobacterales;f__Vibrionaceae;g__Vibrio;s__Vibrio parahaemolyticus	Isolate taxonomy	Inoviruses (10.1038/s41564-019-0510-x)
IMGVR_UViG_2693429675_000001	2693429675	2693458508	Host-associated;Human;Unclassified;Unclassified	vOTU_00000239	3811	0	3811	true	8	8	0	6	Linear	0.9325	High-confidence	52.04	0.0	Genome fragment	r__Monodnaviria;k__Loebvirae;p__Hofneiviricota;c__Faserviricetes;o__Tubulavirales;f__Inoviridae;;	geNomad	d__Bacteria;p__Proteobacteria;c__Gammaproteobacteria;o__Enterobacterales;f__Vibrionaceae;g__Vibrio;s__Vibrio cholerae	Isolate taxonomy	Inoviruses (10.1038/s41564-019-0510-x)
IMGVR_UViG_2693429709_000001	2693429709	2693463875	;;;	vOTU_00000240	7589	0	7589	true	12	12	0	6	Linear	0.8538	High-confidence	100.00	0.0	High-quality	r__Monodnaviria;k__Loebvirae;p__Hofneiviricota;c__Faserviricetes;o__Tubulavirales;;;	geNomad	d__Bacteria;p__Proteobacteria;c__Gammaproteobacteria;o__Pseudomonadales;f__Moraxellaceae;g__Acinetobacter;s__Acinetobacter pittii	Isolate taxonomy	Inoviruses (10.1038/s41564-019-0510-x)
IMGVR_UViG_2693429732_000001	2693429732	2693466720	;;;	vOTU_00000241	5444	0	5444	true	8	8	0	3	Linear	0.7999	High-confidence	55.49	0.0	Genome fragment	r__Monodnaviria;k__Loebvirae;p__Hofneiviricota;c__Faserviricetes;o__Tubulavirales;f__Inoviridae;;	geNomad	d__Bacteria;p__Proteobacteria;c__Gammaproteobacteria;o__Enterobacterales;f__Vibrionaceae;g__Vibrio;s__Vibrio parahaemolyticus	Isolate taxonomy	Inoviruses (10.1038/s41564-019-0510-x)
IMGVR_UViG_2695420368_000001	2695420368	2695423090	Host-associated;Human;Unclassified;Unclassified	vOTU_00000242	5186	0	5186	true	8	8	0	7	Linear	0.9611	High-confidence	70.41	0.0	Genome fragment	r__Monodnaviria;k__Loebvirae;p__Hofneiviricota;c__Faserviricetes;o__Tubulavirales;f__Inoviridae;;	geNomad	d__Bacteria;p__Proteobacteria;c__Gammaproteobacteria;o__Enterobacterales;f__Vibrionaceae;g__Vibrio;s__Vibrio cholerae	Isolate taxonomy	Inoviruses (10.1038/s41564-019-0510-x)
IMGVR_UViG_2695420468_000001	2695420468	2695435189	;;;	vOTU_00000187	7028	0	7028	true	11	11	0	5	Linear	0.9591	High-confidence	83.82	0.0	Genome fragment	r__Monodnaviria;k__Loebvirae;p__Hofneiviricota;c__Faserviricetes;o__Tubulavirales;f__Inoviridae;;	geNomad	d__Bacteria;p__Proteobacteria;c__Gammaproteobacteria;o__Burkholderiales;f__Neisseriaceae;g__Neisseria;s__Neisseria gonorrhoeae	Isolate taxonomy	Inoviruses (10.1038/s41564-019-0510-x)
IMGVR_UViG_2695420487_000001	2695420487	2695437842	Host-associated;Human;Digestive system;Large intestine	vOTU_00000243	8021	0	8021	true	11	11	0	8	Linear	0.9523	High-confidence	93.93	0.0	High-quality	r__Monodnaviria;k__Loebvirae;p__Hofneiviricota;c__Faserviricetes;o__Tubulavirales;f__Inoviridae;;	geNomad	d__Bacteria;p__Proteobacteria;c__Gammaproteobacteria;o__Enterobacterales;f__Enterobacteriaceae;g__Escherichia;s__Escherichia coli	Isolate taxonomy	Inoviruses (10.1038/s41564-019-0510-x)
IMGVR_UViG_2695420583_000001	2695420583	2695450216	Host-associated;Human;Unclassified;Unclassified	vOTU_00000128	6660	0	6660	true	10	10	0	8	Linear	0.9458	High-confidence	87.79	0.0	Genome fragment	r__Monodnaviria;k__Loebvirae;p__Hofneiviricota;c__Faserviricetes;o__Tubulavirales;f__Inoviridae;;	geNomad	d__Bacteria;p__Proteobacteria;c__Gammaproteobacteria;o__Enterobacterales;f__Vibrionaceae;g__Vibrio;s__Vibrio cholerae	Isolate taxonomy	Inoviruses (10.1038/s41564-019-0510-x)
IMGVR_UViG_2695420713_000001	2695420713	2695471664	Host-associated;Human;Unclassified;Unclassified	vOTU_00000238	4833	0	4833	true	7	7	0	5	Linear	0.9705	High-confidence	64.94	0.0	Genome fragment	r__Monodnaviria;k__Loebvirae;p__Hofneiviricota;c__Faserviricetes;o__Tubulavirales;f__Inoviridae;;	geNomad	d__Bacteria;p__Proteobacteria;c__Gammaproteobacteria;o__Enterobacterales;f__Vibrionaceae;g__Vibrio;s__Vibrio cholerae	Isolate taxonomy	Inoviruses (10.1038/s41564-019-0510-x)
IMGVR_UViG_2695420729_000001	2695420729	2695473664	;;;	vOTU_00000187	6395	0	6395	true	11	11	0	4	Linear	0.9236	High-confidence	76.00	0.0	Genome fragment	r__Monodnaviria;k__Loebvirae;p__Hofneiviricota;c__Faserviricetes;o__Tubulavirales;f__Inoviridae;;	geNomad	d__Bacteria;p__Proteobacteria;c__Gammaproteobacteria;o__Burkholderiales;f__Neisseriaceae;g__Neisseria;s__Neisseria gonorrhoeae	Isolate taxonomy	Inoviruses (10.1038/s41564-019-0510-x)
IMGVR_UViG_2695420792_000001	2695420792	2695481683	Host-associated;Human;Digestive system;Large intestine	vOTU_00000244	6287	0	6287	true	10	10	0	3	Linear	0.0242	High-confidence	79.66	0.0	Genome fragment	r__Monodnaviria;k__Loebvirae;p__Hofneiviricota;c__Faserviricetes;o__Tubulavirales;f__Inoviridae;;	geNomad	d__Bacteria;p__Proteobacteria;c__Gammaproteobacteria;o__Enterobacterales;f__Enterobacteriaceae;g__Escherichia;s__Escherichia coli	Isolate taxonomy	Inoviruses (10.1038/s41564-019-0510-x)
IMGVR_UViG_2695420826_000001	2695420826	2695485820	;;;	vOTU_00000192	7130	0	7130	true	12	12	0	8	Linear	0.9693	High-confidence	76.14	0.0	Genome fragment	r__Monodnaviria;k__Loebvirae;p__Hofneiviricota;c__Faserviricetes;o__Tubulavirales;f__Inoviridae;;	geNomad	d__Bacteria;p__Proteobacteria;c__Gammaproteobacteria;o__Enterobacterales;f__Vibrionaceae;g__Vibrio;s__Vibrio parahaemolyticus	Isolate taxonomy	Inoviruses (10.1038/s41564-019-0510-x)
IMGVR_UViG_2695420881_000001	2695420881	2695493766	;;;	vOTU_00000245	7270	0	7270	true	10	10	0	6	Linear	0.9544	High-confidence	100.00	0.0	High-quality	r__Monodnaviria;k__Loebvirae;p__Hofneiviricota;c__Faserviricetes;o__Tubulavirales;f__Inoviridae;;	geNomad	d__Bacteria;p__Proteobacteria;c__Gammaproteobacteria;o__Xanthomonadales;f__Xanthomonadaceae;g__Xanthomonas_A;s__Xanthomonas_A translucens	Isolate taxonomy	Inoviruses (10.1038/s41564-019-0510-x)
IMGVR_UViG_2698536321_000001	2698536321	2698538889	Host-associated;Human;Unclassified;Unclassified	vOTU_00000246	6552	0	6552	true	9	9	0	6	Linear	0.9686	High-confidence	86.46	0.0	Genome fragment	r__Monodnaviria;k__Loebvirae;p__Hofneiviricota;c__Faserviricetes;o__Tubulavirales;f__Inoviridae;;	geNomad	d__Bacteria;p__Proteobacteria;c__Gammaproteobacteria;o__Enterobacterales;f__Vibrionaceae;g__Vibrio;s__Vibrio cholerae	Isolate taxonomy	Inoviruses (10.1038/s41564-019-0510-x)
IMGVR_UViG_2698536345_000001	2698536345	2698541360	Host-associated;Human;Unclassified;Unclassified	vOTU_00000128	7012	0	7012	true	10	10	0	8	Linear	0.9554	High-confidence	93.65	0.0	High-quality	r__Monodnaviria;k__Loebvirae;p__Hofneiviricota;c__Faserviricetes;o__Tubulavirales;f__Inoviridae;;	geNomad	d__Bacteria;p__Proteobacteria;c__Gammaproteobacteria;o__Enterobacterales;f__Vibrionaceae;g__Vibrio;s__Vibrio cholerae	Isolate taxonomy	Inoviruses (10.1038/s41564-019-0510-x)
IMGVR_UViG_2698536355_000001	2698536355	2698542089	Host-associated;Human;Digestive system;Large intestine	vOTU_00000247	5101	0	5101	true	9	9	0	6	Linear	0.9321	High-confidence	57.96	0.0	Genome fragment	r__Monodnaviria;k__Loebvirae;p__Hofneiviricota;c__Faserviricetes;o__Tubulavirales;f__Inoviridae;;	geNomad	d__Bacteria;p__Proteobacteria;c__Gammaproteobacteria;o__Enterobacterales;f__Enterobacteriaceae;g__Escherichia;s__Escherichia coli	Isolate taxonomy	Inoviruses (10.1038/s41564-019-0510-x)
IMGVR_UViG_2698536380_000001	2698536380	2698545922	Host-associated;Human;Unclassified;Unclassified	vOTU_00000062	12474	1114	13587	false	18	18	0	9	Provirus	0.9448	High-confidence	100.00	0.0	High-quality	r__Monodnaviria;k__Loebvirae;p__Hofneiviricota;c__Faserviricetes;o__Tubulavirales;;;	vOTU consensus	d__Bacteria;p__Proteobacteria;c__Gammaproteobacteria;o__Enterobacterales;f__Vibrionaceae;g__Vibrio;s__Vibrio cholerae	Isolate taxonomy	Inoviruses (10.1038/s41564-019-0510-x)
IMGVR_UViG_2698536472_000001	2698536472	2698558814	;;;	vOTU_00000248	4251	0	4251	true	8	8	0	6	Linear	0.955	High-confidence	56.33	0.0	Genome fragment	r__Monodnaviria;k__Loebvirae;p__Hofneiviricota;c__Faserviricetes;o__Tubulavirales;f__Inoviridae;;	geNomad	d__Bacteria;p__Proteobacteria;c__Gammaproteobacteria;o__Pseudomonadales;f__Pseudomonadaceae;g__Pseudomonas;s__Pseudomonas aeruginosa	Isolate taxonomy	Inoviruses (10.1038/s41564-019-0510-x)
IMGVR_UViG_2700989122_000001	2700989122	2701002390	;;;	vOTU_00000249	4205	1	4205	false	7	7	0	5	Provirus	0.9358	High-confidence	43.27	0.0	Genome fragment	r__Monodnaviria;k__Loebvirae;p__Hofneiviricota;c__Faserviricetes;o__Tubulavirales;f__Inoviridae;;	geNomad	d__Bacteria;p__Proteobacteria;c__Gammaproteobacteria;o__Enterobacterales;f__Vibrionaceae;g__Vibrio;s__Vibrio parahaemolyticus	Isolate taxonomy	Inoviruses (10.1038/s41564-019-0510-x)
IMGVR_UViG_2700989122_000002	2700989122	2701002409	;;;	vOTU_00000210	7155	0	7155	true	11	11	0	6	Linear	0.8946	High-confidence	100.00	0.0	High-quality	r__Monodnaviria;k__Loebvirae;p__Hofneiviricota;c__Faserviricetes;o__Tubulavirales;f__Inoviridae;;	geNomad	d__Bacteria;p__Proteobacteria;c__Gammaproteobacteria;o__Enterobacterales;f__Vibrionaceae;g__Vibrio;s__Vibrio parahaemolyticus	Isolate taxonomy	Inoviruses (10.1038/s41564-019-0510-x)
IMGVR_UViG_2700989218_000002	2700989218	2701012890	;;;	vOTU_00000187	6878	0	6878	true	11	11	0	5	Linear	0.9455	High-confidence	82.07	0.0	Genome fragment	r__Monodnaviria;k__Loebvirae;p__Hofneiviricota;c__Faserviricetes;o__Tubulavirales;f__Inoviridae;;	geNomad	d__Bacteria;p__Proteobacteria;c__Gammaproteobacteria;o__Burkholderiales;f__Neisseriaceae;g__Neisseria;s__Neisseria gonorrhoeae	Isolate taxonomy	Inoviruses (10.1038/s41564-019-0510-x)
IMGVR_UViG_2700989228_000002	2700989228	2701013820	;;;	vOTU_00000250	5991	0	5991	true	10	10	0	3	Linear	0.3366	High-confidence	100.00	0.0	High-quality	r__Monodnaviria;k__Loebvirae;p__Hofneiviricota;c__Faserviricetes;o__Tubulavirales;f__Inoviridae;;	geNomad	d__Bacteria;p__Firmicutes_A;c__Clostridia;o__Lachnospirales;f__Lachnospiraceae;g__Enterocloster;	CRISPR spacer match	Inoviruses (10.1038/s41564-019-0510-x)
IMGVR_UViG_2700989228_000003	2700989228	2701013844	;;;	vOTU_00000251	5709	0	5709	true	10	10	0	1	Linear	0.0131	High-confidence	NA	0.0	Unsure	r__Monodnaviria;k__Loebvirae;p__Hofneiviricota;c__Faserviricetes;o__Tubulavirales;;;	geNomad	;;;;;;		Inoviruses (10.1038/s41564-019-0510-x)
IMGVR_UViG_2700989246_000001	2700989246	2701022243	;;;	vOTU_00000190	7216	7880	15095	false	0	0	0	5	Provirus	0.9294	High-confidence	66.90	0.0	Genome fragment	r__Monodnaviria;k__Loebvirae;p__Hofneiviricota;c__Faserviricetes;o__Tubulavirales;f__Inoviridae;;	geNomad	d__Bacteria;p__Proteobacteria;c__Gammaproteobacteria;o__Enterobacterales;f__Vibrionaceae;g__Vibrio;s__Vibrio parahaemolyticus	Isolate taxonomy	Inoviruses (10.1038/s41564-019-0510-x)
IMGVR_UViG_2700989277_000001	2700989277	2701024512	;;;	vOTU_00000252	8995	1	8995	false	15	15	0	9	Provirus	0.9684	High-confidence	86.00	0.0	Genome fragment	r__Monodnaviria;k__Loebvirae;p__Hofneiviricota;c__Faserviricetes;o__Tubulavirales;f__Inoviridae;;	geNomad	d__Bacteria;p__Proteobacteria;c__Gammaproteobacteria;o__Enterobacterales;f__Vibrionaceae;g__Vibrio;s__Vibrio parahaemolyticus	Isolate taxonomy	Inoviruses (10.1038/s41564-019-0510-x)
IMGVR_UViG_2700989305_000001	2700989305	2701031753	;;;	vOTU_00000187	6846	0	6846	true	10	10	0	5	Linear	0.9452	High-confidence	81.83	0.0	Genome fragment	r__Monodnaviria;k__Loebvirae;p__Hofneiviricota;c__Faserviricetes;o__Tubulavirales;f__Inoviridae;;	geNomad	d__Bacteria;p__Proteobacteria;c__Gammaproteobacteria;o__Burkholderiales;f__Neisseriaceae;g__Neisseria;s__Neisseria gonorrhoeae	Isolate taxonomy	Inoviruses (10.1038/s41564-019-0510-x)
IMGVR_UViG_2700989384_000001	2700989384	2701045771	;;;	vOTU_00000116	6631	0	6631	true	8	8	0	6	Linear	0.8829	High-confidence	96.11	0.0	High-quality	r__Monodnaviria;k__Loebvirae;p__Hofneiviricota;c__Faserviricetes;o__Tubulavirales;f__Inoviridae;;	geNomad	d__Bacteria;p__Proteobacteria;c__Gammaproteobacteria;o__Pseudomonadales;f__Pseudomonadaceae;g__Pseudomonas;s__Pseudomonas aeruginosa	Isolate taxonomy	Inoviruses (10.1038/s41564-019-0510-x)
IMGVR_UViG_2700989384_000002	2700989384	2701045776	;;;	vOTU_00000253	7048	0	7048	true	9	9	0	8	Linear	0.9282	High-confidence	100.00	0.0	High-quality	r__Monodnaviria;k__Loebvirae;p__Hofneiviricota;c__Faserviricetes;o__Tubulavirales;f__Inoviridae;;	geNomad	d__Bacteria;p__Proteobacteria;c__Gammaproteobacteria;o__Pseudomonadales;f__Pseudomonadaceae;g__Pseudomonas;s__Pseudomonas aeruginosa	Isolate taxonomy	Inoviruses (10.1038/s41564-019-0510-x)
IMGVR_UViG_2700989395_000001	2700989395	2701046036	;;;	vOTU_00000190	6917	1	6917	false	9	9	0	6	Provirus	0.9597	High-confidence	64.12	0.0	Genome fragment	r__Monodnaviria;k__Loebvirae;p__Hofneiviricota;c__Faserviricetes;o__Tubulavirales;f__Inoviridae;;	geNomad	d__Bacteria;p__Proteobacteria;c__Gammaproteobacteria;o__Enterobacterales;f__Vibrionaceae;g__Vibrio;s__Vibrio parahaemolyticus	Isolate taxonomy	Inoviruses (10.1038/s41564-019-0510-x)
IMGVR_UViG_2700989446_000001	2700989446	2701072285	;;;	vOTU_00000107	4747	0	4747	true	9	9	0	5	Linear	0.9074	High-confidence	44.47	0.0	Genome fragment	r__Monodnaviria;k__Loebvirae;p__Hofneiviricota;c__Faserviricetes;o__Tubulavirales;f__Inoviridae;;	NR (doi:10.5281/zenodo.6574914)	d__Bacteria;p__Proteobacteria;c__Gammaproteobacteria;o__Pseudomonadales;f__Pseudomonadaceae;g__Pseudomonas;s__Pseudomonas aeruginosa	Isolate taxonomy	Inoviruses (10.1038/s41564-019-0510-x)
IMGVR_UViG_2706794568_000001	2706794568	2706808410	;;;	vOTU_00000254	8609	0	8609	true	15	15	0	8	Linear	0.9034	High-confidence	100.00	0.0	High-quality	r__Monodnaviria;k__Loebvirae;p__Hofneiviricota;c__Faserviricetes;o__Tubulavirales;f__Inoviridae;;	geNomad	d__Bacteria;p__Proteobacteria;c__Gammaproteobacteria;o__Enterobacterales;f__Vibrionaceae;g__Vibrio;s__Vibrio crassostreae	Isolate taxonomy	Inoviruses (10.1038/s41564-019-0510-x)
IMGVR_UViG_2708743015_000001	2708743015	2708794605	Environmental;Terrestrial;Deep subsurface;Rock core/Sediment	vOTU_00000255	5112	858	5969	false	11	11	0	3	Provirus	0.9653	High-confidence	NA	0.0	Unsure	r__Monodnaviria;k__Loebvirae;p__Hofneiviricota;c__Faserviricetes;o__Tubulavirales;f__Inoviridae;;	NR (doi:10.5281/zenodo.6574914)	d__Bacteria;p__Patescibacteria;c__Microgenomatia;;;;	k-mer match	Inoviruses (10.1038/s41564-019-0510-x)
IMGVR_UViG_2710723501_000001	2710723501	2710724403	Environmental;Terrestrial;Deep subsurface;Rock core/Sediment	vOTU_00000256	7534	1	7534	false	13	13	0	7	Provirus	0.9266	High-confidence	100.00	0.0	High-quality	r__Monodnaviria;k__Loebvirae;p__Hofneiviricota;c__Faserviricetes;o__Tubulavirales;f__Inoviridae;;	geNomad	d__Bacteria;p__Proteobacteria;c__Gammaproteobacteria;o__Pseudomonadales;f__Moraxellaceae;g__Acinetobacter;	CRISPR spacer match	Inoviruses (10.1038/s41564-019-0510-x)
IMGVR_UViG_2710724136_000001	2710724136	2710767596	Engineered;Bioreactor;Anaerobic;Unclassified	vOTU_00000257	5701	0	5701	true	0	0	0	1	Linear	0.0231	High-confidence	100.00	0.0	High-quality	r__Monodnaviria;k__Loebvirae;p__Hofneiviricota;c__Faserviricetes;o__Tubulavirales;f__Inoviridae;;	NR (doi:10.5281/zenodo.6574914)	d__Bacteria;p__Firmicutes;c__Bacilli;o__Lactobacillales;f__Streptococcaceae;g__Streptococcus;	CRISPR spacer match	Inoviruses (10.1038/s41564-019-0510-x)
IMGVR_UViG_2710724137_000001	2710724137	2710767634	Engineered;Bioreactor;Anaerobic;Unclassified	vOTU_00000257	5701	0	5701	true	0	0	0	1	Linear	0.0231	High-confidence	100.00	0.0	High-quality	r__Monodnaviria;k__Loebvirae;p__Hofneiviricota;c__Faserviricetes;o__Tubulavirales;f__Inoviridae;;	NR (doi:10.5281/zenodo.6574914)	d__Bacteria;p__Firmicutes;c__Bacilli;o__Lactobacillales;f__Streptococcaceae;g__Streptococcus;	CRISPR spacer match	Inoviruses (10.1038/s41564-019-0510-x)
IMGVR_UViG_2711768105_000001	2711768105	2711788161	;;;	vOTU_00000258	6110	0	6110	true	8	8	0	4	Linear	0.7031	High-confidence	63.26	0.0	Genome fragment	r__Monodnaviria;k__Loebvirae;p__Hofneiviricota;c__Faserviricetes;o__Tubulavirales;f__Inoviridae;;	geNomad	d__Bacteria;p__Proteobacteria;c__Gammaproteobacteria;o__Enterobacterales;f__Vibrionaceae;g__Vibrio;s__Vibrio campbellii	Isolate taxonomy	Inoviruses (10.1038/s41564-019-0510-x)
IMGVR_UViG_2711768106_000001	2711768106	2711788898	;;;	vOTU_00000259	7651	0	7651	true	13	13	0	3	Linear	0.7447	High-confidence	100.00	0.0	High-quality	r__Monodnaviria;k__Loebvirae;p__Hofneiviricota;c__Faserviricetes;o__Tubulavirales;f__Inoviridae;;	geNomad	d__Bacteria;p__Proteobacteria;c__Gammaproteobacteria;o__Enterobacterales;f__Vibrionaceae;g__Vibrio;s__Vibrio campbellii	Isolate taxonomy	Inoviruses (10.1038/s41564-019-0510-x)
IMGVR_UViG_2711768155_000001	2711768155	2711797541	;;;	vOTU_00000222	5189	1	5189	false	9	9	0	2	Provirus	0.8943	High-confidence	76.14	0.0	Genome fragment	r__Monodnaviria;k__Loebvirae;p__Hofneiviricota;c__Faserviricetes;o__Tubulavirales;;;	geNomad	d__Bacteria;p__Proteobacteria;c__Gammaproteobacteria;o__Pseudomonadales;f__Moraxellaceae;g__Acinetobacter;s__Acinetobacter baumannii	Isolate taxonomy	Inoviruses (10.1038/s41564-019-0510-x)
IMGVR_UViG_2711768192_000001	2711768192	2711800304	;;;	vOTU_00000260	7687	0	7687	true	12	12	0	3	Linear	0.8812	High-confidence	94.23	0.0	High-quality	r__Monodnaviria;k__Loebvirae;p__Hofneiviricota;c__Faserviricetes;o__Tubulavirales;f__Inoviridae;;	geNomad	d__Bacteria;p__Proteobacteria;c__Gammaproteobacteria;o__Enterobacterales;f__Enterobacteriaceae;g__Enterobacter;s__Enterobacter hormaechei_A	Isolate taxonomy	Inoviruses (10.1038/s41564-019-0510-x)
IMGVR_UViG_2711768360_000001	2711768360	2711816293	Environmental;Terrestrial;Deep subsurface;Rock core/Sediment	vOTU_00000261	5578	1	5578	false	9	9	0		Provirus	0.4927	High-confidence	68.31	0.0	Genome fragment	r__Monodnaviria;k__Loebvirae;p__Hofneiviricota;c__Faserviricetes;o__Tubulavirales;f__Inoviridae;;	NR (doi:10.5281/zenodo.6574914)	;;;;;;		Inoviruses (10.1038/s41564-019-0510-x)
IMGVR_UViG_2713896763_000001	2713896763	2713903617	;;;	vOTU_00000262	12163	454	12616	false	18	18	0	6	Provirus	0.8962	High-confidence	55.18	0.0	Genome fragment	r__Duplodnaviria;k__Heunggongvirae;p__Uroviricota;c__Caudoviricetes;;;;	geNomad	d__Bacteria;p__Proteobacteria;c__Gammaproteobacteria;o__Enterobacterales;f__Vibrionaceae;g__Photobacterium;s__Photobacterium aquae	Isolate taxonomy	Inoviruses (10.1038/s41564-019-0510-x)
IMGVR_UViG_2713896850_000001	2713896850	2713917550	;;;	vOTU_00000263	6585	0	6585	true	12	12	0	8	Linear	0.9769	High-confidence	100.00	0.0	High-quality	r__Monodnaviria;k__Loebvirae;p__Hofneiviricota;c__Faserviricetes;o__Tubulavirales;f__Inoviridae;;	geNomad	d__Bacteria;p__Proteobacteria;c__Gammaproteobacteria;o__Pseudomonadales;f__Pseudomonadaceae;g__Pseudomonas_E;s__Pseudomonas_E amygdali	Isolate taxonomy	Inoviruses (10.1038/s41564-019-0510-x)
IMGVR_UViG_2713896864_000001	2713896864	2713921526	;;;	vOTU_00000264	10384	0	10384	true	12	12	0	7	Linear	0.8984	High-confidence	100.00	0.0	High-quality	r__Monodnaviria;k__Loebvirae;p__Hofneiviricota;c__Faserviricetes;o__Tubulavirales;f__Inoviridae;;	geNomad	d__Bacteria;p__Proteobacteria;c__Gammaproteobacteria;o__Pseudomonadales;f__Pseudomonadaceae;g__Pseudomonas_E;s__Pseudomonas_E avellanae	Isolate taxonomy	Inoviruses (10.1038/s41564-019-0510-x)
IMGVR_UViG_2713896869_000001	2713896869	2713923163	;;;	vOTU_00000078	9162	1	9162	false	12	12	0	8	Provirus	0.9054	High-confidence	100.00	0.0	High-quality	r__Monodnaviria;k__Loebvirae;p__Hofneiviricota;c__Faserviricetes;o__Tubulavirales;f__Inoviridae;;	geNomad	d__Bacteria;p__Proteobacteria;c__Gammaproteobacteria;o__Pseudomonadales;f__Pseudomonadaceae;g__Pseudomonas_E;s__Pseudomonas_E avellanae	Isolate taxonomy	Inoviruses (10.1038/s41564-019-0510-x)
IMGVR_UViG_2713896878_000001	2713896878	2713925136	;;;	vOTU_00000265	7267	0	7267	true	11	11	0	5	Linear	0.8626	High-confidence	28.15	0.0	Genome fragment	r__Monodnaviria;k__Loebvirae;p__Hofneiviricota;c__Faserviricetes;o__Tubulavirales;f__Inoviridae;;	geNomad	d__Bacteria;p__Proteobacteria;c__Gammaproteobacteria;o__Enterobacterales;f__Vibrionaceae;g__Vibrio;s__Vibrio furnissii	Isolate taxonomy	Inoviruses (10.1038/s41564-019-0510-x)
IMGVR_UViG_2713896888_000001	2713896888	2713925775	;;;	vOTU_00000222	6869	666	7534	false	11	11	0	4	Provirus	0.9435	High-confidence	95.64	0.0	High-quality	r__Monodnaviria;k__Loebvirae;p__Hofneiviricota;c__Faserviricetes;o__Tubulavirales;;;	geNomad	d__Bacteria;p__Proteobacteria;c__Gammaproteobacteria;o__Pseudomonadales;f__Moraxellaceae;g__Acinetobacter;s__Acinetobacter baumannii	Isolate taxonomy	Inoviruses (10.1038/s41564-019-0510-x)
IMGVR_UViG_2713897178_000002	2713897178	2713949329	;;;	vOTU_00000266	12371	956	13326	false	18	18	0	8	Provirus	0.8529	High-confidence	100.00	0.0	High-quality	r__Monodnaviria;k__Loebvirae;p__Hofneiviricota;c__Faserviricetes;o__Tubulavirales;f__Inoviridae;;	geNomad	d__Bacteria;p__Proteobacteria;c__Gammaproteobacteria;o__Pseudomonadales;f__Pseudomonadaceae;g__Pseudomonas_A;s__Pseudomonas_A stutzeri_AD	Isolate taxonomy	Inoviruses (10.1038/s41564-019-0510-x)
IMGVR_UViG_2713897178_000004	2713897178	2713949564	;;;	vOTU_00000267	11065	0	11065	true	18	18	0	8	Linear	0.6936	High-confidence	100.00	0.0	High-quality	r__Monodnaviria;k__Loebvirae;p__Hofneiviricota;c__Faserviricetes;o__Tubulavirales;f__Inoviridae;;	geNomad	d__Bacteria;p__Proteobacteria;c__Gammaproteobacteria;o__Pseudomonadales;f__Pseudomonadaceae;g__Pseudomonas_A;s__Pseudomonas_A stutzeri_AD	Isolate taxonomy	Inoviruses (10.1038/s41564-019-0510-x)
IMGVR_UViG_2713897254_000001	2713897254	2713957838	;;;	vOTU_00000268	6416	0	6416	true	9	9	0	8	Linear	0.9775	High-confidence	98.56	0.0	High-quality	r__Monodnaviria;k__Loebvirae;p__Hofneiviricota;c__Faserviricetes;o__Tubulavirales;f__Inoviridae;;	geNomad	d__Bacteria;p__Proteobacteria;c__Gammaproteobacteria;o__Pseudomonadales;f__Pseudomonadaceae;g__Pseudomonas_E;s__Pseudomonas_E amygdali	Isolate taxonomy	Inoviruses (10.1038/s41564-019-0510-x)
IMGVR_UViG_2713897258_000001	2713897258	2713958820	;;;	vOTU_00000269	5828	1	5828	false	9	9	0	1	Provirus	0.0101	High-confidence	100.00	0.0	High-quality	r__Monodnaviria;k__Loebvirae;p__Hofneiviricota;c__Faserviricetes;o__Tubulavirales;f__Inoviridae;;	NR (doi:10.5281/zenodo.6574914)	d__Bacteria;p__Firmicutes;c__Bacilli;o__Lactobacillales;f__Streptococcaceae;g__Streptococcus;s__Streptococcus pneumoniae	Isolate taxonomy	Inoviruses (10.1038/s41564-019-0510-x)
IMGVR_UViG_2724679068_000001	2724679068	2724701576	;;;	vOTU_00000270	11596	1728	13323	false	16	16	0	8	Provirus	0.8881	High-confidence	100.00	0.0	High-quality	r__Monodnaviria;k__Loebvirae;p__Hofneiviricota;c__Faserviricetes;o__Tubulavirales;f__Inoviridae;;	geNomad	d__Bacteria;p__Proteobacteria;c__Gammaproteobacteria;o__Pseudomonadales;f__Pseudomonadaceae;g__Pseudomonas;s__Pseudomonas aeruginosa	Isolate taxonomy	Inoviruses (10.1038/s41564-019-0510-x)
IMGVR_UViG_2724679124_000001	2724679124	2724709951	;;;	vOTU_00000271	7435	0	7435	true	13	13	0	10	Linear	0.9597	High-confidence	100.00	0.0	High-quality	r__Monodnaviria;k__Loebvirae;p__Hofneiviricota;c__Faserviricetes;o__Tubulavirales;f__Inoviridae;;	geNomad	d__Bacteria;p__Proteobacteria;c__Gammaproteobacteria;o__Enterobacterales;f__Vibrionaceae;g__Vibrio;s__Vibrio cholerae	Isolate taxonomy	Inoviruses (10.1038/s41564-019-0510-x)
IMGVR_UViG_2724679126_000001	2724679126	2724710667	;;;	vOTU_00000272	5096	811	5906	false	10	10	0	8	Provirus	0.9717	High-confidence	71.67	0.0	Genome fragment	r__Monodnaviria;k__Loebvirae;p__Hofneiviricota;c__Faserviricetes;o__Tubulavirales;f__Inoviridae;;	geNomad	d__Bacteria;p__Proteobacteria;c__Gammaproteobacteria;o__Xanthomonadales;f__Xanthomonadaceae;g__Stenotrophomonas;s__Stenotrophomonas maltophilia	Isolate taxonomy	Inoviruses (10.1038/s41564-019-0510-x)
IMGVR_UViG_2724679143_000001	2724679143	2724712633	;;;	vOTU_00000021	4656	0	4656	true	8	8	0	5	Linear	0.9765	High-confidence	72.21	0.0	Genome fragment	r__Monodnaviria;k__Loebvirae;p__Hofneiviricota;c__Faserviricetes;o__Tubulavirales;;;	geNomad	d__Bacteria;p__Proteobacteria;c__Gammaproteobacteria;o__Pseudomonadales;f__Moraxellaceae;g__Acinetobacter;s__Acinetobacter baumannii	Isolate taxonomy	Inoviruses (10.1038/s41564-019-0510-x)
IMGVR_UViG_2724679435_000001	2724679435	2724731265	;;;	vOTU_00000021	4630	0	4630	true	8	8	0	5	Linear	0.9754	High-confidence	71.81	0.0	Genome fragment	r__Monodnaviria;k__Loebvirae;p__Hofneiviricota;c__Faserviricetes;o__Tubulavirales;;;	geNomad	d__Bacteria;p__Proteobacteria;c__Gammaproteobacteria;o__Pseudomonadales;f__Moraxellaceae;g__Acinetobacter;s__Acinetobacter baumannii	Isolate taxonomy	Inoviruses (10.1038/s41564-019-0510-x)
IMGVR_UViG_2724679437_000002	2724679437	2724731353	;;;	vOTU_00000273	4965	1	4965	false	8	8	0	1	Provirus	0.6383	High-confidence	69.09	0.0	Genome fragment	r__Monodnaviria;k__Loebvirae;p__Hofneiviricota;c__Faserviricetes;o__Tubulavirales;;;	geNomad	d__Bacteria;p__Proteobacteria;c__Gammaproteobacteria;o__Pseudomonadales;f__Moraxellaceae;g__Acinetobacter;s__Acinetobacter baumannii	Isolate taxonomy	Inoviruses (10.1038/s41564-019-0510-x)
IMGVR_UViG_2724679438_000001	2724679438	2724731370	;;;	vOTU_00000273	4963	1	4963	false	8	8	0	1	Provirus	0.596	High-confidence	69.07	0.0	Genome fragment	r__Monodnaviria;k__Loebvirae;p__Hofneiviricota;c__Faserviricetes;o__Tubulavirales;;;	geNomad	d__Bacteria;p__Proteobacteria;c__Gammaproteobacteria;o__Pseudomonadales;f__Moraxellaceae;g__Acinetobacter;s__Acinetobacter baumannii	Isolate taxonomy	Inoviruses (10.1038/s41564-019-0510-x)
IMGVR_UViG_2724679439_000002	2724679439	2724731425	;;;	vOTU_00000273	4965	1	4965	false	8	8	0	1	Provirus	0.6524	High-confidence	69.10	0.0	Genome fragment	r__Monodnaviria;k__Loebvirae;p__Hofneiviricota;c__Faserviricetes;o__Tubulavirales;;;	geNomad	d__Bacteria;p__Proteobacteria;c__Gammaproteobacteria;o__Pseudomonadales;f__Moraxellaceae;g__Acinetobacter;s__Acinetobacter baumannii	Isolate taxonomy	Inoviruses (10.1038/s41564-019-0510-x)
IMGVR_UViG_2724679441_000001	2724679441	2724731491	;;;	vOTU_00000273	4965	843	5807	false	8	8	0	1	Provirus	0.6571	High-confidence	69.10	0.0	Genome fragment	r__Monodnaviria;k__Loebvirae;p__Hofneiviricota;c__Faserviricetes;o__Tubulavirales;;;	geNomad	d__Bacteria;p__Proteobacteria;c__Gammaproteobacteria;o__Pseudomonadales;f__Moraxellaceae;g__Acinetobacter;s__Acinetobacter baumannii	Isolate taxonomy	Inoviruses (10.1038/s41564-019-0510-x)
IMGVR_UViG_2724679442_000002	2724679442	2724731564	;;;	vOTU_00000273	4965	843	5807	false	8	8	0	1	Provirus	0.6571	High-confidence	69.10	0.0	Genome fragment	r__Monodnaviria;k__Loebvirae;p__Hofneiviricota;c__Faserviricetes;o__Tubulavirales;;;	geNomad	d__Bacteria;p__Proteobacteria;c__Gammaproteobacteria;o__Pseudomonadales;f__Moraxellaceae;g__Acinetobacter;s__Acinetobacter baumannii	Isolate taxonomy	Inoviruses (10.1038/s41564-019-0510-x)
IMGVR_UViG_2724679447_000001	2724679447	2724731862	;;;	vOTU_00000021	4586	0	4586	true	8	8	0	5	Linear	0.9764	High-confidence	71.13	0.0	Genome fragment	r__Monodnaviria;k__Loebvirae;p__Hofneiviricota;c__Faserviricetes;o__Tubulavirales;;;	geNomad	d__Bacteria;p__Proteobacteria;c__Gammaproteobacteria;o__Pseudomonadales;f__Moraxellaceae;g__Acinetobacter;s__Acinetobacter baumannii	Isolate taxonomy	Inoviruses (10.1038/s41564-019-0510-x)
IMGVR_UViG_2724679448_000001	2724679448	2724731884	;;;	vOTU_00000273	4965	1	4965	false	8	8	0	1	Provirus	0.6383	High-confidence	69.09	0.0	Genome fragment	r__Monodnaviria;k__Loebvirae;p__Hofneiviricota;c__Faserviricetes;o__Tubulavirales;;;	geNomad	d__Bacteria;p__Proteobacteria;c__Gammaproteobacteria;o__Pseudomonadales;f__Moraxellaceae;g__Acinetobacter;s__Acinetobacter baumannii	Isolate taxonomy	Inoviruses (10.1038/s41564-019-0510-x)
IMGVR_UViG_2724679450_000001	2724679450	2724731978	;;;	vOTU_00000021	4591	0	4591	true	8	8	0	5	Linear	0.9775	High-confidence	71.20	0.0	Genome fragment	r__Monodnaviria;k__Loebvirae;p__Hofneiviricota;c__Faserviricetes;o__Tubulavirales;;;	geNomad	d__Bacteria;p__Proteobacteria;c__Gammaproteobacteria;o__Pseudomonadales;f__Moraxellaceae;g__Acinetobacter;s__Acinetobacter baumannii	Isolate taxonomy	Inoviruses (10.1038/s41564-019-0510-x)
IMGVR_UViG_2724679451_000001	2724679451	2724732466	;;;	vOTU_00000021	4567	0	4567	true	8	8	0	5	Linear	0.9761	High-confidence	70.83	0.0	Genome fragment	r__Monodnaviria;k__Loebvirae;p__Hofneiviricota;c__Faserviricetes;o__Tubulavirales;;;	geNomad	d__Bacteria;p__Proteobacteria;c__Gammaproteobacteria;o__Pseudomonadales;f__Moraxellaceae;g__Acinetobacter;s__Acinetobacter baumannii	Isolate taxonomy	Inoviruses (10.1038/s41564-019-0510-x)
IMGVR_UViG_2724679591_000001	2724679591	2724750985	;;;	vOTU_00000274	6900	1	6900	false	9	9	0	1	Provirus	0.418	High-confidence	86.85	0.0	Genome fragment	r__Monodnaviria;k__Loebvirae;p__Hofneiviricota;c__Faserviricetes;o__Tubulavirales;;;	geNomad	d__Bacteria;p__Proteobacteria;c__Alphaproteobacteria;o__Acetobacterales;f__Acetobacteraceae;g__Gluconobacter_A;s__Gluconobacter_A thailandicus	Isolate taxonomy	Inoviruses (10.1038/s41564-019-0510-x)
IMGVR_UViG_2728368918_000001	2728368918	2728371129	;;;	vOTU_00000275	7168	156	7323	false	10	10	0	8	Provirus	0.9762	High-confidence	100.00	0.0	High-quality	r__Monodnaviria;k__Loebvirae;p__Hofneiviricota;c__Faserviricetes;o__Tubulavirales;f__Inoviridae;;	geNomad	d__Bacteria;p__Proteobacteria;c__Gammaproteobacteria;o__Pseudomonadales;f__Pseudomonadaceae;g__Pseudomonas_E;s__Pseudomonas_E amygdali	Isolate taxonomy	Inoviruses (10.1038/s41564-019-0510-x)
IMGVR_UViG_2728368925_000001	2728368925	2728372593	;;;	vOTU_00000263	6801	1	6801	false	13	13	0	6	Provirus	0.9794	High-confidence	100.00	0.0	High-quality	r__Monodnaviria;k__Loebvirae;p__Hofneiviricota;c__Faserviricetes;o__Tubulavirales;f__Inoviridae;;	geNomad	d__Bacteria;p__Proteobacteria;c__Gammaproteobacteria;o__Pseudomonadales;f__Pseudomonadaceae;g__Pseudomonas_E;s__Pseudomonas_E amygdali	Isolate taxonomy	Inoviruses (10.1038/s41564-019-0510-x)
IMGVR_UViG_2728368963_000001	2728368963	2728379314	;;;	vOTU_00000276	5264	0	5264	true	8	8	0	1	Linear	0.011	High-confidence	96.41	0.0	High-quality	r__Monodnaviria;k__Loebvirae;p__Hofneiviricota;c__Faserviricetes;o__Tubulavirales;;;	geNomad	d__Bacteria;p__Firmicutes;c__Bacilli;o__Lactobacillales;f__Streptococcaceae;g__Streptococcus;s__Streptococcus pneumoniae	Isolate taxonomy	Inoviruses (10.1038/s41564-019-0510-x)
IMGVR_UViG_2728369113_000001	2728369113	2728398250	;;;	vOTU_00000277	7927	66	7992	false	11	11	0	1	Provirus	0.311	High-confidence	100.00	0.0	High-quality	r__Monodnaviria;k__Loebvirae;p__Hofneiviricota;c__Faserviricetes;o__Tubulavirales;f__Inoviridae;;	NR (doi:10.5281/zenodo.6574914)	d__Bacteria;p__Proteobacteria;c__Gammaproteobacteria;o__Burkholderiales;f__Burkholderiaceae;g__Cupriavidus;s__Cupriavidus metallidurans	Isolate taxonomy	Inoviruses (10.1038/s41564-019-0510-x)
IMGVR_UViG_2728369576_000001	2728369576	2728456560	;;;	vOTU_00000278	4912	0	4912	true	8	8	0	4	Linear	0.7705	High-confidence	71.07	0.0	Genome fragment	r__Monodnaviria;k__Loebvirae;p__Hofneiviricota;c__Faserviricetes;o__Tubulavirales;f__Inoviridae;;	geNomad	d__Bacteria;p__Proteobacteria;c__Gammaproteobacteria;o__Pseudomonadales;f__Pseudomonadaceae;g__Ventosimonas;s__Ventosimonas gracilis	Isolate taxonomy	Inoviruses (10.1038/s41564-019-0510-x)
IMGVR_UViG_2728369690_000001	2728369690	2728477313	;;;	vOTU_00000279	5017	1	5017	false	0	0	0		Provirus	0.1747	High-confidence	NA	0.0	Unsure	r__Monodnaviria;k__Loebvirae;p__Hofneiviricota;c__Faserviricetes;o__Tubulavirales;;;	NR (doi:10.5281/zenodo.6574914)	d__Bacteria;p__Deinococcota;c__Deinococci;o__Deinococcales;f__Thermaceae;g__Thermus;s__Thermus kawarayensis	Isolate taxonomy	Inoviruses (10.1038/s41564-019-0510-x)
IMGVR_UViG_2731957637_000002	2731957637	2731981457	;;;	vOTU_00000280	5656	1	5656	false	9	9	0	5	Provirus	0.9303	High-confidence	61.13	0.0	Genome fragment	r__Monodnaviria;k__Loebvirae;p__Hofneiviricota;c__Faserviricetes;o__Tubulavirales;f__Inoviridae;;	geNomad	d__Bacteria;p__Proteobacteria;c__Gammaproteobacteria;o__Enterobacterales;f__Vibrionaceae;g__Vibrio;s__Vibrio mediterranei	Isolate taxonomy	Inoviruses (10.1038/s41564-019-0510-x)
IMGVR_UViG_2731957827_000001	2731957827	2732014547	;;;	vOTU_00000281	5673	0	5673	true	9	9	0	5	Linear	0.9423	High-confidence	60.88	0.0	Genome fragment	r__Monodnaviria;k__Loebvirae;p__Hofneiviricota;c__Faserviricetes;o__Tubulavirales;f__Inoviridae;;	geNomad	d__Bacteria;p__Proteobacteria;c__Gammaproteobacteria;o__Enterobacterales;f__Vibrionaceae;g__Vibrio;s__Vibrio harveyi	Isolate taxonomy	Inoviruses (10.1038/s41564-019-0510-x)
IMGVR_UViG_2731957830_000008	2731957830	2732014991	;;;	vOTU_00000045	8829	1	8829	false	16	16	0	7	Provirus	0.9311	High-confidence	100.00	0.0	High-quality	r__Monodnaviria;k__Loebvirae;p__Hofneiviricota;c__Faserviricetes;o__Tubulavirales;f__Inoviridae;;	geNomad	d__Bacteria;p__Proteobacteria;c__Gammaproteobacteria;o__Burkholderiales;f__Neisseriaceae;g__Neisseria;s__Neisseria meningitidis	Isolate taxonomy	Inoviruses (10.1038/s41564-019-0510-x)
IMGVR_UViG_2731957831_000001	2731957831	2732015232	;;;	vOTU_00000045	6370	1	6370	false	10	10	0	6	Provirus	0.9135	High-confidence	87.05	0.0	Genome fragment	r__Monodnaviria;k__Loebvirae;p__Hofneiviricota;c__Faserviricetes;o__Tubulavirales;f__Inoviridae;;	geNomad	d__Bacteria;p__Proteobacteria;c__Gammaproteobacteria;o__Burkholderiales;f__Neisseriaceae;g__Neisseria;s__Neisseria meningitidis	Isolate taxonomy	Inoviruses (10.1038/s41564-019-0510-x)
IMGVR_UViG_640963010_000003	640963010	640965803	Host-associated;Arthropoda;Unclassified;Unclassified	vOTU_00000282	6977	0	6977	true	9	9	0	7	Linear	0.9734	High-confidence	74.56	0.0	Genome fragment	r__Monodnaviria;k__Loebvirae;p__Hofneiviricota;c__Faserviricetes;o__Tubulavirales;f__Inoviridae;;	geNomad	d__Bacteria;p__Proteobacteria;c__Gammaproteobacteria;o__Enterobacterales;f__Vibrionaceae;g__Vibrio;s__Vibrio campbellii	Isolate taxonomy	Inoviruses (10.1038/s41564-019-0510-x)
IMGVR_UViG_640963020_000001	640963020	640963615	Host-associated;Unclassified;Unclassified;Unclassified	vOTU_00000283	9598	1	9598	false	14	14	0	8	Provirus	0.8658	High-confidence	100.00	0.0	High-quality	r__Monodnaviria;k__Loebvirae;p__Hofneiviricota;c__Faserviricetes;o__Tubulavirales;f__Inoviridae;;	NR (doi:10.5281/zenodo.6574914)	d__Bacteria;p__Proteobacteria;c__Gammaproteobacteria;o__Enterobacterales;f__Vibrionaceae;g__Vibrio;s__Vibrio cholerae	Isolate taxonomy	Inoviruses (10.1038/s41564-019-0510-x)
IMGVR_UViG_641210230_000001	641210230	641210215	;;;	vOTU_00000284	11066	0	11066	true	0	0	0	13	Linear	0.0336	High-confidence	93.65	0.0	High-quality	r__Monodnaviria;k__Loebvirae;p__Hofneiviricota;c__Faserviricetes;o__Tubulavirales;;;	geNomad	d__Bacteria;p__Firmicutes;c__Bacilli;o__Bacillales_A;f__Planococcaceae;g__Lysinibacillus;	CRISPR spacer match	Inoviruses (10.1038/s41564-019-0510-x)
IMGVR_UViG_641736122_000001	641736122	641749522	Host-associated;Mammals: Human;Visual system;Conjunctiva	vOTU_00000285	7219	1	7219	false	12	12	0	3	Provirus	0.9438	High-confidence	73.29	0.0	Genome fragment	r__Monodnaviria;k__Loebvirae;p__Hofneiviricota;c__Faserviricetes;o__Tubulavirales;f__Inoviridae;;	geNomad	d__Bacteria;p__Proteobacteria;c__Gammaproteobacteria;o__Burkholderiales;f__Burkholderiaceae;g__Burkholderia;s__Burkholderia oklahomensis	Isolate taxonomy	Inoviruses (10.1038/s41564-019-0510-x)
IMGVR_UViG_643886094_000002	643886094	643919653	Host-associated;Human;Unclassified;Unclassified	vOTU_00000286	10206	2166	12371	false	18	18	0	8	Provirus	0.0087	High-confidence	87.10	0.0	Genome fragment	;;;;;;;		d__Bacteria;p__Firmicutes;c__Bacilli;o__Bacillales;f__Bacillaceae_G;g__Bacillus_A;s__Bacillus_A thuringiensis_S	Isolate taxonomy	Inoviruses (10.1038/s41564-019-0510-x)
IMGVR_UViG_643886178_000001	643886178	643913548	Engineered;Built environment;Hospital;Unclassified	vOTU_00000287	10481	1277	11757	false	18	18	0	12	Provirus	0.0052	High-confidence	84.33	0.0	Genome fragment	r__Monodnaviria;k__Loebvirae;p__Hofneiviricota;c__Faserviricetes;o__Tubulavirales;;;	geNomad	d__Bacteria;p__Firmicutes;c__Bacilli;o__Bacillales;f__Bacillaceae_G;g__Bacillus_A;s__Bacillus_A mobilis	Isolate taxonomy	Inoviruses (10.1038/s41564-019-0510-x)
IMGVR_UViG_647000204_000001	647000204	647008433	Host-associated;Mammals: Human;Integumentary system;Skin	vOTU_00000021	4527	0	4527	true	8	8	0	5	Linear	0.9744	High-confidence	70.21	0.0	Genome fragment	r__Monodnaviria;k__Loebvirae;p__Hofneiviricota;c__Faserviricetes;o__Tubulavirales;;;	geNomad	d__Bacteria;p__Proteobacteria;c__Gammaproteobacteria;o__Pseudomonadales;f__Moraxellaceae;g__Acinetobacter;s__Acinetobacter baumannii	Isolate taxonomy	Inoviruses (10.1038/s41564-019-0510-x)
IMGVR_UViG_647000345_000002	647000345	647004828	Host-associated;Plants;Unclassified;Unclassified	vOTU_00000050	6743	0	6743	true	11	11	0	7	Linear	0.9412	High-confidence	96.52	0.0	High-quality	r__Monodnaviria;k__Loebvirae;p__Hofneiviricota;c__Faserviricetes;o__Tubulavirales;f__Inoviridae;;	NR (doi:10.5281/zenodo.6574914)	d__Bacteria;p__Proteobacteria;c__Gammaproteobacteria;o__Xanthomonadales;f__Xanthomonadaceae;g__Xanthomonas;s__Xanthomonas vasicola	Isolate taxonomy	Inoviruses (10.1038/s41564-019-0510-x)
IMGVR_UViG_2010170003_000001	2010170003	BISONP_C9385	Environmental;Aquatic;Thermal springs;Hot (42-90C)	vOTU_00000288	6515	860	7374	false	9	9	0	4	Provirus	0.8965	High-confidence	71.53	0.0	Genome fragment	r__Monodnaviria;k__Loebvirae;p__Hofneiviricota;c__Faserviricetes;o__Tubulavirales;f__Inoviridae;;	geNomad	d__Bacteria;p__Proteobacteria;c__Gammaproteobacteria;o__Enterobacterales;f__Enterobacteriaceae;;	k-mer match	Inoviruses (10.1038/s41564-019-0510-x)
IMGVR_UViG_2035918003_000018	2035918003	DPOL_contig14092	Host-associated;Arthropoda: Insects;Whole body;Unclassified	vOTU_00000289	8590	0	8590	true	13	13	0	3	Linear	0.6254	High-confidence	100.00	0.0	High-quality	r__Monodnaviria;k__Loebvirae;p__Hofneiviricota;c__Faserviricetes;o__Tubulavirales;f__Inoviridae;;	geNomad	;;;;;;		Inoviruses (10.1038/s41564-019-0510-x)
IMGVR_UViG_2061766007_001003	2061766007	rumenHiSeq_NODE_2198994_len_6318_cov_0_457740	Host-associated;Mammals;Digestive system;Stomach	vOTU_00000290	6035	1	6035	false	9	9	0		Provirus	0.4371	High-confidence	NA	0.0	Unsure	;;;;;;;		;;;;;;		Inoviruses (10.1038/s41564-019-0510-x)
IMGVR_UViG_2124908032_000003	2124908032	Perma_A_C_ConsensusfromContig1409	Environmental;Terrestrial;Soil;Unclassified	vOTU_00000291	5415	0	5415	true	9	9	0	1	Linear	0.4278	High-confidence	69.34	0.0	Genome fragment	r__Monodnaviria;k__Loebvirae;p__Hofneiviricota;c__Faserviricetes;o__Tubulavirales;f__Paulinoviridae;;	NR (doi:10.5281/zenodo.6574914)	;;;;;;		Inoviruses (10.1038/s41564-019-0510-x)
IMGVR_UViG_2140918006_000001	2140918006	ConsensusfromContig778	Environmental;Terrestrial;Soil;Unclassified	vOTU_00000291	5413	0	5413	true	9	9	0	1	Linear	0.3402	High-confidence	69.32	0.0	Genome fragment	r__Monodnaviria;k__Loebvirae;p__Hofneiviricota;c__Faserviricetes;o__Tubulavirales;f__Paulinoviridae;;	NR (doi:10.5281/zenodo.6574914)	;;;;;;		Inoviruses (10.1038/s41564-019-0510-x)
IMGVR_UViG_2140918008_000025	2140918008	ConsensusfromContig169843	Environmental;Terrestrial;Soil;Unclassified	vOTU_00000292	4917	0	4917	true	9	9	0		Linear	0.368	High-confidence	NA	0.0	Unsure	;;;;;;;		;;;;;;		Inoviruses (10.1038/s41564-019-0510-x)
IMGVR_UViG_2140918008_000026	2140918008	ConsensusfromContig2538	Environmental;Terrestrial;Soil;Unclassified	vOTU_00000293	5046	778	5823	false	9	9	0	2	Provirus	0.9146	High-confidence	NA	0.0	Unsure	r__Duplodnaviria;k__Heunggongvirae;p__Uroviricota;c__Caudoviricetes;;;;	vOTU consensus	;;;;;;		Inoviruses (10.1038/s41564-019-0510-x)
IMGVR_UViG_2156126002_000132	2156126002	BMHB2__conwjm6	Engineered;Bioreactor;Anaerobic;Unclassified	vOTU_00000294	7408	1	7408	false	12	12	0	2	Provirus	0.8549	High-confidence	71.41	0.0	Genome fragment	r__Monodnaviria;k__Loebvirae;p__Hofneiviricota;c__Faserviricetes;o__Tubulavirales;;;	geNomad	;;;;;;		Inoviruses (10.1038/s41564-019-0510-x)
IMGVR_UViG_2156126002_000133	2156126002	BMHB2__conwss2	Engineered;Bioreactor;Anaerobic;Unclassified	vOTU_00000294	7412	410	7821	false	12	12	0	2	Provirus	0.9388	High-confidence	71.45	0.0	Genome fragment	r__Monodnaviria;k__Loebvirae;p__Hofneiviricota;c__Faserviricetes;o__Tubulavirales;;;	geNomad	;;;;;;		Inoviruses (10.1038/s41564-019-0510-x)
IMGVR_UViG_2156126002_000134	2156126002	BMHB2__coomts7	Engineered;Bioreactor;Anaerobic;Unclassified	vOTU_00000295	6265	0	6265	true	13	13	0	4	Linear	0.0098	High-confidence	71.88	0.0	Genome fragment	r__Monodnaviria;k__Loebvirae;p__Hofneiviricota;c__Faserviricetes;o__Tubulavirales;f__Inoviridae;;	geNomad	;;;;;;		Inoviruses (10.1038/s41564-019-0510-x)
IMGVR_UViG_2156126002_000135	2156126002	BMHB2__copjhr0	Engineered;Bioreactor;Anaerobic;Unclassified	vOTU_00000294	7410	408	7817	false	12	12	0	2	Provirus	0.9388	High-confidence	71.43	0.0	Genome fragment	r__Monodnaviria;k__Loebvirae;p__Hofneiviricota;c__Faserviricetes;o__Tubulavirales;;;	geNomad	;;;;;;		Inoviruses (10.1038/s41564-019-0510-x)
IMGVR_UViG_2156126002_000136	2156126002	BMHB2__copjlw5	Engineered;Bioreactor;Anaerobic;Unclassified	vOTU_00000294	7414	412	7825	false	12	12	0	2	Provirus	0.9388	High-confidence	71.47	0.0	Genome fragment	r__Monodnaviria;k__Loebvirae;p__Hofneiviricota;c__Faserviricetes;o__Tubulavirales;;;	geNomad	;;;;;;		Inoviruses (10.1038/s41564-019-0510-x)
IMGVR_UViG_2162886008_000049	2162886008	PRSSGFe2_Sequence0000003624	Environmental;Terrestrial;Soil;Unclassified	vOTU_00000296	6691	0	6691	true	11	11	0		Linear	0.7021	High-confidence	NA	0.0	Unsure	r__Monodnaviria;k__Loebvirae;p__Hofneiviricota;c__Faserviricetes;o__Tubulavirales;f__Inoviridae;;	NR (doi:10.5281/zenodo.6574914)	;;;;;;		Inoviruses (10.1038/s41564-019-0510-x)
IMGVR_UViG_2162886008_000050	2162886008	PRSSGFe2_Sequence0000005898	Environmental;Terrestrial;Soil;Unclassified	vOTU_00000297	4945	0	4945	true	8	8	0		Linear	0.4619	High-confidence	NA	0.0	Unsure	r__Monodnaviria;k__Loebvirae;p__Hofneiviricota;c__Faserviricetes;o__Tubulavirales;f__Inoviridae;;	NR (doi:10.5281/zenodo.6574914)	;;;;;;		Inoviruses (10.1038/s41564-019-0510-x)
IMGVR_UViG_2189573022_000041	2189573022	PRSSG2_Sequence0000002743	Environmental;Terrestrial;Soil;Unclassified	vOTU_00000298	7208	1	7208	false	14	14	0	5	Provirus	0.9012	High-confidence	73.18	0.0	Genome fragment	r__Monodnaviria;k__Loebvirae;p__Hofneiviricota;c__Faserviricetes;o__Tubulavirales;f__Inoviridae;;	geNomad	;;;;;;		Inoviruses (10.1038/s41564-019-0510-x)
IMGVR_UViG_2189573022_000042	2189573022	PRSSG2_Sequence0000006569	Environmental;Terrestrial;Soil;Unclassified	vOTU_00000299	4210	0	4210	true	8	8	0	1	Linear	0.2173	High-confidence	NA	0.0	Unsure	r__Monodnaviria;k__Loebvirae;p__Hofneiviricota;c__Faserviricetes;o__Tubulavirales;f__Inoviridae;;	NR (doi:10.5281/zenodo.6574914)	;;;;;;		Inoviruses (10.1038/s41564-019-0510-x)
IMGVR_UViG_2209111015_000001	2209111015	2218140578	Engineered;Built environment;Tailings pond;Petrochemical	vOTU_00000300	7730	0	7730	true	11	11	0	6	Linear	0.8803	High-confidence	100.00	0.0	High-quality	r__Monodnaviria;k__Loebvirae;p__Hofneiviricota;c__Faserviricetes;o__Tubulavirales;f__Inoviridae;;	geNomad	;;;;;;		Inoviruses (10.1038/s41564-019-0510-x)
IMGVR_UViG_2225789004_000004	2225789004	2227269666	Host-associated;Arthropoda: Insects;Larva;Gut	vOTU_00000301	6286	1	6286	false	18	18	0	3	Provirus	0.2018	High-confidence	NA	0.0	Unsure	r__Monodnaviria;k__Loebvirae;p__Hofneiviricota;c__Faserviricetes;o__Tubulavirales;f__Inoviridae;;	geNomad	;;;;;;		Inoviruses (10.1038/s41564-019-0510-x)
IMGVR_UViG_2225789004_000005	2225789004	2227490464	Host-associated;Arthropoda: Insects;Larva;Gut	vOTU_00000302	4109	0	4109	true	9	9	0	2	Linear	0.4205	High-confidence	65.54	0.0	Genome fragment	r__Monodnaviria;k__Loebvirae;p__Hofneiviricota;c__Faserviricetes;o__Tubulavirales;f__Inoviridae;;	geNomad	;;;;;;		Inoviruses (10.1038/s41564-019-0510-x)
IMGVR_UViG_2225789004_000006	2225789004	2227493514	Host-associated;Arthropoda: Insects;Larva;Gut	vOTU_00000303	4017	0	4017	true	11	11	0		Linear	0.0944	High-confidence	48.53	0.0	Genome fragment	r__Monodnaviria;k__Loebvirae;p__Hofneiviricota;c__Faserviricetes;o__Tubulavirales;f__Inoviridae;;	NR (doi:10.5281/zenodo.6574914)	;;;;;;		Inoviruses (10.1038/s41564-019-0510-x)
IMGVR_UViG_2228664008_000001	2228664008	2230977802	Engineered;Bioremediation;Persistent organic pollutants (POP);Polycyclic aromatic hydrocarbons	vOTU_00000300	7730	0	7730	true	11	11	0	6	Linear	0.8803	High-confidence	100.00	0.0	High-quality	r__Monodnaviria;k__Loebvirae;p__Hofneiviricota;c__Faserviricetes;o__Tubulavirales;f__Inoviridae;;	geNomad	;;;;;;		Inoviruses (10.1038/s41564-019-0510-x)
IMGVR_UViG_3300000032_000157	3300000032	Draft_c0013269	Engineered;Lab enrichment;Defined media;Anaerobic media	vOTU_00000304	12283	0	12283	true	23	23	0	1	Linear	0.8481	High-confidence	29.23	0.0	Genome fragment	;;;;;;;		;;;;;;		Inoviruses (10.1038/s41564-019-0510-x)
IMGVR_UViG_3300000032_000159	3300000032	Draft_c0015790	Engineered;Lab enrichment;Defined media;Anaerobic media	vOTU_00000305	4285	1	4285	false	9	9	0		Provirus	0.2709	High-confidence	NA	0.0	Unsure	r__Monodnaviria;k__Loebvirae;p__Hofneiviricota;c__Faserviricetes;o__Tubulavirales;f__Inoviridae;;	NR (doi:10.5281/zenodo.6574914)	;;;;;;		Inoviruses (10.1038/s41564-019-0510-x)
IMGVR_UViG_3300000052_000067	3300000052	Draft_c020007	Engineered;Biotransformation;Microbial solubilization of coal;Unclassified	vOTU_00000306	7178	1	7178	false	12	12	0	3	Provirus	0.4719	High-confidence	100.00	0.0	High-quality	r__Monodnaviria;k__Loebvirae;p__Hofneiviricota;c__Faserviricetes;o__Tubulavirales;f__Inoviridae;;	geNomad	;;;;;;		Inoviruses (10.1038/s41564-019-0510-x)
IMGVR_UViG_3300000052_000068	3300000052	Draft_c067672	Engineered;Biotransformation;Microbial solubilization of coal;Unclassified	vOTU_00000307	3287	0	3287	true	7	7	0	3	Linear	0.8495	High-confidence	48.81	0.0	Genome fragment	r__Monodnaviria;k__Loebvirae;p__Hofneiviricota;c__Faserviricetes;o__Tubulavirales;f__Inoviridae;;	geNomad	;;;;;;		Inoviruses (10.1038/s41564-019-0510-x)
IMGVR_UViG_3300000052_000069	3300000052	Draft_c542447	Engineered;Biotransformation;Microbial solubilization of coal;Unclassified	vOTU_00000308	3768	0	3768	true	7	7	0	4	Linear	0.9611	High-confidence	60.10	0.0	Genome fragment	r__Monodnaviria;k__Loebvirae;p__Hofneiviricota;c__Faserviricetes;o__Tubulavirales;f__Inoviridae;;	geNomad	;;;;;;		Inoviruses (10.1038/s41564-019-0510-x)
IMGVR_UViG_3300000052_000070	3300000052	Draft_c542469	Engineered;Biotransformation;Microbial solubilization of coal;Unclassified	vOTU_00000309	4042	0	4042	true	8	8	0	3	Linear	0.9492	High-confidence	60.39	0.0	Genome fragment	r__Monodnaviria;k__Loebvirae;p__Hofneiviricota;c__Faserviricetes;o__Tubulavirales;f__Inoviridae;;	geNomad	;;;;;;		Inoviruses (10.1038/s41564-019-0510-x)
IMGVR_UViG_3300000059_000068	3300000059	PaHGMunAill_c0005612	Host-associated;Arthropoda: Insects;Digestive system;Hindgut	vOTU_00000310	5797	0	5797	true	10	10	0	2	Linear	0.0708	High-confidence	NA	0.0	Unsure	r__Monodnaviria;k__Loebvirae;p__Hofneiviricota;c__Faserviricetes;o__Tubulavirales;;;	geNomad	;;;;;;		Inoviruses (10.1038/s41564-019-0510-x)
IMGVR_UViG_3300000059_000069	3300000059	PaHGMunAill_c0011238	Host-associated;Arthropoda: Insects;Digestive system;Hindgut	vOTU_00000311	3888	0	3888	true	8	8	0	1	Linear	0.6645	High-confidence	43.48	0.0	Genome fragment	r__Monodnaviria;k__Loebvirae;p__Hofneiviricota;c__Faserviricetes;o__Tubulavirales;f__Inoviridae;;	NR (doi:10.5281/zenodo.6574914)	;;;;;;		Inoviruses (10.1038/s41564-019-0510-x)
IMGVR_UViG_3300000062_000130	3300000062	IMNBL1DRAFT_c0007808	Host-associated;Arthropoda: Insects;Larva;Gut	vOTU_00000312	4897	1	4897	false	11	11	0	1	Provirus	0.7603	High-confidence	NA	0.0	Unsure	r__Monodnaviria;k__Loebvirae;p__Hofneiviricota;c__Faserviricetes;o__Tubulavirales;;;	geNomad	;;;;;;		Inoviruses (10.1038/s41564-019-0510-x)
IMGVR_UViG_3300000062_000131	3300000062	IMNBL1DRAFT_c0009903	Host-associated;Arthropoda: Insects;Larva;Gut	vOTU_00000313	4269	368	4636	false	7	7	0	1	Provirus	0.5545	High-confidence	61.87	0.0	Genome fragment	r__Monodnaviria;k__Loebvirae;p__Hofneiviricota;c__Faserviricetes;o__Tubulavirales;;;	geNomad	;;;;;;		Inoviruses (10.1038/s41564-019-0510-x)
IMGVR_UViG_3300000095_000014	3300000095	LCrCPGB2aDRAFT_c000097	Environmental;Terrestrial;Soil;Sand	vOTU_00000314	7072	1	7072	false	13	13	0	2	Provirus	0.0354	High-confidence	NA	0.0	Unsure	;;;;;;;		;;;;;;		Inoviruses (10.1038/s41564-019-0510-x)
IMGVR_UViG_3300000095_000015	3300000095	LCrCPGB2aDRAFT_c000272	Environmental;Terrestrial;Soil;Sand	vOTU_00000315	5620	1	5620	false	11	11	0	1	Provirus	0.0673	High-confidence	NA	0.0	Unsure	r__Monodnaviria;k__Loebvirae;p__Hofneiviricota;c__Faserviricetes;o__Tubulavirales;;;	geNomad	;;;;;;		Inoviruses (10.1038/s41564-019-0510-x)
IMGVR_UViG_3300000151_000091	3300000151	SI53jan11_200mDRAFT_c1002708	Environmental;Aquatic;Marine;Intertidal zone	vOTU_00000316	5901	1027	6927	false	9	9	0	2	Provirus	0.0609	High-confidence	NA	0.0	Unsure	;;;;;;;		;;;;;;		Inoviruses (10.1038/s41564-019-0510-x)
IMGVR_UViG_3300000154_000082	3300000154	SI47jul10_150mDRAFT_c1004168	Environmental;Aquatic;Marine;Intertidal zone	vOTU_00000317	5365	0	5365	true	9	9	0		Linear	0.3254	High-confidence	NA	0.0	Unsure	;;;;;;;		;;;;;;		Inoviruses (10.1038/s41564-019-0510-x)
IMGVR_UViG_3300000193_000105	3300000193	SI47jul10_135mDRAFT_c1003647	Environmental;Aquatic;Marine;Intertidal zone	vOTU_00000318	5345	0	5345	true	10	10	0		Linear	0.3927	High-confidence	NA	0.0	Unsure	;;;;;;;		d__Bacteria;p__Planctomycetota;;;;;	k-mer match	Inoviruses (10.1038/s41564-019-0510-x)
IMGVR_UViG_3300000212_000072	3300000212	SI47jul10_120mDRAFT_c1002440	Environmental;Aquatic;Marine;Intertidal zone	vOTU_00000317	5803	1	5803	false	9	9	0		Provirus	0.2969	High-confidence	NA	0.0	Unsure	;;;;;;;		;;;;;;		Inoviruses (10.1038/s41564-019-0510-x)
IMGVR_UViG_3300000216_000110	3300000216	SI53jan11_150mDRAFT_c1003392	Environmental;Aquatic;Marine;Intertidal zone	vOTU_00000319	6393	0	6393	true	9	9	0	2	Linear	0.0652	High-confidence	NA	0.0	Unsure	;;;;;;;		;;;;;;		Inoviruses (10.1038/s41564-019-0510-x)
IMGVR_UViG_3300000228_000181	3300000228	TB_PC08_66DRAFT_10010493	Environmental;Aquatic;Freshwater;Groundwater	vOTU_00000320	4387	0	4387	true	8	8	0	3	Linear	0.9665	High-confidence	40.69	0.0	Genome fragment	r__Monodnaviria;k__Loebvirae;p__Hofneiviricota;c__Faserviricetes;o__Tubulavirales;f__Inoviridae;;	geNomad	;;;;;;		Inoviruses (10.1038/s41564-019-0510-x)
IMGVR_UViG_3300000230_000138	3300000230	TB_GS10_10DRAFT_10006526	Environmental;Aquatic;Freshwater;Groundwater	vOTU_00000321	6470	366	6835	false	11	11	0		Provirus	0.1084	High-confidence	NA	0.0	Unsure	r__Duplodnaviria;k__Heunggongvirae;p__Uroviricota;c__Caudoviricetes;;;;	NR (doi:10.5281/zenodo.6574914)	;;;;;;		Inoviruses (10.1038/s41564-019-0510-x)
IMGVR_UViG_3300000232_000087	3300000232	TB_PC08_64DRAFT_1003707	Environmental;Aquatic;Freshwater;Groundwater	vOTU_00000322	6646	158	6803	false	10	10	0	1	Provirus	0.7262	High-confidence	NA	0.0	Unsure	r__Monodnaviria;k__Loebvirae;p__Hofneiviricota;c__Faserviricetes;o__Tubulavirales;f__Inoviridae;;	NR (doi:10.5281/zenodo.6574914)	;;;;;;		Inoviruses (10.1038/s41564-019-0510-x)
IMGVR_UViG_3300000232_000088	3300000232	TB_PC08_64DRAFT_1009378	Environmental;Aquatic;Freshwater;Groundwater	vOTU_00000323	3645	0	3645	true	8	8	0	4	Linear	0.9635	High-confidence	47.35	0.0	Genome fragment	r__Monodnaviria;k__Loebvirae;p__Hofneiviricota;c__Faserviricetes;o__Tubulavirales;f__Inoviridae;;	geNomad	;;;;;;		Inoviruses (10.1038/s41564-019-0510-x)
IMGVR_UViG_3300000233_000129	3300000233	TB_FS06_10DRAFT_1004937	Environmental;Aquatic;Freshwater;Groundwater	vOTU_00000323	5434	1	5434	false	9	9	0	5	Provirus	0.9426	High-confidence	50.40	0.0	Genome fragment	r__Monodnaviria;k__Loebvirae;p__Hofneiviricota;c__Faserviricetes;o__Tubulavirales;f__Inoviridae;;	geNomad	;;;;;;		Inoviruses (10.1038/s41564-019-0510-x)
IMGVR_UViG_3300000233_000130	3300000233	TB_FS06_10DRAFT_1005389	Environmental;Aquatic;Freshwater;Groundwater	vOTU_00000324	5560	0	5560	true	9	9	0		Linear	0.1291	High-confidence	NA	0.0	Unsure	;;;;;;;		;;;;;;		Inoviruses (10.1038/s41564-019-0510-x)
IMGVR_UViG_3300000233_000131	3300000233	TB_FS06_10DRAFT_1005483	Environmental;Aquatic;Freshwater;Groundwater	vOTU_00000325	4828	671	5498	false	9	9	0	1	Provirus	0.5892	High-confidence	53.96	0.0	Genome fragment	r__Monodnaviria;k__Loebvirae;p__Hofneiviricota;c__Faserviricetes;o__Tubulavirales;;;	geNomad	;;;;;;		Inoviruses (10.1038/s41564-019-0510-x)
IMGVR_UViG_3300000236_000026	3300000236	TB_FS08_3DRAFT_1003842	Environmental;Aquatic;Freshwater;Groundwater	vOTU_00000326	4998	200	5197	false	9	9	0		Provirus	0.4019	High-confidence	46.85	0.0	Genome fragment	;;;;;;;		;;;;;;		Inoviruses (10.1038/s41564-019-0510-x)
IMGVR_UViG_3300000254_000044	3300000254	SI34jun09_100mDRAFT_1002347	Environmental;Aquatic;Marine;Intertidal zone	vOTU_00000327	5832	973	6804	false	10	10	0	1	Provirus	0.7128	High-confidence	NA	0.0	Unsure	r__Monodnaviria;k__Loebvirae;p__Hofneiviricota;c__Faserviricetes;o__Tubulavirales;f__Inoviridae;;	NR (doi:10.5281/zenodo.6574914)	;;;;;;		Inoviruses (10.1038/s41564-019-0510-x)
IMGVR_UViG_3300000271_000070	3300000271	PBR_1011581	Engineered;Biotransformation;Microbial enhanced oil recovery;Unclassified	vOTU_00000328	4425	0	4425	true	8	8	0	3	Linear	0.8933	High-confidence	70.51	0.0	Genome fragment	r__Monodnaviria;k__Loebvirae;p__Hofneiviricota;c__Faserviricetes;o__Tubulavirales;f__Inoviridae;;	geNomad	;;;;;;		Inoviruses (10.1038/s41564-019-0510-x)
IMGVR_UViG_3300000333_000099	3300000333	HBC_ctgsDRAFT_1001208	Host-associated;Arthropoda: Insects;Digestive system;Gut	vOTU_00000329	5657	0	5657	true	8	8	0	2	Linear	0.8075	High-confidence	68.67	0.0	Genome fragment	r__Monodnaviria;k__Loebvirae;p__Hofneiviricota;c__Faserviricetes;o__Tubulavirales;f__Inoviridae;;	geNomad	;;;;;;		Inoviruses (10.1038/s41564-019-0510-x)
IMGVR_UViG_3300000352_000034	3300000352	SR_TTP_S3DRAFT_1000959	Environmental;Aquatic;Non-marine Saline and Alkaline;Alkaline	vOTU_00000330	6899	227	7125	false	11	11	0	4	Provirus	0.6403	High-confidence	100.00	0.0	High-quality	r__Monodnaviria;k__Shotokuvirae;p__Cressdnaviricota;c__Arfiviricetes;o__Cirlivirales;;;	geNomad	;;;;;;		Inoviruses (10.1038/s41564-019-0510-x)
IMGVR_UViG_3300000352_000035	3300000352	SR_TTP_S3DRAFT_1001523	Environmental;Aquatic;Non-marine Saline and Alkaline;Alkaline	vOTU_00000331	4504	669	5172	false	9	9	0	1	Provirus	0.5193	High-confidence	70.78	0.0	Genome fragment	r__Monodnaviria;k__Loebvirae;p__Hofneiviricota;c__Faserviricetes;o__Tubulavirales;;;	geNomad	;;;;;;		Inoviruses (10.1038/s41564-019-0510-x)
IMGVR_UViG_3300000364_000060	3300000364	INPhiseqgaiiFebDRAFT_105857381	Environmental;Terrestrial;Soil;Unclassified	vOTU_00000332	7297	1	7297	false	11	11	0	5	Provirus	0.8506	High-confidence	100.00	0.0	High-quality	r__Monodnaviria;k__Loebvirae;p__Hofneiviricota;c__Faserviricetes;o__Tubulavirales;f__Inoviridae;;	geNomad	;;;;;;		Inoviruses (10.1038/s41564-019-0510-x)
IMGVR_UViG_3300000405_000566	3300000405	LV_Brine_h2_0102DRAFT_1002954	Environmental;Aquatic;Non-marine Saline and Alkaline;Hypersaline	vOTU_00000333	4227	1	4227	false	8	8	0	3	Provirus	0.7445	High-confidence	74.55	0.0	Genome fragment	r__Monodnaviria;k__Loebvirae;p__Hofneiviricota;c__Faserviricetes;o__Tubulavirales;f__Inoviridae;;	geNomad	;;;;;;		Inoviruses (10.1038/s41564-019-0510-x)
IMGVR_UViG_3300000405_000567	3300000405	LV_Brine_h2_0102DRAFT_1003067	Environmental;Aquatic;Non-marine Saline and Alkaline;Hypersaline	vOTU_00000334	4172	0	4172	true	9	9	0	4	Linear	0.8154	High-confidence	75.24	0.0	Genome fragment	r__Monodnaviria;k__Loebvirae;p__Hofneiviricota;c__Faserviricetes;o__Tubulavirales;f__Inoviridae;;	geNomad	;;;;;;		Inoviruses (10.1038/s41564-019-0510-x)
IMGVR_UViG_3300000436_000015	3300000436	LCrCPGB2_illDRAFT_1000088	Environmental;Terrestrial;Soil;Sand	vOTU_00000335	9224	1	9224	false	16	16	0	2	Provirus	0.0213	High-confidence	NA	0.0	Unsure	;;;;;;;		;;;;;;		Inoviruses (10.1038/s41564-019-0510-x)
IMGVR_UViG_3300000436_000016	3300000436	LCrCPGB2_illDRAFT_1000356	Environmental;Terrestrial;Soil;Sand	vOTU_00000315	5620	1	5620	false	11	11	0	1	Provirus	0.0673	High-confidence	NA	0.0	Unsure	r__Monodnaviria;k__Loebvirae;p__Hofneiviricota;c__Faserviricetes;o__Tubulavirales;;;	geNomad	;;;;;;		Inoviruses (10.1038/s41564-019-0510-x)
IMGVR_UViG_3300000436_000017	3300000436	LCrCPGB2_illDRAFT_1000561	Environmental;Terrestrial;Soil;Sand	vOTU_00000336	5044	550	5593	false	10	10	0	2	Provirus	0.0337	High-confidence	NA	0.0	Unsure	;;;;;;;		;;;;;;		Inoviruses (10.1038/s41564-019-0510-x)
IMGVR_UViG_3300000436_000018	3300000436	LCrCPGB2_illDRAFT_1000924	Environmental;Terrestrial;Soil;Sand	vOTU_00000337	4362	1	4362	false	7	7	0	2	Provirus	0.0121	High-confidence	NA	0.0	Unsure	;;;;;;;		d__Bacteria;p__Cyanobacteria;c__Cyanobacteriia;o__Cyanobacteriales;f__Microcoleaceae;;	k-mer match	Inoviruses (10.1038/s41564-019-0510-x)
IMGVR_UViG_3300000470_000008	3300000470	M590M1_1000645	Environmental;Aquatic;Marine;Intertidal zone	vOTU_00000338	7614	0	7614	true	15	15	0	4	Linear	0.8254	High-confidence	85.16	0.0	Genome fragment	r__Monodnaviria;k__Loebvirae;p__Hofneiviricota;c__Faserviricetes;o__Tubulavirales;f__Inoviridae;;	geNomad	;;;;;;		Inoviruses (10.1038/s41564-019-0510-x)
IMGVR_UViG_3300000477_000121	3300000477	SL_5KL_010_SEDDRAFT_10009388	Environmental;Aquatic;Non-marine Saline and Alkaline;Alkaline	vOTU_00000339	3382	1	3382	false	10	10	0	1	Provirus	0.6929	High-confidence	46.46	0.0	Genome fragment	;;;;;;;		;;;;;;		Inoviruses (10.1038/s41564-019-0510-x)
IMGVR_UViG_3300000477_000122	3300000477	SL_5KL_010_SEDDRAFT_10010656	Environmental;Aquatic;Non-marine Saline and Alkaline;Alkaline	vOTU_00000340	2941	608	3548	false	10	10	0	1	Provirus	0.7512	High-confidence	NA	0.0	Unsure	;;;;;;;		;;;;;;		Inoviruses (10.1038/s41564-019-0510-x)
IMGVR_UViG_3300000496_000002	3300000496	GooDraft_1000447	Environmental;Aquatic;Freshwater;Lentic	vOTU_00000341	5137	1	5137	false	9	9	0	2	Provirus	0.2962	High-confidence	74.73	0.0	Genome fragment	r__Monodnaviria;k__Loebvirae;p__Hofneiviricota;c__Faserviricetes;o__Tubulavirales;f__Inoviridae;;	NR (doi:10.5281/zenodo.6574914)	d__Bacteria;p__Proteobacteria;c__Gammaproteobacteria;o__Enterobacterales;f__Aeromonadaceae;g__Aeromonas;	CRISPR spacer match	Inoviruses (10.1038/s41564-019-0510-x)
IMGVR_UViG_3300000496_000003	3300000496	GooDraft_1000908	Environmental;Aquatic;Freshwater;Lentic	vOTU_00000342	4880	458	5337	false	9	9	0		Provirus	0.1715	High-confidence	84.60	0.0	Genome fragment	r__Monodnaviria;k__Loebvirae;p__Hofneiviricota;c__Faserviricetes;o__Tubulavirales;f__Inoviridae;;	NR (doi:10.5281/zenodo.6574914)	;;;;;;		Inoviruses (10.1038/s41564-019-0510-x)
IMGVR_UViG_3300000499_000010	3300000499	M940M_1000971	Environmental;Aquatic;Marine;Intertidal zone	vOTU_00000343	10329	1	10329	false	14	14	0	2	Provirus	0.5365	High-confidence	NA	0.0	Unsure	r__Monodnaviria;k__Loebvirae;p__Hofneiviricota;c__Faserviricetes;o__Tubulavirales;f__Inoviridae;;	geNomad	;;;;;;		Inoviruses (10.1038/s41564-019-0510-x)
IMGVR_UViG_3300000502_000006	3300000502	M590M2_1001747	Environmental;Aquatic;Marine;Intertidal zone	vOTU_00000338	7615	0	7615	true	15	15	0	4	Linear	0.877	High-confidence	100.00	0.0	High-quality	r__Monodnaviria;k__Loebvirae;p__Hofneiviricota;c__Faserviricetes;o__Tubulavirales;f__Inoviridae;;	geNomad	;;;;;;		Inoviruses (10.1038/s41564-019-0510-x)
IMGVR_UViG_3300000503_000004	3300000503	M750CN_1006185	Environmental;Aquatic;Marine;Intertidal zone	vOTU_00000344	6009	0	6009	true	11	11	0	2	Linear	0.0365	High-confidence	73.49	0.0	Genome fragment	r__Monodnaviria;k__Loebvirae;p__Hofneiviricota;c__Faserviricetes;o__Tubulavirales;;;	geNomad	;;;;;;		Inoviruses (10.1038/s41564-019-0510-x)
IMGVR_UViG_3300000558_000807	3300000558	Draft_10019579	Engineered;Wastewater;Industrial wastewater;Petrochemical	vOTU_00000345	4126	0	4126	true	7	7	0	5	Linear	0.9424	High-confidence	66.38	0.0	Genome fragment	r__Monodnaviria;k__Loebvirae;p__Hofneiviricota;c__Faserviricetes;o__Tubulavirales;f__Inoviridae;;	geNomad	;;;;;;		Inoviruses (10.1038/s41564-019-0510-x)
IMGVR_UViG_3300000558_000808	3300000558	Draft_10023709	Engineered;Wastewater;Industrial wastewater;Petrochemical	vOTU_00000346	5785	1	5785	false	9	9	0		Provirus	0.8337	High-confidence	51.57	0.0	Genome fragment	;;;;;;;		;;;;;;		Inoviruses (10.1038/s41564-019-0510-x)
IMGVR_UViG_3300000558_000809	3300000558	Draft_10060359	Engineered;Wastewater;Industrial wastewater;Petrochemical	vOTU_00000347	10456	1	10456	false	15	15	0	6	Provirus	0.8294	High-confidence	NA	0.0	Unsure	r__Monodnaviria;k__Loebvirae;p__Hofneiviricota;c__Faserviricetes;o__Tubulavirales;f__Inoviridae;;	geNomad	;;;;;;		Inoviruses (10.1038/s41564-019-0510-x)
IMGVR_UViG_3300000558_000810	3300000558	Draft_10078635	Engineered;Wastewater;Industrial wastewater;Petrochemical	vOTU_00000348	6709	0	6709	true	12	12	0	4	Linear	0.8446	High-confidence	51.17	0.0	Genome fragment	r__Monodnaviria;k__Loebvirae;p__Hofneiviricota;c__Faserviricetes;o__Tubulavirales;f__Inoviridae;;	geNomad	;;;;;;		Inoviruses (10.1038/s41564-019-0510-x)
IMGVR_UViG_3300000558_000812	3300000558	Draft_10222766	Engineered;Wastewater;Industrial wastewater;Petrochemical	vOTU_00000349	4377	0	4377	true	7	7	0		Linear	0.549	High-confidence	NA	0.0	Unsure	;;;;;;;		;;;;;;		Inoviruses (10.1038/s41564-019-0510-x)
IMGVR_UViG_3300000563_000229	3300000563	SL_3KL_010_SEDDRAFT_10009879	Environmental;Aquatic;Non-marine Saline and Alkaline;Alkaline	vOTU_00000350	7714	1	7714	false	16	16	0	3	Provirus	0.9515	High-confidence	NA	0.0	Unsure	r__Duplodnaviria;k__Heunggongvirae;p__Uroviricota;c__Caudoviricetes;;;;	geNomad	;;;;;;		Inoviruses (10.1038/s41564-019-0510-x)
IMGVR_UViG_3300000563_000230	3300000563	SL_3KL_010_SEDDRAFT_10028584	Environmental;Aquatic;Non-marine Saline and Alkaline;Alkaline	vOTU_00000351	4231	0	4231	true	10	10	0	3	Linear	0.9698	High-confidence	10.07	0.0	Genome fragment	;;;;;;;		;;;;;;		Inoviruses (10.1038/s41564-019-0510-x)
IMGVR_UViG_3300000568_000155	3300000568	Draft_10006464	Engineered;Built environment;Tailings pond;Petrochemical	vOTU_00000346	6171	1357	7527	false	10	10	0		Provirus	0.6707	High-confidence	55.02	0.0	Genome fragment	;;;;;;;		;;;;;;		Inoviruses (10.1038/s41564-019-0510-x)
IMGVR_UViG_3300000586_000002	3300000586	Draft_100005	Engineered;Wastewater;Industrial wastewater;Petrochemical	vOTU_00000352	7298	0	7298	true	13	13	0	8	Linear	0.9099	High-confidence	100.00	0.0	High-quality	r__Monodnaviria;k__Loebvirae;p__Hofneiviricota;c__Faserviricetes;o__Tubulavirales;f__Inoviridae;;	geNomad	d__Bacteria;p__Proteobacteria;c__Gammaproteobacteria;o__Pseudomonadales;f__Pseudomonadaceae;g__Pseudomonas_A;	CRISPR spacer match	Inoviruses (10.1038/s41564-019-0510-x)
IMGVR_UViG_3300000839_000195	3300000839	JGI994J12354_10008472	Host-associated;Arthropoda: Insects;Larva;Gut	vOTU_00000353	6643	1434	8076	false	12	12	0	2	Provirus	0.1201	High-confidence	NA	0.0	Unsure	r__Monodnaviria;k__Loebvirae;p__Hofneiviricota;c__Faserviricetes;o__Tubulavirales;f__Inoviridae;;	geNomad	;;;;;;		Inoviruses (10.1038/s41564-019-0510-x)
IMGVR_UViG_3300000839_000197	3300000839	JGI994J12354_10011380	Host-associated;Arthropoda: Insects;Larva;Gut	vOTU_00000354	6544	0	6544	true	15	15	0	1	Linear	0.5386	High-confidence	NA	0.0	Unsure	r__Monodnaviria;k__Loebvirae;p__Hofneiviricota;c__Faserviricetes;o__Tubulavirales;;;	geNomad	;;;;;;		Inoviruses (10.1038/s41564-019-0510-x)
IMGVR_UViG_3300000839_000198	3300000839	JGI994J12354_10014764	Host-associated;Arthropoda: Insects;Larva;Gut	vOTU_00000355	5407	0	5407	true	9	9	0		Linear	0.1974	High-confidence	NA	0.0	Unsure	r__Monodnaviria;k__Loebvirae;p__Hofneiviricota;c__Faserviricetes;o__Tubulavirales;f__Inoviridae;;	NR (doi:10.5281/zenodo.6574914)	;;;;;;		Inoviruses (10.1038/s41564-019-0510-x)
IMGVR_UViG_3300000917_000075	3300000917	WSSedA2C3DRAFT_1000209	Environmental;Aquatic;Marine;Wetlands	vOTU_00000356	6335	668	7002	false	13	13	0	2	Provirus	0.1351	High-confidence	NA	0.0	Unsure	;;;;;;;		;;;;;;		Inoviruses (10.1038/s41564-019-0510-x)
IMGVR_UViG_3300000917_000076	3300000917	WSSedA2C3DRAFT_1000608	Environmental;Aquatic;Marine;Wetlands	vOTU_00000357	4875	0	4875	true	8	8	0		Direct terminal repeat	0.4889	High-confidence	NA	0.0	Unsure	;;;;;;;		;;;;;;		Inoviruses (10.1038/s41564-019-0510-x)
IMGVR_UViG_3300001096_000077	3300001096	JGI11944J13513_1003113	Engineered;Bioremediation;Terephthalate;Wastewater	vOTU_00000358	9740	926	10665	false	15	15	0	8	Provirus	0.8399	High-confidence	100.00	0.0	High-quality	r__Monodnaviria;k__Loebvirae;p__Hofneiviricota;c__Faserviricetes;o__Tubulavirales;f__Inoviridae;;	geNomad	;;;;;;		Inoviruses (10.1038/s41564-019-0510-x)
IMGVR_UViG_3300001196_000018	3300001196	Draft_1004412	Environmental;Terrestrial;Oil reservoir;Sediment	vOTU_00000359	4311	0	4311	true	9	9	0	2	Linear	0.5513	High-confidence	64.60	0.0	Genome fragment	r__Monodnaviria;k__Loebvirae;p__Hofneiviricota;c__Faserviricetes;o__Tubulavirales;;;	geNomad	;;;;;;		Inoviruses (10.1038/s41564-019-0510-x)
IMGVR_UViG_3300001196_000020	3300001196	Draft_1016182	Environmental;Terrestrial;Oil reservoir;Sediment	vOTU_00000360	3786	0	3786	true	8	8	0	3	Linear	0.822	High-confidence	59.98	0.0	Genome fragment	r__Monodnaviria;k__Loebvirae;p__Hofneiviricota;c__Faserviricetes;o__Tubulavirales;f__Inoviridae;;	geNomad	d__Bacteria;p__Proteobacteria;c__Gammaproteobacteria;o__Pseudomonadales;f__Moraxellaceae;;	CRISPR spacer match	Inoviruses (10.1038/s41564-019-0510-x)
IMGVR_UViG_3300001197_000020	3300001197	Draft_1002586	Environmental;Terrestrial;Oil reservoir;Sediment	vOTU_00000361	6800	0	6800	true	13	13	0	5	Linear	0.8982	High-confidence	100.00	0.0	High-quality	r__Monodnaviria;k__Loebvirae;p__Hofneiviricota;c__Faserviricetes;o__Tubulavirales;;;	geNomad	d__Bacteria;p__Proteobacteria;c__Gammaproteobacteria;o__Pseudomonadales;f__Moraxellaceae;;	CRISPR spacer match	Inoviruses (10.1038/s41564-019-0510-x)
IMGVR_UViG_3300001197_000021	3300001197	Draft_1002797	Environmental;Terrestrial;Oil reservoir;Sediment	vOTU_00000362	5456	1	5456	false	9	9	0	2	Provirus	0.8758	High-confidence	NA	0.0	Unsure	r__Monodnaviria;k__Loebvirae;p__Hofneiviricota;c__Faserviricetes;o__Tubulavirales;;;	geNomad	;;;;;;		Inoviruses (10.1038/s41564-019-0510-x)
IMGVR_UViG_3300001197_000022	3300001197	Draft_1002907	Environmental;Terrestrial;Oil reservoir;Sediment	vOTU_00000363	4681	1	4681	false	10	10	0	6	Provirus	0.9644	High-confidence	62.30	0.0	Genome fragment	r__Monodnaviria;k__Loebvirae;p__Hofneiviricota;c__Faserviricetes;o__Tubulavirales;f__Inoviridae;;	geNomad	;;;;;;		Inoviruses (10.1038/s41564-019-0510-x)
IMGVR_UViG_3300001197_000023	3300001197	Draft_1004378	Environmental;Terrestrial;Oil reservoir;Sediment	vOTU_00000364	6485	1	6485	false	10	10	0	4	Provirus	0.6516	High-confidence	NA	0.0	Unsure	r__Monodnaviria;k__Loebvirae;p__Hofneiviricota;c__Faserviricetes;o__Tubulavirales;f__Inoviridae;;	geNomad	;;;;;;		Inoviruses (10.1038/s41564-019-0510-x)
IMGVR_UViG_3300001197_000026	3300001197	Draft_1017610	Environmental;Terrestrial;Oil reservoir;Sediment	vOTU_00000365	5166	832	5997	false	8	8	0		Provirus	0.35	High-confidence	66.74	0.0	Genome fragment	r__Monodnaviria;k__Loebvirae;p__Hofneiviricota;c__Faserviricetes;o__Tubulavirales;f__Inoviridae;;	NR (doi:10.5281/zenodo.6574914)	;;;;;;		Inoviruses (10.1038/s41564-019-0510-x)
IMGVR_UViG_3300001197_000027	3300001197	Draft_1095204	Environmental;Terrestrial;Oil reservoir;Sediment	vOTU_00000366	5273	200	5472	false	7	7	0	5	Provirus	0.9522	High-confidence	85.98	0.0	Genome fragment	r__Monodnaviria;k__Loebvirae;p__Hofneiviricota;c__Faserviricetes;o__Tubulavirales;f__Inoviridae;;	geNomad	d__Bacteria;p__Proteobacteria;c__Gammaproteobacteria;o__Pseudomonadales;f__Moraxellaceae;;	CRISPR spacer match	Inoviruses (10.1038/s41564-019-0510-x)
IMGVR_UViG_3300001197_000028	3300001197	Draft_1108112	Environmental;Terrestrial;Oil reservoir;Sediment	vOTU_00000367	5721	0	5721	true	8	8	0	5	Linear	0.9047	High-confidence	84.98	0.0	Genome fragment	r__Monodnaviria;k__Loebvirae;p__Hofneiviricota;c__Faserviricetes;o__Tubulavirales;f__Inoviridae;;	geNomad	;;;;;;		Inoviruses (10.1038/s41564-019-0510-x)
IMGVR_UViG_3300001200_000057	3300001200	BBAY65_10004006	Host-associated;Algae;Green algae;Ectosymbionts	vOTU_00000368	7418	0	7418	true	14	14	0	7	Linear	0.9301	High-confidence	98.66	0.0	High-quality	r__Monodnaviria;k__Loebvirae;p__Hofneiviricota;c__Faserviricetes;o__Tubulavirales;f__Inoviridae;;	geNomad	d__Bacteria;p__Proteobacteria;c__Gammaproteobacteria;o__Burkholderiales;f__Burkholderiaceae;g__Comamonas;	CRISPR spacer match	Inoviruses (10.1038/s41564-019-0510-x)
IMGVR_UViG_3300001202_000060	3300001202	BBAY72_10004854	Host-associated;Algae;Green algae;Ectosymbionts	vOTU_00000369	5311	593	5903	false	8	8	0	2	Provirus	0.9272	High-confidence	59.40	0.0	Genome fragment	r__Monodnaviria;k__Loebvirae;p__Hofneiviricota;c__Faserviricetes;o__Tubulavirales;f__Inoviridae;;	geNomad	;;;;;;		Inoviruses (10.1038/s41564-019-0510-x)
IMGVR_UViG_3300001262_000025	3300001262	BBAY74_10001708	Host-associated;Algae;Green algae;Ectosymbionts	vOTU_00000370	7518	1493	9010	false	14	14	0	1	Provirus	0.3796	High-confidence	84.02	0.0	Genome fragment	;;;;;;;		;;;;;;		Inoviruses (10.1038/s41564-019-0510-x)
IMGVR_UViG_3300001265_000021	3300001265	BBAY84_15102238	Host-associated;Algae;Green algae;Ectosymbionts	vOTU_00000371	4725	0	4725	true	7	7	0	5	Linear	0.9748	High-confidence	52.83	0.0	Genome fragment	r__Monodnaviria;k__Loebvirae;p__Hofneiviricota;c__Faserviricetes;o__Tubulavirales;f__Inoviridae;;	geNomad	;;;;;;		Inoviruses (10.1038/s41564-019-0510-x)
IMGVR_UViG_3300001270_000076	3300001270	BBAY91_16395133	Host-associated;Algae;Green algae;Ectosymbionts	vOTU_00000372	4226	250	4475	false	7	7	0		Provirus	0.5032	High-confidence	NA	0.0	Unsure	;;;;;;;		;;;;;;		Inoviruses (10.1038/s41564-019-0510-x)
IMGVR_UViG_3300001271_000012	3300001271	BBAY90_10000356	Host-associated;Algae;Green algae;Ectosymbionts	vOTU_00000373	4171	0	4171	true	7	7	0	5	Linear	0.9692	High-confidence	41.17	0.0	Genome fragment	r__Monodnaviria;k__Loebvirae;p__Hofneiviricota;c__Faserviricetes;o__Tubulavirales;f__Inoviridae;;	geNomad	;;;;;;		Inoviruses (10.1038/s41564-019-0510-x)
IMGVR_UViG_3300001282_000519	3300001282	B570J14230_10008801	Environmental;Aquatic;Freshwater;Lake	vOTU_00000374	3917	0	3917	true	9	9	0		Linear	0.242	High-confidence	NA	0.0	Unsure	;;;;;;;		;;;;;;		Inoviruses (10.1038/s41564-019-0510-x)
IMGVR_UViG_3300001580_000497	3300001580	Draft_10004972	Engineered;Wastewater;Industrial wastewater;Petrochemical	vOTU_00000375	10470	1693	12162	false	14	14	0	4	Provirus	0.8219	High-confidence	24.91	0.0	Genome fragment	r__Duplodnaviria;k__Heunggongvirae;p__Uroviricota;c__Caudoviricetes;;;;	geNomad	;;;;;;		Inoviruses (10.1038/s41564-019-0510-x)
IMGVR_UViG_3300001580_000498	3300001580	Draft_10010975	Engineered;Wastewater;Industrial wastewater;Petrochemical	vOTU_00000376	6721	488	7208	false	12	12	0	3	Provirus	0.5364	High-confidence	100.00	0.0	High-quality	r__Monodnaviria;k__Loebvirae;p__Hofneiviricota;c__Faserviricetes;o__Tubulavirales;f__Inoviridae;;	geNomad	;;;;;;		Inoviruses (10.1038/s41564-019-0510-x)
IMGVR_UViG_3300001580_000501	3300001580	Draft_10031460	Engineered;Wastewater;Industrial wastewater;Petrochemical	vOTU_00000377	3727	0	3727	true	8	8	0		Linear	0.6973	High-confidence	33.23	0.0	Genome fragment	;;;;;;;		;;;;;;		Inoviruses (10.1038/s41564-019-0510-x)
IMGVR_UViG_3300001594_000458	3300001594	Draft_10010127	Engineered;Wastewater;Industrial wastewater;Petrochemical	vOTU_00000378	8489	0	8489	true	16	16	0	2	Linear	0.9071	High-confidence	98.01	0.0	High-quality	r__Monodnaviria;k__Loebvirae;p__Hofneiviricota;c__Faserviricetes;o__Tubulavirales;f__Inoviridae;;	NR (doi:10.5281/zenodo.6574914)	;;;;;;		Inoviruses (10.1038/s41564-019-0510-x)
IMGVR_UViG_3300001594_000459	3300001594	Draft_10011262	Engineered;Wastewater;Industrial wastewater;Petrochemical	vOTU_00000379	7205	1	7205	false	9	9	0		Provirus	0.2825	High-confidence	NA	0.0	Unsure	;;;;;;;		;;;;;;		Inoviruses (10.1038/s41564-019-0510-x)
IMGVR_UViG_3300001594_000460	3300001594	Draft_10011302	Engineered;Wastewater;Industrial wastewater;Petrochemical	vOTU_00000380	6165	1697	7861	false	9	9	0	4	Provirus	0.8672	High-confidence	93.70	0.0	High-quality	r__Monodnaviria;k__Loebvirae;p__Hofneiviricota;c__Faserviricetes;o__Tubulavirales;f__Inoviridae;;	geNomad	;;;;;;		Inoviruses (10.1038/s41564-019-0510-x)
IMGVR_UViG_3300001594_000461	3300001594	Draft_10011697	Engineered;Wastewater;Industrial wastewater;Petrochemical	vOTU_00000381	6436	371	6806	false	11	11	0	1	Provirus	0.7103	High-confidence	100.00	0.0	High-quality	r__Monodnaviria;k__Loebvirae;p__Hofneiviricota;c__Faserviricetes;o__Tubulavirales;;;	geNomad	;;;;;;		Inoviruses (10.1038/s41564-019-0510-x)
IMGVR_UViG_3300001594_000463	3300001594	Draft_10012545	Engineered;Wastewater;Industrial wastewater;Petrochemical	vOTU_00000382	6808	1	6808	false	10	10	0		Provirus	0.3326	High-confidence	NA	0.0	Unsure	r__Monodnaviria;k__Loebvirae;p__Hofneiviricota;c__Faserviricetes;o__Tubulavirales;f__Inoviridae;;	NR (doi:10.5281/zenodo.6574914)	;;;;;;		Inoviruses (10.1038/s41564-019-0510-x)
IMGVR_UViG_3300001594_000464	3300001594	Draft_10013855	Engineered;Wastewater;Industrial wastewater;Petrochemical	vOTU_00000383	6075	720	6794	false	7	7	0	6	Provirus	0.9468	High-confidence	74.50	0.0	Genome fragment	r__Monodnaviria;k__Loebvirae;p__Hofneiviricota;c__Faserviricetes;o__Tubulavirales;f__Inoviridae;;	geNomad	d__Bacteria;p__Proteobacteria;c__Gammaproteobacteria;o__Pseudomonadales;f__Pseudomonadaceae;g__Pseudomonas_A;	k-mer match	Inoviruses (10.1038/s41564-019-0510-x)
IMGVR_UViG_3300001594_000465	3300001594	Draft_10013928	Engineered;Wastewater;Industrial wastewater;Petrochemical	vOTU_00000384	6631	141	6771	false	8	8	0	2	Provirus	0.7334	High-confidence	NA	0.0	Unsure	r__Monodnaviria;k__Loebvirae;p__Hofneiviricota;c__Faserviricetes;o__Tubulavirales;f__Inoviridae;;	geNomad	;;;;;;		Inoviruses (10.1038/s41564-019-0510-x)
IMGVR_UViG_3300001594_000466	3300001594	Draft_10014026	Engineered;Wastewater;Industrial wastewater;Petrochemical	vOTU_00000385	6397	1	6397	false	8	8	0	1	Provirus	0.2569	High-confidence	NA	0.0	Unsure	r__Monodnaviria;k__Loebvirae;p__Hofneiviricota;c__Faserviricetes;o__Tubulavirales;;;	geNomad	;;;;;;		Inoviruses (10.1038/s41564-019-0510-x)
IMGVR_UViG_3300001594_000467	3300001594	Draft_10014157	Engineered;Wastewater;Industrial wastewater;Petrochemical	vOTU_00000386	6417	92	6508	false	11	11	0	6	Provirus	0.8821	High-confidence	93.17	0.0	High-quality	r__Monodnaviria;k__Loebvirae;p__Hofneiviricota;c__Faserviricetes;o__Tubulavirales;f__Inoviridae;;	geNomad	;;;;;;		Inoviruses (10.1038/s41564-019-0510-x)
IMGVR_UViG_3300001594_000468	3300001594	Draft_10022595	Engineered;Wastewater;Industrial wastewater;Petrochemical	vOTU_00000387	4664	0	4664	true	9	9	0	5	Linear	0.9668	High-confidence	65.23	0.0	Genome fragment	r__Monodnaviria;k__Loebvirae;p__Hofneiviricota;c__Faserviricetes;o__Tubulavirales;f__Inoviridae;;	geNomad	d__Bacteria;p__Proteobacteria;c__Gammaproteobacteria;o__Pseudomonadales;f__Pseudomonadaceae;g__Pseudomonas_A;	k-mer match	Inoviruses (10.1038/s41564-019-0510-x)
IMGVR_UViG_3300001594_000469	3300001594	Draft_10025295	Engineered;Wastewater;Industrial wastewater;Petrochemical	vOTU_00000388	4281	0	4281	true	7	7	0	2	Linear	0.8231	High-confidence	60.29	0.0	Genome fragment	r__Monodnaviria;k__Loebvirae;p__Hofneiviricota;c__Faserviricetes;o__Tubulavirales;f__Inoviridae;;	geNomad	;;;;;;		Inoviruses (10.1038/s41564-019-0510-x)
IMGVR_UViG_3300001598_000826	3300001598	EMG_10034440	Host-associated;Mammals;Digestive system;Large intestine	vOTU_00000389	5256	0	5256	true	10	10	0		Direct terminal repeat	0.5038	High-confidence	NA	0.0	Unsure	r__Monodnaviria;k__Loebvirae;p__Hofneiviricota;c__Faserviricetes;o__Tubulavirales;f__Inoviridae;;	NR (doi:10.5281/zenodo.6574914)	;;;;;;		Inoviruses (10.1038/s41564-019-0510-x)
IMGVR_UViG_3300001598_000827	3300001598	EMG_10039414	Host-associated;Mammals;Digestive system;Large intestine	vOTU_00000390	4380	1	4380	false	9	9	0		Provirus	0.2187	High-confidence	NA	0.0	Unsure	r__Monodnaviria;k__Loebvirae;p__Hofneiviricota;c__Faserviricetes;o__Tubulavirales;f__Inoviridae;;	NR (doi:10.5281/zenodo.6574914)	;;;;;;		Inoviruses (10.1038/s41564-019-0510-x)
IMGVR_UViG_3300001598_000828	3300001598	EMG_10051087	Host-associated;Mammals;Digestive system;Large intestine	vOTU_00000391	3810	0	3810	true	7	7	0		Direct terminal repeat	0.6808	High-confidence	NA	0.0	Unsure	r__Monodnaviria;k__Loebvirae;p__Hofneiviricota;c__Faserviricetes;o__Tubulavirales;f__Inoviridae;;	NR (doi:10.5281/zenodo.6574914)	;;;;;;		Inoviruses (10.1038/s41564-019-0510-x)
IMGVR_UViG_3300001598_000829	3300001598	EMG_10053410	Host-associated;Mammals;Digestive system;Large intestine	vOTU_00000392	3677	0	3677	true	10	10	0		Linear	0.1566	High-confidence	NA	0.0	Unsure	r__Monodnaviria;k__Loebvirae;p__Hofneiviricota;c__Faserviricetes;o__Tubulavirales;f__Inoviridae;;	NR (doi:10.5281/zenodo.6574914)	;;;;;;		Inoviruses (10.1038/s41564-019-0510-x)
IMGVR_UViG_3300001605_001391	3300001605	Draft_10006502	Engineered;Wastewater;Industrial wastewater;Petrochemical	vOTU_00000393	12196	1	12196	false	21	21	0	2	Provirus	0.7177	High-confidence	100.00	0.0	High-quality	r__Monodnaviria;k__Loebvirae;p__Hofneiviricota;c__Faserviricetes;o__Tubulavirales;;;	geNomad	;;;;;;		Inoviruses (10.1038/s41564-019-0510-x)
IMGVR_UViG_3300001605_001393	3300001605	Draft_10014612	Engineered;Wastewater;Industrial wastewater;Petrochemical	vOTU_00000394	7887	0	7887	true	13	13	0	6	Linear	0.9433	High-confidence	100.00	0.0	High-quality	r__Monodnaviria;k__Loebvirae;p__Hofneiviricota;c__Faserviricetes;o__Tubulavirales;f__Inoviridae;;	geNomad	;;;;;;		Inoviruses (10.1038/s41564-019-0510-x)
IMGVR_UViG_3300001605_001394	3300001605	Draft_10014971	Engineered;Wastewater;Industrial wastewater;Petrochemical	vOTU_00000395	6985	776	7760	false	15	15	0	2	Provirus	0.8193	High-confidence	86.78	0.0	Genome fragment	r__Monodnaviria;k__Loebvirae;p__Hofneiviricota;c__Faserviricetes;o__Tubulavirales;;;	geNomad	;;;;;;		Inoviruses (10.1038/s41564-019-0510-x)
IMGVR_UViG_3300001605_001395	3300001605	Draft_10016978	Engineered;Wastewater;Industrial wastewater;Petrochemical	vOTU_00000396	6457	691	7147	false	11	11	0	5	Provirus	0.9635	High-confidence	78.91	0.0	Genome fragment	r__Monodnaviria;k__Loebvirae;p__Hofneiviricota;c__Faserviricetes;o__Tubulavirales;f__Inoviridae;;	geNomad	;;;;;;		Inoviruses (10.1038/s41564-019-0510-x)
IMGVR_UViG_3300001605_001396	3300001605	Draft_10017668	Engineered;Wastewater;Industrial wastewater;Petrochemical	vOTU_00000397	6541	415	6955	false	14	14	0	1	Provirus	0.9285	High-confidence	NA	0.0	Unsure	;;;;;;;		;;;;;;		Inoviruses (10.1038/s41564-019-0510-x)
IMGVR_UViG_3300001605_001398	3300001605	Draft_10033621	Engineered;Wastewater;Industrial wastewater;Petrochemical	vOTU_00000398	4409	1	4409	false	8	8	0	5	Provirus	0.9418	High-confidence	56.78	0.0	Genome fragment	r__Monodnaviria;k__Loebvirae;p__Hofneiviricota;c__Faserviricetes;o__Tubulavirales;f__Inoviridae;;	geNomad	;;;;;;		Inoviruses (10.1038/s41564-019-0510-x)
IMGVR_UViG_3300001605_001399	3300001605	Draft_10034907	Engineered;Wastewater;Industrial wastewater;Petrochemical	vOTU_00000399	4426	0	4426	true	8	8	0	3	Linear	0.5007	High-confidence	NA	0.0	Unsure	r__Monodnaviria;k__Loebvirae;p__Hofneiviricota;c__Faserviricetes;o__Tubulavirales;f__Inoviridae;;	geNomad	;;;;;;		Inoviruses (10.1038/s41564-019-0510-x)
IMGVR_UViG_3300001679_000285	3300001679	TahiMoana_1004247	Environmental;Aquatic;Marine;Hydrothermal vents	vOTU_00000400	6533	757	7289	false	11	11	0	4	Provirus	0.923	High-confidence	89.58	0.0	Genome fragment	r__Duplodnaviria;k__Heunggongvirae;p__Uroviricota;c__Caudoviricetes;;;;	geNomad	;;;;;;		Inoviruses (10.1038/s41564-019-0510-x)
IMGVR_UViG_3300001680_000479	3300001680	KiloMoana_10008289	Environmental;Aquatic;Marine;Hydrothermal vents	vOTU_00000401	4923	1	4923	false	9	9	0	2	Provirus	0.925	High-confidence	85.01	0.0	Genome fragment	;;;;;;;		;;;;;;		Inoviruses (10.1038/s41564-019-0510-x)
IMGVR_UViG_3300001680_000480	3300001680	KiloMoana_10008883	Environmental;Aquatic;Marine;Hydrothermal vents	vOTU_00000402	5476	0	5476	true	8	8	0	3	Direct terminal repeat	0.9503	High-confidence	100.00	0.0	High-quality	r__Monodnaviria;k__Loebvirae;p__Hofneiviricota;c__Faserviricetes;o__Tubulavirales;f__Inoviridae;;	geNomad	;;;;;;		Inoviruses (10.1038/s41564-019-0510-x)
IMGVR_UViG_3300001680_000481	3300001680	KiloMoana_10011594	Environmental;Aquatic;Marine;Hydrothermal vents	vOTU_00000403	4596	0	4596	true	9	9	0	3	Linear	0.9423	High-confidence	78.07	0.0	Genome fragment	r__Monodnaviria;k__Loebvirae;p__Hofneiviricota;c__Faserviricetes;o__Tubulavirales;;;	geNomad	;;;;;;		Inoviruses (10.1038/s41564-019-0510-x)
IMGVR_UViG_3300001680_000482	3300001680	KiloMoana_10015306	Environmental;Aquatic;Marine;Hydrothermal vents	vOTU_00000404	7364	0	7364	true	13	13	0	9	Linear	0.9639	High-confidence	100.00	0.0	High-quality	r__Monodnaviria;k__Loebvirae;p__Hofneiviricota;c__Faserviricetes;o__Tubulavirales;f__Inoviridae;;	geNomad	d__Bacteria;p__Proteobacteria;c__Gammaproteobacteria;o__Pseudomonadales;f__Moraxellaceae;g__Acinetobacter;	CRISPR spacer match	Inoviruses (10.1038/s41564-019-0510-x)
IMGVR_UViG_3300001680_000483	3300001680	KiloMoana_10021233	Environmental;Aquatic;Marine;Hydrothermal vents	vOTU_00000405	5576	0	5576	true	10	10	0	2	Linear	0.9583	High-confidence	85.65	0.0	Genome fragment	;;;;;;;		;;;;;;		Inoviruses (10.1038/s41564-019-0510-x)
IMGVR_UViG_3300001681_000320	3300001681	Abe_10003545	Environmental;Aquatic;Marine;Hydrothermal vents	vOTU_00000277	7956	0	7956	true	13	13	0	1	Direct terminal repeat	0.2392	High-confidence	100.00	0.0	High-quality	r__Monodnaviria;k__Loebvirae;p__Hofneiviricota;c__Faserviricetes;o__Tubulavirales;f__Inoviridae;;	NR (doi:10.5281/zenodo.6574914)	;;;;;;		Inoviruses (10.1038/s41564-019-0510-x)
IMGVR_UViG_3300001681_000323	3300001681	Abe_10008281	Environmental;Aquatic;Marine;Hydrothermal vents	vOTU_00000406	4600	1	4600	false	9	9	0	5	Provirus	0.876	High-confidence	63.33	0.0	Genome fragment	r__Monodnaviria;k__Loebvirae;p__Hofneiviricota;c__Faserviricetes;o__Tubulavirales;f__Inoviridae;;	geNomad	;;;;;;		Inoviruses (10.1038/s41564-019-0510-x)
IMGVR_UViG_3300001753_000037	3300001753	JGI2171J19970_10018618	Environmental;Aquatic;Marine;Intertidal zone	vOTU_00000407	3093	0	3093	true	10	10	0	1	Linear	0.9124	High-confidence	NA	0.0	Unsure	r__Duplodnaviria;k__Heunggongvirae;p__Uroviricota;c__Caudoviricetes;;;;	vOTU consensus	;;;;;;		Inoviruses (10.1038/s41564-019-0510-x)
IMGVR_UViG_3300001781_000024	3300001781	Deep_1002253	Environmental;Aquatic;Marine;Hydrothermal vents	vOTU_00000408	8901	1	8901	false	12	12	0	7	Provirus	0.9362	High-confidence	12.74	0.0	Genome fragment	r__Monodnaviria;k__Loebvirae;p__Hofneiviricota;c__Faserviricetes;o__Tubulavirales;f__Inoviridae;;	NR (doi:10.5281/zenodo.6574914)	d__Bacteria;p__Proteobacteria;c__Gammaproteobacteria;o__Pseudomonadales;f__DSM-6294;g__UBA2009;	k-mer match	Inoviruses (10.1038/s41564-019-0510-x)
IMGVR_UViG_3300001781_000025	3300001781	Deep_1002387	Environmental;Aquatic;Marine;Hydrothermal vents	vOTU_00000409	8384	299	8682	false	12	12	0	4	Provirus	0.7481	High-confidence	100.00	0.0	High-quality	r__Monodnaviria;k__Loebvirae;p__Hofneiviricota;c__Faserviricetes;o__Tubulavirales;f__Inoviridae;;	geNomad	d__Bacteria;p__Proteobacteria;c__Gammaproteobacteria;o__Pseudomonadales;f__DSM-6294;g__UBA2009;	k-mer match	Inoviruses (10.1038/s41564-019-0510-x)
IMGVR_UViG_3300001782_000085	3300001782	WOR52_10030349	Environmental;Aquatic;Marine;Intertidal zone	vOTU_00000410	5573	0	5573	true	9	9	0	1	Linear	0.6919	High-confidence	NA	0.0	Unsure	;;;;;;;		;;;;;;		Inoviruses (10.1038/s41564-019-0510-x)
IMGVR_UViG_3300001782_000086	3300001782	WOR52_10039591	Environmental;Aquatic;Marine;Intertidal zone	vOTU_00000411	5938	732	6669	false	9	9	0	1	Provirus	0.6728	High-confidence	NA	0.0	Unsure	;;;;;;;		;;;;;;		Inoviruses (10.1038/s41564-019-0510-x)
IMGVR_UViG_3300001835_000027	3300001835	shallow_1003777	Environmental;Aquatic;Marine;Hydrothermal vents	vOTU_00000408	8901	202	9102	false	13	13	0	7	Provirus	0.9526	High-confidence	12.74	0.0	Genome fragment	r__Monodnaviria;k__Loebvirae;p__Hofneiviricota;c__Faserviricetes;o__Tubulavirales;f__Inoviridae;;	NR (doi:10.5281/zenodo.6574914)	d__Bacteria;p__Proteobacteria;c__Gammaproteobacteria;o__Pseudomonadales;f__DSM-6294;g__UBA2009;	k-mer match	Inoviruses (10.1038/s41564-019-0510-x)
IMGVR_UViG_3300001835_000028	3300001835	shallow_1004049	Environmental;Aquatic;Marine;Hydrothermal vents	vOTU_00000409	8384	1	8384	false	12	12	0	4	Provirus	0.5985	High-confidence	100.00	0.0	High-quality	r__Monodnaviria;k__Loebvirae;p__Hofneiviricota;c__Faserviricetes;o__Tubulavirales;f__Inoviridae;;	geNomad	d__Bacteria;p__Proteobacteria;c__Gammaproteobacteria;o__Pseudomonadales;f__DSM-6294;g__UBA2009;	k-mer match	Inoviruses (10.1038/s41564-019-0510-x)
IMGVR_UViG_3300002038_000035	3300002038	BIB22012_10003194	Host-associated;Algae;Red algae;Ectosymbionts	vOTU_00000412	8183	0	8183	true	11	11	0	3	Linear	0.4481	High-confidence	79.04	25.22	Genome fragment	r__Monodnaviria;k__Loebvirae;p__Hofneiviricota;c__Faserviricetes;o__Tubulavirales;f__Inoviridae;;	geNomad	;;;;;;		Inoviruses (10.1038/s41564-019-0510-x)
IMGVR_UViG_3300002038_000036	3300002038	BIB22012_10004583	Host-associated;Algae;Red algae;Ectosymbionts	vOTU_00000413	6240	0	6240	true	9	9	0		Linear	0.4475	High-confidence	73.66	0.0	Genome fragment	;;;;;;;		;;;;;;		Inoviruses (10.1038/s41564-019-0510-x)
IMGVR_UViG_3300002039_000049	3300002039	LBB32012_10002657	Host-associated;Algae;Red algae;Ectosymbionts	vOTU_00000414	10933	1	10933	false	15	15	0	6	Provirus	0.0949	High-confidence	35.49	0.0	Genome fragment	r__Duplodnaviria;k__Heunggongvirae;p__Uroviricota;c__Caudoviricetes;;;;	geNomad	;;;;;;		Inoviruses (10.1038/s41564-019-0510-x)
IMGVR_UViG_3300002039_000050	3300002039	LBB32012_13211742	Host-associated;Algae;Red algae;Ectosymbionts	vOTU_00000415	6199	1	6199	false	9	9	0	1	Provirus	0.4326	High-confidence	69.33	0.0	Genome fragment	r__Monodnaviria;k__Loebvirae;p__Hofneiviricota;c__Faserviricetes;o__Tubulavirales;;;	geNomad	;;;;;;		Inoviruses (10.1038/s41564-019-0510-x)
IMGVR_UViG_3300002053_000338	3300002053	SMTZ23_10026660	Environmental;Aquatic;Marine;Intertidal zone	vOTU_00000407	10401	1	10401	false	27	27	0	2	Provirus	0.9552	High-confidence	NA	0.0	Unsure	r__Duplodnaviria;k__Heunggongvirae;p__Uroviricota;c__Caudoviricetes;;;;	NR (doi:10.5281/zenodo.6574914)	;;;;;;		Inoviruses (10.1038/s41564-019-0510-x)
IMGVR_UViG_3300002063_000018	3300002063	AR4_1001440	Host-associated;Algae;Green algae;Ectosymbionts	vOTU_00000416	4320	0	4320	true	7	7	0	2	Linear	0.8384	High-confidence	99.84	0.0	High-quality	;;;;;;;		;;;;;;		Inoviruses (10.1038/s41564-019-0510-x)
IMGVR_UViG_3300002100_000008	3300002100	JGI24809J26612_1001984	Environmental;Terrestrial;Soil;Unclassified	vOTU_00000417	6857	0	6857	true	12	12	0	1	Linear	0.8409	High-confidence	NA	0.0	Unsure	;;;;;;;		;;;;;;		Inoviruses (10.1038/s41564-019-0510-x)
IMGVR_UViG_3300002123_000098	3300002123	C687J26634_10004540	Environmental;Terrestrial;Deep subsurface;Rock core/Sediment	vOTU_00000418	5808	0	5808	true	9	9	0	1	Linear	0.739	High-confidence	NA	0.0	Unsure	;;;;;;;		;;;;;;		Inoviruses (10.1038/s41564-019-0510-x)
IMGVR_UViG_3300002123_000099	3300002123	C687J26634_10007024	Environmental;Terrestrial;Deep subsurface;Rock core/Sediment	vOTU_00000419	4361	298	4658	false	10	10	0		Provirus	0.5478	High-confidence	NA	0.0	Unsure	r__Varidnaviria;k__Bamfordvirae;p__Nucleocytoviricota;c__Megaviricetes;o__Imitervirales;;;	vOTU consensus	;;;;;;		Inoviruses (10.1038/s41564-019-0510-x)
IMGVR_UViG_3300002123_000100	3300002123	C687J26634_10008075	Environmental;Terrestrial;Deep subsurface;Rock core/Sediment	vOTU_00000420	4032	302	4333	false	11	11	0	2	Provirus	0.8891	High-confidence	NA	0.0	Unsure	;;;;;;;		;;;;;;		Inoviruses (10.1038/s41564-019-0510-x)
IMGVR_UViG_3300002124_000046	3300002124	C687J26631_10001969	Environmental;Terrestrial;Deep subsurface;Rock core/Sediment	vOTU_00000421	7899	0	7899	true	14	14	0	1	Direct terminal repeat	0.4998	High-confidence	100.00	0.0	High-quality	r__Duplodnaviria;k__Heunggongvirae;p__Uroviricota;c__Caudoviricetes;;;;	geNomad	;;;;;;		Inoviruses (10.1038/s41564-019-0510-x)
IMGVR_UViG_3300002163_000103	3300002163	JGI24707J26582_10009806	Engineered;Bioreactor;Anaerobic;Digestate	vOTU_00000422	5080	485	5564	false	11	11	0	1	Provirus	0.5896	High-confidence	NA	0.0	Unsure	r__Duplodnaviria;k__Heunggongvirae;p__Uroviricota;c__Caudoviricetes;;;;	NR (doi:10.5281/zenodo.6574914)	;;;;;;		Inoviruses (10.1038/s41564-019-0510-x)
IMGVR_UViG_3300002163_000105	3300002163	JGI24707J26582_10015673	Engineered;Bioreactor;Anaerobic;Digestate	vOTU_00000423	3920	0	3920	true	8	8	0	1	Linear	0.386	High-confidence	NA	0.0	Unsure	r__Monodnaviria;k__Loebvirae;p__Hofneiviricota;c__Faserviricetes;o__Tubulavirales;f__Inoviridae;;	NR (doi:10.5281/zenodo.6574914)	;;;;;;		Inoviruses (10.1038/s41564-019-0510-x)
IMGVR_UViG_3300002164_000122	3300002164	JGI24708J26588_10012675	Engineered;Bioreactor;Anaerobic;Digestate	vOTU_00000423	4573	0	4573	true	11	11	0	2	Linear	0.3054	High-confidence	NA	0.0	Unsure	r__Monodnaviria;k__Loebvirae;p__Hofneiviricota;c__Faserviricetes;o__Tubulavirales;f__Inoviridae;;	NR (doi:10.5281/zenodo.6574914)	;;;;;;		Inoviruses (10.1038/s41564-019-0510-x)
IMGVR_UViG_3300002164_000123	3300002164	JGI24708J26588_10013369	Engineered;Bioreactor;Anaerobic;Digestate	vOTU_00000424	4380	0	4380	true	9	9	0	2	Linear	0.094	High-confidence	41.20	0.0	Genome fragment	r__Monodnaviria;k__Loebvirae;p__Hofneiviricota;c__Faserviricetes;o__Tubulavirales;f__Inoviridae;;	geNomad	;;;;;;		Inoviruses (10.1038/s41564-019-0510-x)
IMGVR_UViG_3300002164_000124	3300002164	JGI24708J26588_10014004	Engineered;Bioreactor;Anaerobic;Digestate	vOTU_00000425	4233	0	4233	true	9	9	0	1	Linear	0.5381	High-confidence	88.32	0.0	Genome fragment	r__Monodnaviria;k__Loebvirae;p__Hofneiviricota;c__Faserviricetes;o__Tubulavirales;;;	geNomad	;;;;;;		Inoviruses (10.1038/s41564-019-0510-x)
IMGVR_UViG_3300002164_000125	3300002164	JGI24708J26588_10015380	Engineered;Bioreactor;Anaerobic;Digestate	vOTU_00000426	3940	0	3940	true	8	8	0	2	Linear	0.2105	High-confidence	NA	0.0	Unsure	r__Monodnaviria;k__Loebvirae;p__Hofneiviricota;c__Faserviricetes;o__Tubulavirales;;;	geNomad	;;;;;;		Inoviruses (10.1038/s41564-019-0510-x)
IMGVR_UViG_3300002167_000047	3300002167	JGI24714J26587_10011123	Engineered;Bioreactor;Anaerobic;Digestate	vOTU_00000427	4177	0	4177	true	9	9	0	1	Linear	0.8192	High-confidence	89.83	0.0	Genome fragment	;;;;;;;		;;;;;;		Inoviruses (10.1038/s41564-019-0510-x)
IMGVR_UViG_3300002168_000154	3300002168	JGI24712J26585_10010167	Engineered;Bioreactor;Anaerobic;Digestate	vOTU_00000257	6084	0	6084	true	10	10	0	1	Direct terminal repeat	0.0228	High-confidence	100.00	0.0	High-quality	r__Monodnaviria;k__Loebvirae;p__Hofneiviricota;c__Faserviricetes;o__Tubulavirales;f__Inoviridae;;	NR (doi:10.5281/zenodo.6574914)	d__Bacteria;p__Firmicutes;c__Bacilli;o__Lactobacillales;f__Streptococcaceae;g__Streptococcus;	CRISPR spacer match	Inoviruses (10.1038/s41564-019-0510-x)
IMGVR_UViG_3300002168_000155	3300002168	JGI24712J26585_10013827	Engineered;Bioreactor;Anaerobic;Digestate	vOTU_00000428	4661	223	4883	false	9	9	0	1	Provirus	0.6259	High-confidence	NA	0.0	Unsure	r__Monodnaviria;k__Loebvirae;p__Hofneiviricota;c__Faserviricetes;o__Tubulavirales;;;	geNomad	;;;;;;		Inoviruses (10.1038/s41564-019-0510-x)
IMGVR_UViG_3300002168_000156	3300002168	JGI24712J26585_10015501	Engineered;Bioreactor;Anaerobic;Digestate	vOTU_00000429	4479	0	4479	true	9	9	0	2	Linear	0.4894	High-confidence	NA	0.0	Unsure	r__Monodnaviria;k__Loebvirae;p__Hofneiviricota;c__Faserviricetes;o__Tubulavirales;;;	geNomad	;;;;;;		Inoviruses (10.1038/s41564-019-0510-x)
IMGVR_UViG_3300002168_000157	3300002168	JGI24712J26585_10019364	Engineered;Bioreactor;Anaerobic;Digestate	vOTU_00000430	3797	0	3797	true	10	10	0	1	Linear	0.7983	High-confidence	NA	0.0	Unsure	r__Monodnaviria;k__Loebvirae;p__Hofneiviricota;c__Faserviricetes;o__Tubulavirales;f__Inoviridae;;	NR (doi:10.5281/zenodo.6574914)	;;;;;;		Inoviruses (10.1038/s41564-019-0510-x)
IMGVR_UViG_3300002168_000158	3300002168	JGI24712J26585_10020380	Engineered;Bioreactor;Anaerobic;Digestate	vOTU_00000431	3649	0	3649	true	8	8	0		Linear	0.5399	High-confidence	NA	0.0	Unsure	r__Monodnaviria;k__Loebvirae;p__Hofneiviricota;c__Faserviricetes;o__Tubulavirales;f__Inoviridae;;	NR (doi:10.5281/zenodo.6574914)	;;;;;;		Inoviruses (10.1038/s41564-019-0510-x)
IMGVR_UViG_3300002168_000159	3300002168	JGI24712J26585_10026524	Engineered;Bioreactor;Anaerobic;Digestate	vOTU_00000432	2965	0	2965	true	9	9	0	1	Linear	0.659	High-confidence	55.41	0.0	Genome fragment	;;;;;;;		d__Archaea;p__Halobacteriota;c__Methanomicrobia;o__Methanomicrobiales;f__Methanoculleaceae;;	CRISPR spacer match	Inoviruses (10.1038/s41564-019-0510-x)
IMGVR_UViG_3300002170_000108	3300002170	JGI24711J26586_10005589	Engineered;Bioreactor;Anaerobic;Digestate	vOTU_00000433	6640	836	7475	false	17	17	0	2	Provirus	0.879	High-confidence	NA	0.0	Unsure	r__Duplodnaviria;k__Heunggongvirae;p__Uroviricota;c__Caudoviricetes;;;;	geNomad	;;;;;;		Inoviruses (10.1038/s41564-019-0510-x)
IMGVR_UViG_3300002170_000109	3300002170	JGI24711J26586_10007318	Engineered;Bioreactor;Anaerobic;Digestate	vOTU_00000257	6099	0	6099	true	10	10	0	1	Direct terminal repeat	0.0235	High-confidence	100.00	0.0	High-quality	r__Monodnaviria;k__Loebvirae;p__Hofneiviricota;c__Faserviricetes;o__Tubulavirales;f__Inoviridae;;	NR (doi:10.5281/zenodo.6574914)	d__Bacteria;p__Firmicutes;c__Bacilli;o__Lactobacillales;f__Streptococcaceae;g__Streptococcus;	CRISPR spacer match	Inoviruses (10.1038/s41564-019-0510-x)
IMGVR_UViG_3300002170_000111	3300002170	JGI24711J26586_10013498	Engineered;Bioreactor;Anaerobic;Digestate	vOTU_00000429	3803	0	3803	true	9	9	0	2	Linear	0.6843	High-confidence	61.35	0.0	Genome fragment	r__Monodnaviria;k__Loebvirae;p__Hofneiviricota;c__Faserviricetes;o__Tubulavirales;;;	geNomad	;;;;;;		Inoviruses (10.1038/s41564-019-0510-x)
IMGVR_UViG_3300002173_000135	3300002173	JGI24709J26583_10010764	Engineered;Bioreactor;Anaerobic;Digestate	vOTU_00000434	5657	0	5657	true	9	9	0	1	Linear	0.3245	High-confidence	71.79	0.0	Genome fragment	r__Monodnaviria;k__Loebvirae;p__Hofneiviricota;c__Faserviricetes;o__Tubulavirales;;;	geNomad	;;;;;;		Inoviruses (10.1038/s41564-019-0510-x)
IMGVR_UViG_3300002173_000136	3300002173	JGI24709J26583_10018301	Engineered;Bioreactor;Anaerobic;Digestate	vOTU_00000432	3116	1	3116	false	9	9	0	1	Provirus	0.5332	High-confidence	58.23	0.0	Genome fragment	;;;;;;;		;;;;;;		Inoviruses (10.1038/s41564-019-0510-x)
IMGVR_UViG_3300002185_000032	3300002185	JGI20163J26743_11536873	Host-associated;Arthropoda: Insects;Digestive system;Gut	vOTU_00000435	7112	0	7112	true	11	11	0	2	Linear	0.173	High-confidence	NA	0.0	Unsure	r__Monodnaviria;k__Loebvirae;p__Hofneiviricota;c__Faserviricetes;o__Tubulavirales;;;	geNomad	;;;;;;		Inoviruses (10.1038/s41564-019-0510-x)
IMGVR_UViG_3300002223_000095	3300002223	C687J26845_10001356	Environmental;Terrestrial;Deep subsurface;Rock core/Sediment	vOTU_00000436	12397	2609	15005	false	18	18	0	7	Provirus	0.8331	High-confidence	100.00	0.0	High-quality	r__Monodnaviria;k__Loebvirae;p__Hofneiviricota;c__Faserviricetes;o__Tubulavirales;f__Inoviridae;;	geNomad	;;;;;;		Inoviruses (10.1038/s41564-019-0510-x)
IMGVR_UViG_3300002223_000097	3300002223	C687J26845_10002159	Environmental;Terrestrial;Deep subsurface;Rock core/Sediment	vOTU_00000437	10730	122	10851	false	15	15	0		Provirus	0.5588	High-confidence	NA	0.0	Unsure	r__Monodnaviria;k__Loebvirae;p__Hofneiviricota;c__Faserviricetes;o__Tubulavirales;f__Inoviridae;;	NR (doi:10.5281/zenodo.6574914)	d__Bacteria;p__Planctomycetota;c__Brocadiae;o__Brocadiales;f__Brocadiaceae;;	k-mer match	Inoviruses (10.1038/s41564-019-0510-x)
IMGVR_UViG_3300002223_000098	3300002223	C687J26845_10008453	Environmental;Terrestrial;Deep subsurface;Rock core/Sediment	vOTU_00000438	5086	0	5086	true	10	10	0	6	Linear	0.7	High-confidence	72.42	0.0	Genome fragment	r__Monodnaviria;k__Loebvirae;p__Hofneiviricota;c__Faserviricetes;o__Tubulavirales;f__Inoviridae;;	geNomad	;;;;;;		Inoviruses (10.1038/s41564-019-0510-x)
IMGVR_UViG_3300002242_000965	3300002242	KVWGV2_10328565	Environmental;Aquatic;Marine;Hydrothermal vents	vOTU_00000439	7064	1395	8458	false	11	11	0	1	Provirus	0.257	High-confidence	NA	0.0	Unsure	r__Monodnaviria;k__Loebvirae;p__Hofneiviricota;c__Faserviricetes;o__Tubulavirales;;;	geNomad	;;;;;;		Inoviruses (10.1038/s41564-019-0510-x)
IMGVR_UViG_3300002307_000983	3300002307	JGI24890J29729_1003664	Environmental;Aquatic;Freshwater;Lentic	vOTU_00000440	5264	0	5264	true	8	8	0	5	Linear	0.9678	High-confidence	62.22	0.0	Genome fragment	r__Monodnaviria;k__Loebvirae;p__Hofneiviricota;c__Faserviricetes;o__Tubulavirales;f__Inoviridae;;	NR (doi:10.5281/zenodo.6574914)	d__Bacteria;p__Proteobacteria;c__Gammaproteobacteria;o__Burkholderiales;f__Burkholderiaceae;g__Ralstonia;	k-mer match	Inoviruses (10.1038/s41564-019-0510-x)
IMGVR_UViG_3300002308_000044	3300002308	JGI20171J29575_12599587	Host-associated;Arthropoda: Insects;Digestive system;Gut	vOTU_00000441	3615	0	3615	true	8	8	0	2	Linear	0.6815	High-confidence	56.69	0.0	Genome fragment	r__Monodnaviria;k__Loebvirae;p__Hofneiviricota;c__Faserviricetes;o__Tubulavirales;;;	geNomad	;;;;;;		Inoviruses (10.1038/s41564-019-0510-x)
IMGVR_UViG_3300002308_000045	3300002308	JGI20171J29575_12611002	Host-associated;Arthropoda: Insects;Digestive system;Gut	vOTU_00000442	6468	1	6468	false	13	13	0		Provirus	0.4665	High-confidence	NA	0.0	Unsure	r__Duplodnaviria;k__Heunggongvirae;p__Uroviricota;c__Caudoviricetes;;;;	vOTU consensus	;;;;;;		Inoviruses (10.1038/s41564-019-0510-x)
IMGVR_UViG_3300002449_000105	3300002449	JGI24698J34947_10002022	Host-associated;Arthropoda: Insects;Digestive system;Gut	vOTU_00000443	8948	1220	10167	false	14	14	0		Provirus	0.1731	High-confidence	NA	0.0	Unsure	;;;;;;;		;;;;;;		Inoviruses (10.1038/s41564-019-0510-x)
IMGVR_UViG_3300002449_000107	3300002449	JGI24698J34947_10003480	Host-associated;Arthropoda: Insects;Digestive system;Gut	vOTU_00000444	8544	0	8544	true	15	15	0		Linear	0.2824	High-confidence	NA	0.0	Unsure	r__Duplodnaviria;k__Heunggongvirae;p__Uroviricota;c__Caudoviricetes;;;;	NR (doi:10.5281/zenodo.6574914)	;;;;;;		Inoviruses (10.1038/s41564-019-0510-x)
IMGVR_UViG_3300002449_000108	3300002449	JGI24698J34947_10004791	Host-associated;Arthropoda: Insects;Digestive system;Gut	vOTU_00000445	6423	973	7395	false	12	12	0	1	Provirus	0.8169	High-confidence	4.71	0.0	Genome fragment	r__Duplodnaviria;k__Heunggongvirae;p__Uroviricota;c__Caudoviricetes;;;;	geNomad	;;;;;;		Inoviruses (10.1038/s41564-019-0510-x)
IMGVR_UViG_3300002449_000109	3300002449	JGI24698J34947_10018716	Host-associated;Arthropoda: Insects;Digestive system;Gut	vOTU_00000446	3740	0	3740	true	9	9	0		Linear	0.3342	High-confidence	NA	0.0	Unsure	;;;;;;;		;;;;;;		Inoviruses (10.1038/s41564-019-0510-x)
IMGVR_UViG_3300002450_000093	3300002450	JGI24695J34938_10006997	Host-associated;Arthropoda: Insects;Digestive system;Gut	vOTU_00000447	5784	1	5784	false	10	10	0		Provirus	0.7118	High-confidence	NA	0.0	Unsure	r__Monodnaviria;;;;;;;	NR (doi:10.5281/zenodo.6574914)	;;;;;;		Inoviruses (10.1038/s41564-019-0510-x)
IMGVR_UViG_3300002450_000094	3300002450	JGI24695J34938_10022696	Host-associated;Arthropoda: Insects;Digestive system;Gut	vOTU_00000448	3040	0	3040	true	9	9	0		Linear	0.1369	High-confidence	NA	0.0	Unsure	;;;;;;;		;;;;;;		Inoviruses (10.1038/s41564-019-0510-x)
IMGVR_UViG_3300002460_000462	3300002460	C687J35021_10007638	Environmental;Terrestrial;Deep subsurface;Rock core/Sediment	vOTU_00000449	2106	4567	6672	false	4	4	0		Provirus	0.1167	High-confidence	31.28	0.0	Genome fragment	r__Monodnaviria;k__Loebvirae;p__Hofneiviricota;c__Faserviricetes;o__Tubulavirales;f__Inoviridae;;	vOTU consensus	;;;;;;		Inoviruses (10.1038/s41564-019-0510-x)
IMGVR_UViG_3300002460_000463	3300002460	C687J35021_10010073	Environmental;Terrestrial;Deep subsurface;Rock core/Sediment	vOTU_00000450	5595	0	5595	true	10	10	0	5	Linear	0.8832	High-confidence	62.55	0.0	Genome fragment	r__Monodnaviria;k__Loebvirae;p__Hofneiviricota;c__Faserviricetes;o__Tubulavirales;f__Inoviridae;;	geNomad	d__Bacteria;p__Proteobacteria;c__Gammaproteobacteria;o__Burkholderiales;f__Burkholderiaceae;g__Hydrogenophaga;	k-mer match	Inoviruses (10.1038/s41564-019-0510-x)
IMGVR_UViG_3300002462_000059	3300002462	JGI24702J35022_10012737	Host-associated;Arthropoda: Insects;Digestive system;Hindgut	vOTU_00000451	4323	346	4668	false	11	11	0		Provirus	0.5109	High-confidence	83.31	0.0	Genome fragment	r__Monodnaviria;k__Loebvirae;p__Hofneiviricota;c__Faserviricetes;o__Tubulavirales;f__Inoviridae;;	NR (doi:10.5281/zenodo.6574914)	;;;;;;		Inoviruses (10.1038/s41564-019-0510-x)
IMGVR_UViG_3300002462_000060	3300002462	JGI24702J35022_10018598	Host-associated;Arthropoda: Insects;Digestive system;Hindgut	vOTU_00000452	3786	0	3786	true	9	9	0		Linear	0.216	High-confidence	NA	0.0	Unsure	r__Monodnaviria;;;;;;;	NR (doi:10.5281/zenodo.6574914)	;;;;;;		Inoviruses (10.1038/s41564-019-0510-x)
IMGVR_UViG_3300002468_000043	3300002468	BRHa_1004196	Environmental;Terrestrial;Deep subsurface;Clay	vOTU_00000453	5731	125	5855	false	8	8	0	4	Provirus	0.8673	High-confidence	90.21	0.0	High-quality	r__Monodnaviria;k__Loebvirae;p__Hofneiviricota;c__Faserviricetes;o__Tubulavirales;;;	geNomad	d__Bacteria;p__Proteobacteria;c__Gammaproteobacteria;o__Pseudomonadales;f__Pseudomonadaceae;;	CRISPR spacer match	Inoviruses (10.1038/s41564-019-0510-x)
IMGVR_UViG_3300002468_000044	3300002468	BRHa_1006404	Environmental;Terrestrial;Deep subsurface;Clay	vOTU_00000454	10834	1	10834	false	19	19	0	8	Provirus	0.8867	High-confidence	100.00	0.0	High-quality	r__Monodnaviria;k__Loebvirae;p__Hofneiviricota;c__Faserviricetes;o__Tubulavirales;f__Inoviridae;;	geNomad	d__Bacteria;p__Proteobacteria;c__Gammaproteobacteria;o__Pseudomonadales;f__Pseudomonadaceae;;	k-mer match	Inoviruses (10.1038/s41564-019-0510-x)
IMGVR_UViG_3300002468_000045	3300002468	BRHa_1006865	Environmental;Terrestrial;Deep subsurface;Clay	vOTU_00000455	7128	992	8119	false	10	10	0	6	Provirus	0.87	High-confidence	100.00	0.0	High-quality	r__Monodnaviria;k__Loebvirae;p__Hofneiviricota;c__Faserviricetes;o__Tubulavirales;f__Inoviridae;;	geNomad	;;;;;;		Inoviruses (10.1038/s41564-019-0510-x)
IMGVR_UViG_3300002501_000019	3300002501	JGI24703J35330_11747172	Host-associated;Arthropoda: Insects;Digestive system;Gut	vOTU_00000456	5287	147	5433	false	9	9	0		Provirus	0.5629	High-confidence	NA	0.0	Unsure	r__Monodnaviria;k__Loebvirae;p__Hofneiviricota;c__Faserviricetes;o__Tubulavirales;f__Inoviridae;;	NR (doi:10.5281/zenodo.6574914)	;;;;;;		Inoviruses (10.1038/s41564-019-0510-x)
IMGVR_UViG_3300002702_000062	3300002702	draft_10477923	Engineered;Wastewater;Industrial wastewater;Petrochemical	vOTU_00000457	5693	798	6490	false	10	10	0	1	Provirus	0.2169	High-confidence	NA	0.0	Unsure	;;;;;;;		;;;;;;		Inoviruses (10.1038/s41564-019-0510-x)
IMGVR_UViG_3300002856_000202	3300002856	draft_11517923	Engineered;Built environment;Tailings pond;Wastewater	vOTU_00000458	5333	0	5333	true	8	8	0	2	Linear	0.705	High-confidence	75.30	0.0	Genome fragment	r__Monodnaviria;k__Loebvirae;p__Hofneiviricota;c__Faserviricetes;o__Tubulavirales;f__Inoviridae;;	geNomad	;;;;;;		Inoviruses (10.1038/s41564-019-0510-x)
IMGVR_UViG_3300002977_000041	3300002977	soap12_1054632	Engineered;Bioreactor;Anaerobic;Biogas	vOTU_00000459	9614	1	9614	false	16	16	0	5	Provirus	0.8502	High-confidence	100.00	0.0	High-quality	r__Monodnaviria;k__Loebvirae;p__Hofneiviricota;c__Faserviricetes;o__Tubulavirales;f__Inoviridae;;	geNomad	;;;;;;		Inoviruses (10.1038/s41564-019-0510-x)
IMGVR_UViG_3300002989_000018	3300002989	JGI24143J45723_1002522	Environmental;Terrestrial;Soil;Wetlands	vOTU_00000460	7123	467	7589	false	13	13	0	7	Provirus	0.9674	High-confidence	74.47	0.0	Genome fragment	r__Monodnaviria;k__Loebvirae;p__Hofneiviricota;c__Faserviricetes;o__Tubulavirales;f__Inoviridae;;	geNomad	;;;;;;		Inoviruses (10.1038/s41564-019-0510-x)
IMGVR_UViG_3300003138_000007	3300003138	Ga0052259_1003935	Environmental;Aquatic;Freshwater;Lotic	vOTU_00000461	7121	1	7121	false	11	11	0		Provirus	0.2012	High-confidence	NA	0.0	Unsure	r__Monodnaviria;k__Loebvirae;p__Hofneiviricota;c__Faserviricetes;o__Tubulavirales;f__Inoviridae;;	NR (doi:10.5281/zenodo.6574914)	;;;;;;		Inoviruses (10.1038/s41564-019-0510-x)
IMGVR_UViG_3300003155_000139	3300003155	Ga0052270_10319671	Host-associated;Birds;Digestive system;Large intestine	vOTU_00000462	5107	142	5248	false	11	11	0	2	Provirus	0.3028	High-confidence	NA	0.0	Unsure	r__Monodnaviria;k__Loebvirae;p__Hofneiviricota;c__Faserviricetes;o__Tubulavirales;f__Inoviridae;;	NR (doi:10.5281/zenodo.6574914)	d__Bacteria;p__Firmicutes_A;c__Clostridia;o__Oscillospirales;f__Ruminococcaceae;;	CRISPR spacer match	Inoviruses (10.1038/s41564-019-0510-x)
IMGVR_UViG_3300003155_000140	3300003155	Ga0052270_10432716	Host-associated;Birds;Digestive system;Large intestine	vOTU_00000463	7355	0	7355	true	9	9	0	3	Linear	0.5704	High-confidence	89.99	0.0	Genome fragment	r__Monodnaviria;k__Loebvirae;p__Hofneiviricota;c__Faserviricetes;o__Tubulavirales;f__Inoviridae;;	geNomad	;;;;;;		Inoviruses (10.1038/s41564-019-0510-x)
IMGVR_UViG_3300003281_000029	3300003281	Y607_1001922	Engineered;Wastewater;Nutrient removal;Biological phosphorus removal	vOTU_00000072	6523	0	6523	true	9	9	0	2	Linear	0.7458	High-confidence	100.00	0.0	High-quality	r__Monodnaviria;k__Loebvirae;p__Hofneiviricota;c__Faserviricetes;o__Tubulavirales;f__Inoviridae;;	geNomad	d__Bacteria;p__Planctomycetota;c__Phycisphaerae;o__Phycisphaerales;f__UBA1924;g__JAEUIW01;	CRISPR spacer match	Inoviruses (10.1038/s41564-019-0510-x)
IMGVR_UViG_3300003281_000030	3300003281	Y607_1002160	Engineered;Wastewater;Nutrient removal;Biological phosphorus removal	vOTU_00000464	8394	791	9184	false	16	16	0	2	Provirus	0.6597	High-confidence	89.64	0.0	Genome fragment	r__Duplodnaviria;k__Heunggongvirae;p__Uroviricota;c__Caudoviricetes;;;;	geNomad	;;;;;;		Inoviruses (10.1038/s41564-019-0510-x)
IMGVR_UViG_3300003281_000031	3300003281	Y607_1003369	Engineered;Wastewater;Nutrient removal;Biological phosphorus removal	vOTU_00000465	5940	0	5940	true	10	10	0	2	Linear	0.691	High-confidence	100.00	0.0	High-quality	r__Monodnaviria;k__Loebvirae;p__Hofneiviricota;c__Faserviricetes;o__Tubulavirales;;;	geNomad	;;;;;;		Inoviruses (10.1038/s41564-019-0510-x)
IMGVR_UViG_3300003366_000048	3300003366	JGI25321J50212_10002466	Environmental;Aquatic;Deep subsurface;Groundwater	vOTU_00000454	13366	1	13366	false	20	20	0	10	Provirus	0.9093	High-confidence	100.00	0.0	High-quality	r__Monodnaviria;k__Loebvirae;p__Hofneiviricota;c__Faserviricetes;o__Tubulavirales;f__Inoviridae;;	geNomad	d__Bacteria;p__Proteobacteria;c__Gammaproteobacteria;o__Pseudomonadales;f__Pseudomonadaceae;;	CRISPR spacer match	Inoviruses (10.1038/s41564-019-0510-x)
IMGVR_UViG_3300003375_000848	3300003375	JGI26470J50227_1003637	Environmental;Aquatic;Freshwater;Lentic	vOTU_00000466	4629	0	4629	true	7	7	0		Linear	0.2576	High-confidence	NA	0.0	Unsure	;;;;;;;		;;;;;;		Inoviruses (10.1038/s41564-019-0510-x)
IMGVR_UViG_3300004097_000624	3300004097	Ga0055584_100005021	Environmental;Aquatic;Marine;Neritic zone/Coastal water	vOTU_00000467	12151	814	12964	false	22	22	0	2	Provirus	0.812	High-confidence	NA	0.0	Unsure	r__Duplodnaviria;k__Heunggongvirae;p__Uroviricota;c__Caudoviricetes;;;;	geNomad	;;;;;;		Inoviruses (10.1038/s41564-019-0510-x)
IMGVR_UViG_3300004097_000626	3300004097	Ga0055584_100020730	Environmental;Aquatic;Marine;Neritic zone/Coastal water	vOTU_00000468	6446	0	6446	true	12	12	0	1	Linear	0.3609	High-confidence	NA	0.0	Unsure	r__Monodnaviria;k__Loebvirae;p__Hofneiviricota;c__Faserviricetes;o__Tubulavirales;;;	geNomad	;;;;;;		Inoviruses (10.1038/s41564-019-0510-x)
IMGVR_UViG_3300004097_000628	3300004097	Ga0055584_100024908	Environmental;Aquatic;Marine;Neritic zone/Coastal water	vOTU_00000469	5306	567	5872	false	9	9	0	3	Provirus	0.7824	High-confidence	81.68	0.0	Genome fragment	r__Monodnaviria;k__Loebvirae;p__Hofneiviricota;c__Faserviricetes;o__Tubulavirales;f__Inoviridae;;	geNomad	;;;;;;		Inoviruses (10.1038/s41564-019-0510-x)
IMGVR_UViG_3300004097_000629	3300004097	Ga0055584_100040892	Environmental;Aquatic;Marine;Neritic zone/Coastal water	vOTU_00000470	4563	0	4563	true	8	8	0	5	Linear	0.978	High-confidence	42.33	0.0	Genome fragment	r__Monodnaviria;k__Loebvirae;p__Hofneiviricota;c__Faserviricetes;o__Tubulavirales;f__Inoviridae;;	geNomad	;;;;;;		Inoviruses (10.1038/s41564-019-0510-x)
IMGVR_UViG_3300004097_000630	3300004097	Ga0055584_100054094	Environmental;Aquatic;Marine;Neritic zone/Coastal water	vOTU_00000471	3959	0	3959	true	8	8	0		Linear	0.2294	High-confidence	NA	0.0	Unsure	;;;;;;;		;;;;;;		Inoviruses (10.1038/s41564-019-0510-x)
IMGVR_UViG_3300004265_000067	3300004265	Ga0051981_10015371	Environmental;Aquatic;Deep subsurface;Groundwater	vOTU_00000472	3559	0	3559	true	8	8	0	2	Linear	0.7403	High-confidence	68.10	0.0	Genome fragment	r__Monodnaviria;k__Loebvirae;p__Hofneiviricota;c__Faserviricetes;o__Tubulavirales;f__Inoviridae;;	NR (doi:10.5281/zenodo.6574914)	;;;;;;		Inoviruses (10.1038/s41564-019-0510-x)
IMGVR_UViG_3300004282_000057	3300004282	Ga0066599_100000803	Environmental;Aquatic;Freshwater;Pond	vOTU_00000473	5599	0	5599	true	9	9	0		Linear	0.2316	High-confidence	NA	0.0	Unsure	;;;;;;;		;;;;;;		Inoviruses (10.1038/s41564-019-0510-x)
IMGVR_UViG_3300004625_000017	3300004625	Ga0055543_1002095	Host-associated;Plants;Roots;Endosphere	vOTU_00000474	6945	0	6945	true	13	13	0	3	Linear	0.5782	High-confidence	99.06	0.0	High-quality	r__Monodnaviria;k__Loebvirae;p__Hofneiviricota;c__Faserviricetes;o__Tubulavirales;;;	geNomad	;;;;;;		Inoviruses (10.1038/s41564-019-0510-x)
IMGVR_UViG_3300004628_000159	3300004628	Ga0070399_1006559	Engineered;Bioreactor;Anaerobic;Unclassified	vOTU_00000475	7932	693	8624	false	15	15	0	6	Provirus	0.0303	High-confidence	NA	0.0	Unsure	r__Monodnaviria;k__Loebvirae;p__Hofneiviricota;c__Faserviricetes;o__Tubulavirales;f__Inoviridae;;	geNomad	;;;;;;		Inoviruses (10.1038/s41564-019-0510-x)
IMGVR_UViG_3300004628_000160	3300004628	Ga0070399_1007991	Engineered;Bioreactor;Anaerobic;Unclassified	vOTU_00000476	6914	1	6914	false	10	10	0	2	Provirus	0.4579	High-confidence	NA	0.0	Unsure	r__Monodnaviria;k__Shotokuvirae;p__Cressdnaviricota;;;;;	geNomad	;;;;;;		Inoviruses (10.1038/s41564-019-0510-x)
IMGVR_UViG_3300004628_000161	3300004628	Ga0070399_1013924	Engineered;Bioreactor;Anaerobic;Unclassified	vOTU_00000477	4395	392	4786	false	9	9	0		Provirus	0.546	High-confidence	NA	0.0	Unsure	r__Monodnaviria;k__Loebvirae;p__Hofneiviricota;c__Faserviricetes;o__Tubulavirales;f__Inoviridae;;	NR (doi:10.5281/zenodo.6574914)	;;;;;;		Inoviruses (10.1038/s41564-019-0510-x)
IMGVR_UViG_3300005056_000068	3300005056	Ga0071102_1003142	Environmental;Aquatic;Marine;Aquifer	vOTU_00000478	9884	0	9884	true	16	16	0	3	Linear	0.6677	High-confidence	NA	0.0	Unsure	r__Monodnaviria;k__Loebvirae;p__Hofneiviricota;c__Faserviricetes;o__Tubulavirales;f__Inoviridae;;	NR (doi:10.5281/zenodo.6574914)	d__Bacteria;p__Campylobacterota;c__Campylobacteria;o__Campylobacterales;f__Sulfurimonadaceae;;	k-mer match	Inoviruses (10.1038/s41564-019-0510-x)
IMGVR_UViG_3300005056_000069	3300005056	Ga0071102_1004139	Environmental;Aquatic;Marine;Aquifer	vOTU_00000479	7527	374	7900	false	9	9	0	2	Provirus	0.5605	High-confidence	100.00	0.0	High-quality	r__Monodnaviria;k__Loebvirae;p__Hofneiviricota;c__Faserviricetes;o__Tubulavirales;;;	geNomad	;;;;;;		Inoviruses (10.1038/s41564-019-0510-x)
IMGVR_UViG_3300005056_000070	3300005056	Ga0071102_1004866	Environmental;Aquatic;Marine;Aquifer	vOTU_00000480	6836	0	6836	true	9	9	0	3	Linear	0.7802	High-confidence	91.22	0.0	High-quality	r__Monodnaviria;k__Loebvirae;p__Hofneiviricota;c__Faserviricetes;o__Tubulavirales;f__Inoviridae;;	geNomad	;;;;;;		Inoviruses (10.1038/s41564-019-0510-x)
IMGVR_UViG_3300005056_000072	3300005056	Ga0071102_1006193	Environmental;Aquatic;Marine;Aquifer	vOTU_00000440	5487	0	5487	true	8	8	0	5	Linear	0.964	High-confidence	64.86	0.0	Genome fragment	r__Monodnaviria;k__Loebvirae;p__Hofneiviricota;c__Faserviricetes;o__Tubulavirales;f__Inoviridae;;	NR (doi:10.5281/zenodo.6574914)	d__Bacteria;p__Proteobacteria;c__Gammaproteobacteria;o__Burkholderiales;f__Burkholderiaceae;g__Ralstonia;	k-mer match	Inoviruses (10.1038/s41564-019-0510-x)
IMGVR_UViG_3300005056_000073	3300005056	Ga0071102_1006205	Environmental;Aquatic;Marine;Aquifer	vOTU_00000481	5477	0	5477	true	8	8	0	3	Linear	0.9593	High-confidence	67.13	0.0	Genome fragment	r__Monodnaviria;k__Loebvirae;p__Hofneiviricota;c__Faserviricetes;o__Tubulavirales;f__Inoviridae;;	geNomad	;;;;;;		Inoviruses (10.1038/s41564-019-0510-x)
IMGVR_UViG_3300005056_000074	3300005056	Ga0071102_1008842	Environmental;Aquatic;Marine;Aquifer	vOTU_00000482	4038	0	4038	true	7	7	0	2	Linear	0.7224	High-confidence	NA	0.0	Unsure	;;;;;;;		;;;;;;		Inoviruses (10.1038/s41564-019-0510-x)
IMGVR_UViG_3300005082_000029	3300005082	Ga0072336_10068359	Environmental;Aquatic;Marine;Deep subsurface	vOTU_00000483	5511	1	5511	false	10	10	0		Provirus	0.3056	High-confidence	49.13	0.0	Genome fragment	;;;;;;;		;;;;;;		Inoviruses (10.1038/s41564-019-0510-x)
IMGVR_UViG_3300005086_000094	3300005086	Ga0072334_10320006	Environmental;Aquatic;Marine;Deep subsurface	vOTU_00000484	6519	1	6519	false	10	10	0	4	Provirus	0.9464	High-confidence	65.96	0.0	Genome fragment	r__Monodnaviria;k__Loebvirae;p__Hofneiviricota;c__Faserviricetes;o__Tubulavirales;f__Inoviridae;;	geNomad	;;;;;;		Inoviruses (10.1038/s41564-019-0510-x)
IMGVR_UViG_3300005086_000095	3300005086	Ga0072334_10346594	Environmental;Aquatic;Marine;Deep subsurface	vOTU_00000485	5274	0	5274	true	8	8	0	3	Linear	0.8685	High-confidence	NA	0.0	Unsure	r__Monodnaviria;k__Loebvirae;p__Hofneiviricota;c__Faserviricetes;o__Tubulavirales;f__Inoviridae;;	geNomad	;;;;;;		Inoviruses (10.1038/s41564-019-0510-x)
IMGVR_UViG_3300005086_000096	3300005086	Ga0072334_10439027	Environmental;Aquatic;Marine;Deep subsurface	vOTU_00000486	5327	1	5327	false	10	10	0	4	Provirus	0.8052	High-confidence	100.00	0.0	High-quality	r__Monodnaviria;k__Loebvirae;p__Hofneiviricota;c__Faserviricetes;o__Tubulavirales;f__Inoviridae;;	geNomad	;;;;;;		Inoviruses (10.1038/s41564-019-0510-x)
IMGVR_UViG_3300005238_000009	3300005238	Ga0073692_1001310	Environmental;Terrestrial;Soil;Biochar	vOTU_00000487	5111	390	5500	false	10	10	0	2	Provirus	0.8841	High-confidence	57.16	0.0	Genome fragment	r__Monodnaviria;k__Loebvirae;p__Hofneiviricota;c__Faserviricetes;o__Tubulavirales;;;	geNomad	;;;;;;		Inoviruses (10.1038/s41564-019-0510-x)
IMGVR_UViG_3300005258_000022	3300005258	Ga0074071_1001477	Environmental;Terrestrial;Soil;Biochar	vOTU_00000488	7336	1	7336	false	13	13	0	2	Provirus	0.5216	High-confidence	NA	0.0	Unsure	r__Monodnaviria;k__Loebvirae;p__Hofneiviricota;c__Faserviricetes;o__Tubulavirales;f__Inoviridae;;	geNomad	;;;;;;		Inoviruses (10.1038/s41564-019-0510-x)
IMGVR_UViG_3300005260_000011	3300005260	Ga0074072_1006150	Environmental;Terrestrial;Soil;Biochar	vOTU_00000489	5163	1	5163	false	10	10	0	2	Provirus	0.9142	High-confidence	NA	0.0	Unsure	r__Monodnaviria;k__Loebvirae;p__Hofneiviricota;c__Faserviricetes;o__Tubulavirales;;;	geNomad	;;;;;;		Inoviruses (10.1038/s41564-019-0510-x)
IMGVR_UViG_3300005260_000012	3300005260	Ga0074072_1008993	Environmental;Terrestrial;Soil;Biochar	vOTU_00000487	4292	1	4292	false	7	7	0	1	Provirus	0.8172	High-confidence	48.00	0.0	Genome fragment	r__Monodnaviria;k__Loebvirae;p__Hofneiviricota;c__Faserviricetes;o__Tubulavirales;;;	vOTU consensus	;;;;;;		Inoviruses (10.1038/s41564-019-0510-x)
IMGVR_UViG_3300005262_000037	3300005262	Ga0065165_1005035	Host-associated;Plants;Roots;Endosphere	vOTU_00000490	7613	111	7723	false	14	14	0	3	Provirus	0.9127	High-confidence	100.00	0.0	High-quality	r__Monodnaviria;k__Loebvirae;p__Hofneiviricota;c__Faserviricetes;o__Tubulavirales;;;	geNomad	;;;;;;		Inoviruses (10.1038/s41564-019-0510-x)
IMGVR_UViG_3300005262_000039	3300005262	Ga0065165_1005756	Host-associated;Plants;Roots;Endosphere	vOTU_00000491	6801	0	6801	true	12	12	0	1	Linear	0.8005	High-confidence	100.00	0.0	High-quality	r__Monodnaviria;k__Loebvirae;p__Hofneiviricota;c__Faserviricetes;o__Tubulavirales;;;	geNomad	;;;;;;		Inoviruses (10.1038/s41564-019-0510-x)
IMGVR_UViG_3300005275_000002	3300005275	Ga0065719_101519	Environmental;Aquatic;Thermal springs;Hot (42-90C)	vOTU_00000492	2631	0	2631	true	8	8	0	2	Linear	0.3381	High-confidence	NA	0.0	Unsure	;;;;;;;		d__Bacteria;p__Calescibacterota;c__Calescibacteriia;o__Calescibacteriales;f__Calescibacteriaceae;;	k-mer match	Inoviruses (10.1038/s41564-019-0510-x)
IMGVR_UViG_3300005281_000118	3300005281	Ga0065720_1005268	Engineered;Solid waste;Grass;Composting	vOTU_00000493	5663	1	5663	false	9	9	0	7	Provirus	0.9195	High-confidence	79.26	0.0	Genome fragment	r__Monodnaviria;k__Loebvirae;p__Hofneiviricota;c__Faserviricetes;o__Tubulavirales;f__Inoviridae;;	geNomad	;;;;;;		Inoviruses (10.1038/s41564-019-0510-x)
IMGVR_UViG_3300005281_000120	3300005281	Ga0065720_1023501	Engineered;Solid waste;Grass;Composting	vOTU_00000494	6855	0	6855	true	12	12	0	8	Linear	0.9472	High-confidence	98.03	0.0	High-quality	r__Monodnaviria;k__Loebvirae;p__Hofneiviricota;c__Faserviricetes;o__Tubulavirales;f__Inoviridae;;	geNomad	d__Bacteria;p__Proteobacteria;c__Gammaproteobacteria;o__Xanthomonadales;f__Xanthomonadaceae;g__Pseudoxanthomonas;	CRISPR spacer match	Inoviruses (10.1038/s41564-019-0510-x)
IMGVR_UViG_3300005286_000122	3300005286	Ga0065721_10009395	Engineered;Solid waste;Grass;Composting	vOTU_00000495	4634	0	4634	true	7	7	0	4	Linear	0.9248	High-confidence	63.88	0.0	Genome fragment	r__Monodnaviria;k__Loebvirae;p__Hofneiviricota;c__Faserviricetes;o__Tubulavirales;f__Inoviridae;;	geNomad	;;;;;;		Inoviruses (10.1038/s41564-019-0510-x)
IMGVR_UViG_3300005286_000124	3300005286	Ga0065721_10052181	Engineered;Solid waste;Grass;Composting	vOTU_00000496	10843	364	11206	false	21	21	0	4	Provirus	0.0438	High-confidence	NA	0.0	Unsure	;;;;;;;		;;;;;;		Inoviruses (10.1038/s41564-019-0510-x)
IMGVR_UViG_3300005286_000126	3300005286	Ga0065721_10058640	Engineered;Solid waste;Grass;Composting	vOTU_00000497	5704	0	5704	true	9	9	0	6	Linear	0.9577	High-confidence	77.48	0.0	Genome fragment	r__Monodnaviria;k__Loebvirae;p__Hofneiviricota;c__Faserviricetes;o__Tubulavirales;f__Inoviridae;;	geNomad	;;;;;;		Inoviruses (10.1038/s41564-019-0510-x)
IMGVR_UViG_3300005286_000127	3300005286	Ga0065721_10060900	Engineered;Solid waste;Grass;Composting	vOTU_00000498	4867	0	4867	true	8	8	0	6	Linear	0.9578	High-confidence	66.62	0.0	Genome fragment	r__Monodnaviria;k__Loebvirae;p__Hofneiviricota;c__Faserviricetes;o__Tubulavirales;f__Inoviridae;;	geNomad	d__Bacteria;p__Proteobacteria;c__Gammaproteobacteria;o__Xanthomonadales;f__Xanthomonadaceae;;	CRISPR spacer match	Inoviruses (10.1038/s41564-019-0510-x)
IMGVR_UViG_3300005286_000128	3300005286	Ga0065721_10063061	Engineered;Solid waste;Grass;Composting	vOTU_00000499	4037	266	4302	false	9	9	0	2	Provirus	0.0925	High-confidence	NA	0.0	Unsure	;;;;;;;		;;;;;;		Inoviruses (10.1038/s41564-019-0510-x)
IMGVR_UViG_3300005288_000261	3300005288	Ga0065714_10065414	Host-associated;Plants;Roots;Rhizosphere	vOTU_00000500	10189	0	10189	true	15	15	0	7	Linear	0.909	High-confidence	100.00	0.0	High-quality	r__Monodnaviria;k__Loebvirae;p__Hofneiviricota;c__Faserviricetes;o__Tubulavirales;f__Inoviridae;;	geNomad	;;;;;;		Inoviruses (10.1038/s41564-019-0510-x)
IMGVR_UViG_3300005288_000262	3300005288	Ga0065714_10070690	Host-associated;Plants;Roots;Rhizosphere	vOTU_00000501	3454	339	3792	false	7	7	0	5	Provirus	0.9595	High-confidence	49.28	0.0	Genome fragment	r__Monodnaviria;k__Loebvirae;p__Hofneiviricota;c__Faserviricetes;o__Tubulavirales;f__Inoviridae;;	geNomad	;;;;;;		Inoviruses (10.1038/s41564-019-0510-x)
IMGVR_UViG_3300005326_000245	3300005326	Ga0074195_1007776	Environmental;Aquatic;Deep subsurface;Groundwater	vOTU_00000502	6392	546	6937	false	8	8	0	1	Provirus	0.5694	High-confidence	NA	0.0	Unsure	r__Duplodnaviria;k__Heunggongvirae;p__Uroviricota;c__Caudoviricetes;;;;	geNomad	;;;;;;		Inoviruses (10.1038/s41564-019-0510-x)
IMGVR_UViG_3300005326_000246	3300005326	Ga0074195_1012177	Environmental;Aquatic;Deep subsurface;Groundwater	vOTU_00000503	4589	0	4589	true	9	9	0		Linear	0.3331	High-confidence	NA	0.0	Unsure	r__Monodnaviria;k__Loebvirae;p__Hofneiviricota;c__Faserviricetes;o__Tubulavirales;f__Inoviridae;;	NR (doi:10.5281/zenodo.6574914)	;;;;;;		Inoviruses (10.1038/s41564-019-0510-x)
IMGVR_UViG_3300005341_000030	3300005341	Ga0070691_10005023	Host-associated;Plants;Roots;Rhizosphere	vOTU_00000504	5142	1	5142	false	9	9	0	5	Provirus	0.9181	High-confidence	57.51	0.0	Genome fragment	r__Monodnaviria;k__Loebvirae;p__Hofneiviricota;c__Faserviricetes;o__Tubulavirales;f__Inoviridae;;	geNomad	;;;;;;		Inoviruses (10.1038/s41564-019-0510-x)
IMGVR_UViG_3300005470_000083	3300005470	Ga0074646_100870	Environmental;Aquatic;Non-marine Saline and Alkaline;Saline	vOTU_00000505	7367	1135	8501	false	11	11	0	3	Provirus	0.7185	High-confidence	78.64	0.0	Genome fragment	r__Monodnaviria;k__Loebvirae;p__Hofneiviricota;c__Faserviricetes;o__Tubulavirales;f__Inoviridae;;	NR (doi:10.5281/zenodo.6574914)	;;;;;;		Inoviruses (10.1038/s41564-019-0510-x)
IMGVR_UViG_3300005470_000084	3300005470	Ga0074646_101408	Environmental;Aquatic;Non-marine Saline and Alkaline;Saline	vOTU_00000506	5517	1	5517	false	7	7	0	3	Provirus	0.7929	High-confidence	58.71	0.0	Genome fragment	r__Monodnaviria;k__Loebvirae;p__Hofneiviricota;c__Faserviricetes;o__Tubulavirales;f__Inoviridae;;	geNomad	;;;;;;		Inoviruses (10.1038/s41564-019-0510-x)
IMGVR_UViG_3300005471_000108	3300005471	Ga0070698_100006711	Host-associated;Plants;Roots;Rhizosphere	vOTU_00000507	10651	139	10789	false	21	21	0	1	Provirus	0.9458	High-confidence	NA	0.0	Unsure	;;;;;;;		;;;;;;		Inoviruses (10.1038/s41564-019-0510-x)
IMGVR_UViG_3300005471_000109	3300005471	Ga0070698_100068658	Host-associated;Plants;Roots;Rhizosphere	vOTU_00000508	3561	0	3561	true	9	9	0		Linear	0.2013	High-confidence	NA	0.0	Unsure	;;;;;;;		;;;;;;		Inoviruses (10.1038/s41564-019-0510-x)
IMGVR_UViG_3300005529_000167	3300005529	Ga0070741_10061529	Environmental;Terrestrial;Soil;Unclassified	vOTU_00000509	4360	0	4360	true	9	9	0	1	Linear	0.8847	High-confidence	NA	0.0	Unsure	r__Monodnaviria;k__Loebvirae;p__Hofneiviricota;c__Faserviricetes;o__Tubulavirales;;;	geNomad	;;;;;;		Inoviruses (10.1038/s41564-019-0510-x)
IMGVR_UViG_3300005536_000039	3300005536	Ga0070697_100006264	Host-associated;Plants;Roots;Rhizosphere	vOTU_00000510	4625	4591	9215	false	9	9	0	1	Provirus	0.4641	High-confidence	NA	0.0	Unsure	r__Monodnaviria;k__Loebvirae;p__Hofneiviricota;c__Faserviricetes;o__Tubulavirales;;;	geNomad	;;;;;;		Inoviruses (10.1038/s41564-019-0510-x)
IMGVR_UViG_3300005546_000059	3300005546	Ga0070696_100002981	Host-associated;Plants;Roots;Rhizosphere	vOTU_00000511	10436	1	10436	false	18	18	0	1	Provirus	0.9534	High-confidence	NA	0.0	Unsure	;;;;;;;		;;;;;;		Inoviruses (10.1038/s41564-019-0510-x)
IMGVR_UViG_3300005613_001595	3300005613	Ga0074649_1007797	Environmental;Aquatic;Non-marine Saline and Alkaline;Saline	vOTU_00000512	7688	1	7688	false	10	10	0		Provirus	0.5174	High-confidence	NA	0.0	Unsure	;;;;;;;		;;;;;;		Inoviruses (10.1038/s41564-019-0510-x)
IMGVR_UViG_3300005613_001598	3300005613	Ga0074649_1028395	Environmental;Aquatic;Non-marine Saline and Alkaline;Saline	vOTU_00000513	2885	0	2885	true	9	9	0	1	Linear	0.7859	High-confidence	NA	0.0	Unsure	;;;;;;;		;;;;;;		Inoviruses (10.1038/s41564-019-0510-x)
IMGVR_UViG_3300005621_000002	3300005621	Ga0078781_10157	Environmental;Aquatic;Thermal springs;Hot (42-90C)	vOTU_00000514	5364	1	5364	false	11	11	0		Provirus	0.0839	High-confidence	NA	0.0	Unsure	;;;;;;;		d__Bacteria;p__Aquificota;c__Aquificae;o__Hydrogenothermales;f__Hydrogenothermaceae;;	CRISPR spacer match	Inoviruses (10.1038/s41564-019-0510-x)
IMGVR_UViG_3300005643_000014	3300005643	Ga0079369_1018966	Engineered;Bioreactor;Thiocyanate-remediating;Anaerobic-Aerobic	vOTU_00000515	3871	0	3871	true	7	7	0	1	Linear	0.377	High-confidence	57.31	0.0	Genome fragment	r__Monodnaviria;k__Loebvirae;p__Hofneiviricota;c__Faserviricetes;o__Tubulavirales;f__Inoviridae;;	vOTU consensus	d__Bacteria;p__Proteobacteria;c__Gammaproteobacteria;o__Burkholderiales;f__Thiobacillaceae;g__Thiobacillus;	k-mer match	Inoviruses (10.1038/s41564-019-0510-x)
IMGVR_UViG_3300005645_000096	3300005645	Ga0077109_1007356	Environmental;Aquatic;Non-marine Saline and Alkaline;Saline	vOTU_00000516	4771	1	4771	false	10	10	0	1	Provirus	0.5114	High-confidence	NA	0.0	Unsure	;;;;;;;		;;;;;;		Inoviruses (10.1038/s41564-019-0510-x)
IMGVR_UViG_3300005838_000378	3300005838	Ga0008649_10008771	Environmental;Aquatic;Marine;Intertidal zone	vOTU_00000318	5552	241	5792	false	10	10	0	1	Provirus	0.741	High-confidence	NA	0.0	Unsure	;;;;;;;		d__Bacteria;p__Planctomycetota;c__Brocadiae;o__Brocadiales;f__Scalinduaceae;g__Scalindua;	k-mer match	Inoviruses (10.1038/s41564-019-0510-x)
IMGVR_UViG_3300005850_000002	3300005850	Ga0079999_13905	Environmental;Aquatic;Thermal springs;Hot (42-90C)	vOTU_00000517	4769	0	4769	true	11	11	0		Linear	0.1804	High-confidence	98.98	0.0	High-quality	r__Monodnaviria;k__Loebvirae;p__Hofneiviricota;c__Faserviricetes;o__Tubulavirales;f__Inoviridae;;	NR (doi:10.5281/zenodo.6574914)	;;;;;;		Inoviruses (10.1038/s41564-019-0510-x)
IMGVR_UViG_3300005858_000015	3300005858	Ga0079995_1067392	Environmental;Aquatic;Freshwater;Lotic	vOTU_00000518	6083	0	6083	true	9	9	0		Linear	0.2687	High-confidence	NA	0.0	Unsure	r__Monodnaviria;k__Loebvirae;p__Hofneiviricota;c__Faserviricetes;o__Tubulavirales;;;	NR (doi:10.5281/zenodo.6574914)	;;;;;;		Inoviruses (10.1038/s41564-019-0510-x)
IMGVR_UViG_3300005858_000016	3300005858	Ga0079995_1114688	Environmental;Aquatic;Freshwater;Lotic	vOTU_00000519	4489	342	4830	false	7	7	0		Provirus	0.323	High-confidence	NA	0.0	Unsure	;;;;;;;		;;;;;;		Inoviruses (10.1038/s41564-019-0510-x)
IMGVR_UViG_3300005963_000011	3300005963	Ga0081519_100701	Environmental;Aquatic;Thermal springs;Hot (42-90C)	vOTU_00000520	5168	0	5168	true	11	11	0		Linear	0.184	High-confidence	91.94	0.0	High-quality	;;;;;;;		;;;;;;		Inoviruses (10.1038/s41564-019-0510-x)
IMGVR_UViG_3300005977_000023	3300005977	Ga0081474_124189	Environmental;Aquatic;Non-marine Saline and Alkaline;Unclassified	vOTU_00000521	10708	429	11136	false	24	24	0	2	Provirus	0.7263	High-confidence	NA	0.0	Unsure	;;;;;;;		;;;;;;		Inoviruses (10.1038/s41564-019-0510-x)
IMGVR_UViG_3300006045_000144	3300006045	Ga0082212_10012998	Host-associated;Arthropoda: Insects;Digestive system;Gut	vOTU_00000522	8426	1	8426	false	11	11	0	1	Provirus	0.1045	High-confidence	19.78	0.0	Genome fragment	r__Monodnaviria;k__Loebvirae;p__Hofneiviricota;c__Faserviricetes;o__Tubulavirales;;;	geNomad	;;;;;;		Inoviruses (10.1038/s41564-019-0510-x)
IMGVR_UViG_3300006045_000150	3300006045	Ga0082212_10031701	Host-associated;Arthropoda: Insects;Digestive system;Gut	vOTU_00000523	5844	69	5912	false	9	9	0	3	Provirus	0.3262	High-confidence	91.25	0.0	High-quality	r__Monodnaviria;k__Loebvirae;p__Hofneiviricota;c__Faserviricetes;o__Tubulavirales;f__Inoviridae;;	geNomad	;;;;;;		Inoviruses (10.1038/s41564-019-0510-x)
IMGVR_UViG_3300006045_000152	3300006045	Ga0082212_10034317	Host-associated;Arthropoda: Insects;Digestive system;Gut	vOTU_00000524	4793	912	5704	false	9	9	0		Provirus	0.5155	High-confidence	NA	0.0	Unsure	r__Monodnaviria;k__Loebvirae;p__Hofneiviricota;c__Faserviricetes;o__Tubulavirales;f__Inoviridae;;	NR (doi:10.5281/zenodo.6574914)	;;;;;;		Inoviruses (10.1038/s41564-019-0510-x)
IMGVR_UViG_3300006045_000153	3300006045	Ga0082212_10035439	Host-associated;Arthropoda: Insects;Digestive system;Gut	vOTU_00000525	5593	0	5593	true	9	9	0	1	Linear	0.9078	High-confidence	NA	0.0	Unsure	r__Duplodnaviria;k__Heunggongvirae;p__Uroviricota;c__Caudoviricetes;;;;	geNomad	;;;;;;		Inoviruses (10.1038/s41564-019-0510-x)
IMGVR_UViG_3300006045_000155	3300006045	Ga0082212_10040111	Host-associated;Arthropoda: Insects;Digestive system;Gut	vOTU_00000526	4309	146	4454	false	11	11	0		Provirus	0.4032	High-confidence	NA	0.0	Unsure	r__Monodnaviria;k__Loebvirae;p__Hofneiviricota;c__Faserviricetes;o__Tubulavirales;f__Inoviridae;;	NR (doi:10.5281/zenodo.6574914)	;;;;;;		Inoviruses (10.1038/s41564-019-0510-x)
IMGVR_UViG_3300006045_000156	3300006045	Ga0082212_10044736	Host-associated;Arthropoda: Insects;Digestive system;Gut	vOTU_00000527	4826	0	4826	true	10	10	0	3	Linear	0.1178	High-confidence	76.62	0.0	Genome fragment	r__Monodnaviria;k__Loebvirae;p__Hofneiviricota;c__Faserviricetes;o__Tubulavirales;f__Inoviridae;;	geNomad	;;;;;;		Inoviruses (10.1038/s41564-019-0510-x)
IMGVR_UViG_3300006056_000595	3300006056	Ga0075163_10019161	Engineered;WWTP;Effluent;Algae cultivation tank	vOTU_00000528	8094	1	8094	false	14	14	0	2	Provirus	0.0254	High-confidence	72.16	0.0	Genome fragment	r__Monodnaviria;k__Loebvirae;p__Hofneiviricota;c__Faserviricetes;o__Tubulavirales;f__Inoviridae;;	NR (doi:10.5281/zenodo.6574914)	;;;;;;		Inoviruses (10.1038/s41564-019-0510-x)
IMGVR_UViG_3300006192_000244	3300006192	Ga0075011_10005042	Environmental;Aquatic;Freshwater;River	vOTU_00000529	6404	1	6404	false	9	9	0	4	Provirus	0.8743	High-confidence	84.12	0.0	Genome fragment	r__Monodnaviria;k__Loebvirae;p__Hofneiviricota;c__Faserviricetes;o__Tubulavirales;f__Inoviridae;;	geNomad	;;;;;;		Inoviruses (10.1038/s41564-019-0510-x)
IMGVR_UViG_3300006192_000246	3300006192	Ga0075011_10006488	Environmental;Aquatic;Freshwater;River	vOTU_00000530	5583	394	5976	false	8	8	0	5	Provirus	0.9005	High-confidence	81.61	0.0	Genome fragment	r__Monodnaviria;k__Loebvirae;p__Hofneiviricota;c__Faserviricetes;o__Tubulavirales;f__Inoviridae;;	geNomad	;;;;;;		Inoviruses (10.1038/s41564-019-0510-x)
IMGVR_UViG_3300006192_000249	3300006192	Ga0075011_10013789	Environmental;Aquatic;Freshwater;River	vOTU_00000531	3914	0	3914	true	7	7	0	2	Linear	0.7063	High-confidence	51.50	0.0	Genome fragment	r__Monodnaviria;k__Loebvirae;p__Hofneiviricota;c__Faserviricetes;o__Tubulavirales;f__Inoviridae;;	NR (doi:10.5281/zenodo.6574914)	;;;;;;		Inoviruses (10.1038/s41564-019-0510-x)
IMGVR_UViG_3300006192_000250	3300006192	Ga0075011_10015255	Environmental;Aquatic;Freshwater;River	vOTU_00000532	3699	0	3699	true	7	7	0	3	Linear	0.9117	High-confidence	37.16	0.0	Genome fragment	r__Monodnaviria;k__Loebvirae;p__Hofneiviricota;c__Faserviricetes;o__Tubulavirales;f__Inoviridae;;	geNomad	;;;;;;		Inoviruses (10.1038/s41564-019-0510-x)
IMGVR_UViG_3300006195_000043	3300006195	Ga0075366_10004728	Host-associated;Plants;Roots;Endosphere	vOTU_00000533	7174	163	7336	false	12	12	0	5	Provirus	0.9522	High-confidence	100.00	0.0	High-quality	r__Monodnaviria;k__Loebvirae;p__Hofneiviricota;c__Faserviricetes;o__Tubulavirales;f__Inoviridae;;	geNomad	;;;;;;		Inoviruses (10.1038/s41564-019-0510-x)
IMGVR_UViG_3300006195_000045	3300006195	Ga0075366_10025904	Host-associated;Plants;Roots;Endosphere	vOTU_00000534	3431	0	3431	true	7	7	0	1	Linear	0.9157	High-confidence	NA	0.0	Unsure	r__Monodnaviria;k__Loebvirae;p__Hofneiviricota;c__Faserviricetes;o__Tubulavirales;;;	geNomad	;;;;;;		Inoviruses (10.1038/s41564-019-0510-x)
IMGVR_UViG_3300006226_000250	3300006226	Ga0099364_10013161	Host-associated;Arthropoda: Insects;Digestive system;Gut	vOTU_00000535	10312	810	11121	false	17	17	0	2	Provirus	0.1248	High-confidence	NA	0.0	Unsure	r__Monodnaviria;k__Loebvirae;p__Hofneiviricota;c__Faserviricetes;o__Tubulavirales;;;	geNomad	;;;;;;		Inoviruses (10.1038/s41564-019-0510-x)
IMGVR_UViG_3300006226_000251	3300006226	Ga0099364_10013568	Host-associated;Arthropoda: Insects;Digestive system;Gut	vOTU_00000536	7719	1	7719	false	12	12	0		Provirus	0.305	High-confidence	NA	0.0	Unsure	;;;;;;;		;;;;;;		Inoviruses (10.1038/s41564-019-0510-x)
IMGVR_UViG_3300006226_000256	3300006226	Ga0099364_10020410	Host-associated;Arthropoda: Insects;Digestive system;Gut	vOTU_00000537	7017	129	7145	false	13	13	0	3	Provirus	0.0738	High-confidence	91.85	0.0	High-quality	r__Monodnaviria;k__Loebvirae;p__Hofneiviricota;c__Faserviricetes;o__Tubulavirales;f__Inoviridae;;	geNomad	;;;;;;		Inoviruses (10.1038/s41564-019-0510-x)
IMGVR_UViG_3300006226_000257	3300006226	Ga0099364_10020947	Host-associated;Arthropoda: Insects;Digestive system;Gut	vOTU_00000538	6704	764	7467	false	13	13	0		Provirus	0.4378	High-confidence	NA	0.0	Unsure	r__Monodnaviria;k__Loebvirae;p__Hofneiviricota;c__Faserviricetes;o__Tubulavirales;f__Inoviridae;;	NR (doi:10.5281/zenodo.6574914)	;;;;;;		Inoviruses (10.1038/s41564-019-0510-x)
IMGVR_UViG_3300006226_000258	3300006226	Ga0099364_10023044	Host-associated;Arthropoda: Insects;Digestive system;Gut	vOTU_00000539	6643	1	6643	false	12	12	0		Provirus	0.4123	High-confidence	89.19	0.0	Genome fragment	r__Monodnaviria;k__Loebvirae;p__Hofneiviricota;c__Faserviricetes;o__Tubulavirales;f__Inoviridae;;	NR (doi:10.5281/zenodo.6574914)	;;;;;;		Inoviruses (10.1038/s41564-019-0510-x)
IMGVR_UViG_3300006226_000260	3300006226	Ga0099364_10027230	Host-associated;Arthropoda: Insects;Digestive system;Gut	vOTU_00000540	7011	0	7011	true	13	13	0	1	Linear	0.3319	High-confidence	NA	0.0	Unsure	r__Monodnaviria;k__Loebvirae;p__Hofneiviricota;c__Faserviricetes;o__Tubulavirales;;;	geNomad	;;;;;;		Inoviruses (10.1038/s41564-019-0510-x)
IMGVR_UViG_3300006226_000261	3300006226	Ga0099364_10027418	Host-associated;Arthropoda: Insects;Digestive system;Gut	vOTU_00000541	6616	367	6982	false	14	14	0	2	Provirus	0.0634	High-confidence	77.58	0.0	Genome fragment	r__Monodnaviria;k__Loebvirae;p__Hofneiviricota;c__Faserviricetes;o__Tubulavirales;;;	geNomad	;;;;;;		Inoviruses (10.1038/s41564-019-0510-x)
IMGVR_UViG_3300006226_000262	3300006226	Ga0099364_10028295	Host-associated;Arthropoda: Insects;Digestive system;Gut	vOTU_00000542	6848	0	6848	true	13	13	0		Linear	0.4279	High-confidence	NA	0.0	Unsure	r__Monodnaviria;k__Loebvirae;p__Hofneiviricota;c__Faserviricetes;o__Tubulavirales;f__Inoviridae;;	NR (doi:10.5281/zenodo.6574914)	;;;;;;		Inoviruses (10.1038/s41564-019-0510-x)
IMGVR_UViG_3300006226_000263	3300006226	Ga0099364_10029014	Host-associated;Arthropoda: Insects;Digestive system;Gut	vOTU_00000543	6377	1	6377	false	11	11	0		Provirus	0.6116	High-confidence	NA	0.0	Unsure	r__Monodnaviria;k__Loebvirae;p__Hofneiviricota;c__Faserviricetes;o__Tubulavirales;f__Inoviridae;;	NR (doi:10.5281/zenodo.6574914)	d__Bacteria;p__Firmicutes_A;c__Clostridia;o__Oscillospirales;f__Ruminococcaceae;;	k-mer match	Inoviruses (10.1038/s41564-019-0510-x)
IMGVR_UViG_3300006226_000264	3300006226	Ga0099364_10038251	Host-associated;Arthropoda: Insects;Digestive system;Gut	vOTU_00000544	5687	0	5687	true	9	9	0		Linear	0.5583	High-confidence	92.84	0.0	High-quality	;;;;;;;		;;;;;;		Inoviruses (10.1038/s41564-019-0510-x)
IMGVR_UViG_3300006226_000265	3300006226	Ga0099364_10041872	Host-associated;Arthropoda: Insects;Digestive system;Gut	vOTU_00000545	5395	0	5395	true	10	10	0	1	Linear	0.6529	High-confidence	NA	0.0	Unsure	;;;;;;;		;;;;;;		Inoviruses (10.1038/s41564-019-0510-x)
IMGVR_UViG_3300006226_000266	3300006226	Ga0099364_10045753	Host-associated;Arthropoda: Insects;Digestive system;Gut	vOTU_00000546	4701	418	5118	false	11	11	0	1	Provirus	0.5903	High-confidence	NA	0.0	Unsure	r__Monodnaviria;k__Loebvirae;p__Hofneiviricota;c__Faserviricetes;o__Tubulavirales;f__Inoviridae;;	NR (doi:10.5281/zenodo.6574914)	;;;;;;		Inoviruses (10.1038/s41564-019-0510-x)
IMGVR_UViG_3300006226_000268	3300006226	Ga0099364_10055148	Host-associated;Arthropoda: Insects;Digestive system;Gut	vOTU_00000547	4583	0	4583	true	10	10	0	1	Linear	0.1288	High-confidence	59.99	0.0	Genome fragment	r__Monodnaviria;k__Loebvirae;p__Hofneiviricota;c__Faserviricetes;o__Tubulavirales;;;	geNomad	;;;;;;		Inoviruses (10.1038/s41564-019-0510-x)
IMGVR_UViG_3300006243_000024	3300006243	Ga0099348_100915	Host-associated;Human;Digestive system;Oral cavity	vOTU_00000548	7094	0	7094	true	15	15	0	7	Linear	0.9521	High-confidence	95.12	0.0	High-quality	r__Monodnaviria;k__Loebvirae;p__Hofneiviricota;c__Faserviricetes;o__Tubulavirales;f__Inoviridae;;	geNomad	d__Bacteria;p__Proteobacteria;c__Gammaproteobacteria;o__Burkholderiales;f__Neisseriaceae;g__Neisseria;	CRISPR spacer match	Inoviruses (10.1038/s41564-019-0510-x)
IMGVR_UViG_3300006247_000131	3300006247	Ga0099374_1002720	Host-associated;Human;Digestive system;Oral cavity	vOTU_00000549	8908	901	9808	false	13	13	0	5	Provirus	0.7326	High-confidence	100.00	0.0	High-quality	r__Monodnaviria;k__Loebvirae;p__Hofneiviricota;c__Faserviricetes;o__Tubulavirales;f__Inoviridae;;	geNomad	d__Bacteria;p__Campylobacterota;c__Campylobacteria;o__Campylobacterales;f__Campylobacteraceae;g__Campylobacter_A;	k-mer match	Inoviruses (10.1038/s41564-019-0510-x)
IMGVR_UViG_3300006247_000132	3300006247	Ga0099374_1008035	Host-associated;Human;Digestive system;Oral cavity	vOTU_00000550	4644	0	4644	true	9	9	0	3	Linear	0.7938	High-confidence	62.20	0.0	Genome fragment	r__Monodnaviria;k__Loebvirae;p__Hofneiviricota;c__Faserviricetes;o__Tubulavirales;f__Inoviridae;;	geNomad	d__Bacteria;p__Proteobacteria;c__Gammaproteobacteria;o__Burkholderiales;f__Neisseriaceae;;	CRISPR spacer match	Inoviruses (10.1038/s41564-019-0510-x)
IMGVR_UViG_3300006249_000066	3300006249	Ga0099390_1002305	Host-associated;Human;Digestive system;Oral cavity	vOTU_00000551	7605	517	8121	false	10	10	0	3	Provirus	0.8398	High-confidence	95.07	0.0	High-quality	r__Monodnaviria;k__Loebvirae;p__Hofneiviricota;c__Faserviricetes;o__Tubulavirales;f__Inoviridae;;	geNomad	d__Bacteria;p__Proteobacteria;c__Gammaproteobacteria;o__Enterobacterales;f__Pasteurellaceae;g__Haemophilus_D;	CRISPR spacer match	Inoviruses (10.1038/s41564-019-0510-x)
IMGVR_UViG_3300006249_000067	3300006249	Ga0099390_1003342	Host-associated;Human;Digestive system;Oral cavity	vOTU_00000552	5996	1	5996	false	10	10	0	6	Provirus	0.9301	High-confidence	69.45	0.0	Genome fragment	r__Monodnaviria;k__Loebvirae;p__Hofneiviricota;c__Faserviricetes;o__Tubulavirales;f__Inoviridae;;	geNomad	d__Bacteria;p__Proteobacteria;c__Gammaproteobacteria;o__Burkholderiales;f__Neisseriaceae;g__Neisseria;	CRISPR spacer match	Inoviruses (10.1038/s41564-019-0510-x)
IMGVR_UViG_3300006249_000068	3300006249	Ga0099390_1003884	Host-associated;Human;Digestive system;Oral cavity	vOTU_00000553	5470	0	5470	true	9	9	0	3	Linear	0.8198	High-confidence	64.71	0.0	Genome fragment	r__Monodnaviria;k__Loebvirae;p__Hofneiviricota;c__Faserviricetes;o__Tubulavirales;f__Inoviridae;;	geNomad	d__Bacteria;p__Proteobacteria;c__Gammaproteobacteria;o__Burkholderiales;f__Neisseriaceae;g__Neisseria;	CRISPR spacer match	Inoviruses (10.1038/s41564-019-0510-x)
IMGVR_UViG_3300006249_000069	3300006249	Ga0099390_1003957	Host-associated;Human;Digestive system;Oral cavity	vOTU_00000554	4916	472	5387	false	9	9	0	4	Provirus	0.9493	High-confidence	93.32	0.0	High-quality	r__Monodnaviria;k__Loebvirae;p__Hofneiviricota;c__Faserviricetes;o__Tubulavirales;f__Inoviridae;;	geNomad	d__Bacteria;p__Firmicutes;c__Bacilli;o__Lactobacillales;f__Streptococcaceae;g__Streptococcus;	CRISPR spacer match	Inoviruses (10.1038/s41564-019-0510-x)
IMGVR_UViG_3300006250_000083	3300006250	Ga0099391_104681	Host-associated;Human;Digestive system;Oral cavity	vOTU_00000555	5557	1	5557	false	9	9	0		Provirus	0.5395	High-confidence	93.90	0.0	High-quality	r__Monodnaviria;k__Loebvirae;p__Hofneiviricota;c__Faserviricetes;o__Tubulavirales;f__Inoviridae;;	NR (doi:10.5281/zenodo.6574914)	d__Bacteria;p__Patescibacteria;c__Saccharimonadia;o__Saccharimonadales;f__Nanosynbacteraceae;g__Nanosynbacter;	CRISPR spacer match	Inoviruses (10.1038/s41564-019-0510-x)
IMGVR_UViG_3300006253_000088	3300006253	Ga0099372_1001941	Host-associated;Human;Digestive system;Oral cavity	vOTU_00000556	9982	1552	11533	false	17	17	0	6	Provirus	0.7035	High-confidence	100.00	0.0	High-quality	r__Monodnaviria;k__Loebvirae;p__Hofneiviricota;c__Faserviricetes;o__Tubulavirales;f__Inoviridae;;	geNomad	d__Bacteria;p__Campylobacterota;c__Campylobacteria;o__Campylobacterales;f__Campylobacteraceae;g__Campylobacter_A;	CRISPR spacer match	Inoviruses (10.1038/s41564-019-0510-x)
IMGVR_UViG_3300006253_000089	3300006253	Ga0099372_1002649	Host-associated;Human;Digestive system;Oral cavity	vOTU_00000557	7771	1	7771	false	14	14	0	5	Provirus	0.867	High-confidence	83.25	0.0	Genome fragment	r__Monodnaviria;k__Loebvirae;p__Hofneiviricota;c__Faserviricetes;o__Tubulavirales;f__Inoviridae;;	geNomad	d__Bacteria;p__Campylobacterota;c__Campylobacteria;o__Campylobacterales;f__Campylobacteraceae;g__Campylobacter_A;	CRISPR spacer match	Inoviruses (10.1038/s41564-019-0510-x)
IMGVR_UViG_3300006254_000081	3300006254	Ga0099365_1001383	Host-associated;Human;Digestive system;Oral cavity	vOTU_00000030	7954	925	8878	false	13	13	0	4	Provirus	0.8567	High-confidence	95.88	0.0	High-quality	r__Monodnaviria;k__Loebvirae;p__Hofneiviricota;c__Faserviricetes;o__Tubulavirales;f__Inoviridae;;	geNomad	d__Bacteria;p__Proteobacteria;c__Gammaproteobacteria;o__Enterobacterales;f__Pasteurellaceae;g__Haemophilus_D;	k-mer match	Inoviruses (10.1038/s41564-019-0510-x)
IMGVR_UViG_3300006256_000138	3300006256	Ga0099352_1002596	Host-associated;Human;Digestive system;Oral cavity	vOTU_00000558	7843	1	7843	false	10	10	0	5	Provirus	0.9024	High-confidence	88.05	0.0	Genome fragment	r__Monodnaviria;k__Loebvirae;p__Hofneiviricota;c__Faserviricetes;o__Tubulavirales;f__Inoviridae;;	geNomad	d__Bacteria;p__Campylobacterota;c__Campylobacteria;o__Campylobacterales;f__Campylobacteraceae;g__Campylobacter_A;	CRISPR spacer match	Inoviruses (10.1038/s41564-019-0510-x)
IMGVR_UViG_3300006260_000071	3300006260	Ga0099518_104124	Host-associated;Human;Digestive system;Oral cavity	vOTU_00000559	5414	1	5414	false	9	9	0	3	Provirus	0.9257	High-confidence	64.30	0.0	Genome fragment	r__Monodnaviria;k__Loebvirae;p__Hofneiviricota;c__Faserviricetes;o__Tubulavirales;f__Inoviridae;;	geNomad	d__Bacteria;p__Proteobacteria;c__Gammaproteobacteria;o__Burkholderiales;f__Neisseriaceae;g__Neisseria;	CRISPR spacer match	Inoviruses (10.1038/s41564-019-0510-x)
IMGVR_UViG_3300006260_000072	3300006260	Ga0099518_105076	Host-associated;Human;Digestive system;Oral cavity	vOTU_00000560	4536	0	4536	true	8	8	0	2	Linear	0.8896	High-confidence	57.01	0.0	Genome fragment	r__Monodnaviria;k__Loebvirae;p__Hofneiviricota;c__Faserviricetes;o__Tubulavirales;f__Inoviridae;;	geNomad	d__Bacteria;p__Proteobacteria;c__Gammaproteobacteria;o__Burkholderiales;f__Neisseriaceae;g__Neisseria;	CRISPR spacer match	Inoviruses (10.1038/s41564-019-0510-x)
IMGVR_UViG_3300006262_000121	3300006262	Ga0099523_1001267	Host-associated;Human;Digestive system;Oral cavity	vOTU_00000561	11439	1219	12657	false	17	17	0	5	Provirus	0.8422	High-confidence	100.00	0.0	High-quality	r__Monodnaviria;k__Loebvirae;p__Hofneiviricota;c__Faserviricetes;o__Tubulavirales;f__Inoviridae;;	geNomad	d__Bacteria;p__Campylobacterota;c__Campylobacteria;o__Campylobacterales;f__Campylobacteraceae;g__Campylobacter_A;	CRISPR spacer match	Inoviruses (10.1038/s41564-019-0510-x)
IMGVR_UViG_3300006262_000123	3300006262	Ga0099523_1002420	Host-associated;Human;Digestive system;Oral cavity	vOTU_00000562	6962	1137	8098	false	10	10	0	5	Provirus	0.9347	High-confidence	81.31	0.0	Genome fragment	r__Monodnaviria;k__Loebvirae;p__Hofneiviricota;c__Faserviricetes;o__Tubulavirales;f__Inoviridae;;	geNomad	d__Bacteria;p__Proteobacteria;c__Gammaproteobacteria;o__Burkholderiales;f__Neisseriaceae;g__Neisseria;	CRISPR spacer match	Inoviruses (10.1038/s41564-019-0510-x)
IMGVR_UViG_3300006262_000124	3300006262	Ga0099523_1004003	Host-associated;Human;Digestive system;Oral cavity	vOTU_00000563	5582	0	5582	true	7	7	0	2	Linear	0.0258	High-confidence	99.96	0.0	High-quality	r__Monodnaviria;k__Loebvirae;p__Hofneiviricota;c__Faserviricetes;o__Tubulavirales;f__Inoviridae;;	geNomad	d__Bacteria;p__Firmicutes;c__Bacilli;o__Lactobacillales;f__Streptococcaceae;g__Streptococcus;	CRISPR spacer match	Inoviruses (10.1038/s41564-019-0510-x)
IMGVR_UViG_3300006292_000070	3300006292	Ga0099622_103058	Host-associated;Human;Digestive system;Oral cavity	vOTU_00000564	8548	1	8548	false	14	14	0	6	Provirus	0.9321	High-confidence	95.13	0.0	High-quality	r__Monodnaviria;k__Loebvirae;p__Hofneiviricota;c__Faserviricetes;o__Tubulavirales;f__Inoviridae;;	geNomad	d__Bacteria;p__Proteobacteria;c__Gammaproteobacteria;o__Burkholderiales;f__Neisseriaceae;g__Neisseria;	CRISPR spacer match	Inoviruses (10.1038/s41564-019-0510-x)
IMGVR_UViG_3300006295_000053	3300006295	Ga0099657_100227	Host-associated;Human;Digestive system;Oral cavity	vOTU_00000565	12489	1167	13655	false	20	20	0	8	Provirus	0.9239	High-confidence	100.00	0.0	High-quality	r__Duplodnaviria;k__Heunggongvirae;p__Uroviricota;c__Caudoviricetes;;;;	geNomad	d__Bacteria;p__Proteobacteria;c__Gammaproteobacteria;o__Burkholderiales;f__Neisseriaceae;;	CRISPR spacer match	Inoviruses (10.1038/s41564-019-0510-x)
IMGVR_UViG_3300006295_000054	3300006295	Ga0099657_100595	Host-associated;Human;Digestive system;Oral cavity	vOTU_00000566	8656	613	9268	false	13	13	0	7	Provirus	0.8577	High-confidence	100.00	0.0	High-quality	r__Monodnaviria;k__Loebvirae;p__Hofneiviricota;c__Faserviricetes;o__Tubulavirales;f__Inoviridae;;	geNomad	d__Bacteria;p__Proteobacteria;c__Gammaproteobacteria;o__Burkholderiales;f__Neisseriaceae;g__Neisseria;	CRISPR spacer match	Inoviruses (10.1038/s41564-019-0510-x)
IMGVR_UViG_3300006295_000055	3300006295	Ga0099657_100747	Host-associated;Human;Digestive system;Oral cavity	vOTU_00000030	8067	147	8213	false	14	14	0	4	Provirus	0.8392	High-confidence	97.24	0.0	High-quality	r__Monodnaviria;k__Loebvirae;p__Hofneiviricota;c__Faserviricetes;o__Tubulavirales;f__Inoviridae;;	geNomad	d__Bacteria;p__Proteobacteria;c__Gammaproteobacteria;o__Enterobacterales;f__Pasteurellaceae;g__Haemophilus_D;	k-mer match	Inoviruses (10.1038/s41564-019-0510-x)
IMGVR_UViG_3300006295_000056	3300006295	Ga0099657_100848	Host-associated;Human;Digestive system;Oral cavity	vOTU_00000567	7735	0	7735	true	13	13	0	5	Linear	0.9273	High-confidence	92.82	0.0	High-quality	r__Monodnaviria;k__Loebvirae;p__Hofneiviricota;c__Faserviricetes;o__Tubulavirales;f__Inoviridae;;	geNomad	;;;;;;		Inoviruses (10.1038/s41564-019-0510-x)
IMGVR_UViG_3300006295_000057	3300006295	Ga0099657_101205	Host-associated;Human;Digestive system;Oral cavity	vOTU_00000568	6337	0	6337	true	10	10	0	5	Linear	0.9348	High-confidence	76.20	0.0	Genome fragment	r__Monodnaviria;k__Loebvirae;p__Hofneiviricota;c__Faserviricetes;o__Tubulavirales;f__Inoviridae;;	geNomad	d__Bacteria;p__Proteobacteria;c__Gammaproteobacteria;o__Burkholderiales;f__Neisseriaceae;g__Neisseria;	CRISPR spacer match	Inoviruses (10.1038/s41564-019-0510-x)
IMGVR_UViG_3300006297_000035	3300006297	Ga0099630_1000944	Host-associated;Human;Digestive system;Oral cavity	vOTU_00000569	5139	219	5357	false	8	8	0	1	Provirus	0.3153	High-confidence	62.18	0.0	Genome fragment	r__Monodnaviria;k__Loebvirae;p__Hofneiviricota;c__Faserviricetes;o__Tubulavirales;;;	geNomad	d__Bacteria;p__Proteobacteria;;;;;	k-mer match	Inoviruses (10.1038/s41564-019-0510-x)
IMGVR_UViG_3300006301_000040	3300006301	Ga0099617_101116	Host-associated;Human;Digestive system;Oral cavity	vOTU_00000570	5820	1	5820	false	9	9	0	4	Provirus	0.918	High-confidence	73.38	0.0	Genome fragment	r__Monodnaviria;k__Loebvirae;p__Hofneiviricota;c__Faserviricetes;o__Tubulavirales;f__Inoviridae;;	geNomad	d__Bacteria;p__Proteobacteria;c__Gammaproteobacteria;o__Burkholderiales;f__Neisseriaceae;g__Neisseria;	CRISPR spacer match	Inoviruses (10.1038/s41564-019-0510-x)
IMGVR_UViG_3300006301_000041	3300006301	Ga0099617_101254	Host-associated;Human;Digestive system;Oral cavity	vOTU_00000571	5526	1	5526	false	9	9	0	1	Provirus	0.0108	High-confidence	100.00	0.0	High-quality	r__Monodnaviria;k__Loebvirae;p__Hofneiviricota;c__Faserviricetes;o__Tubulavirales;;;	geNomad	d__Bacteria;p__Firmicutes;c__Bacilli;o__Lactobacillales;f__Streptococcaceae;g__Streptococcus;	CRISPR spacer match	Inoviruses (10.1038/s41564-019-0510-x)
IMGVR_UViG_3300006302_000039	3300006302	Ga0099621_100767	Host-associated;Human;Digestive system;Oral cavity	vOTU_00000572	7831	935	8765	false	14	14	0	4	Provirus	0.7649	High-confidence	96.53	0.0	High-quality	r__Monodnaviria;k__Loebvirae;p__Hofneiviricota;c__Faserviricetes;o__Tubulavirales;f__Inoviridae;;	geNomad	;;;;;;		Inoviruses (10.1038/s41564-019-0510-x)
IMGVR_UViG_3300006302_000040	3300006302	Ga0099621_101496	Host-associated;Human;Digestive system;Oral cavity	vOTU_00000573	5329	0	5329	true	9	9	0	2	Direct terminal repeat	0.0418	High-confidence	100.00	0.0	High-quality	r__Monodnaviria;k__Loebvirae;p__Hofneiviricota;c__Faserviricetes;o__Tubulavirales;f__Inoviridae;;	geNomad	d__Bacteria;p__Firmicutes;c__Bacilli;o__Lactobacillales;;;	CRISPR spacer match	Inoviruses (10.1038/s41564-019-0510-x)
IMGVR_UViG_3300006307_000046	3300006307	Ga0099615_1002188	Host-associated;Human;Digestive system;Oral cavity	vOTU_00000574	7450	0	7450	true	12	12	0	5	Linear	0.9532	High-confidence	93.99	0.0	High-quality	r__Monodnaviria;k__Loebvirae;p__Hofneiviricota;c__Faserviricetes;o__Tubulavirales;f__Inoviridae;;	geNomad	d__Bacteria;p__Proteobacteria;c__Gammaproteobacteria;o__Burkholderiales;f__Neisseriaceae;;	CRISPR spacer match	Inoviruses (10.1038/s41564-019-0510-x)
IMGVR_UViG_3300006317_000074	3300006317	Ga0099674_106360	Host-associated;Human;Digestive system;Oral cavity	vOTU_00000575	5198	0	5198	true	11	11	0	1	Linear	0.5377	High-confidence	NA	0.0	Unsure	r__Duplodnaviria;k__Heunggongvirae;p__Uroviricota;c__Caudoviricetes;;;;	NR (doi:10.5281/zenodo.6574914)	;;;;;;		Inoviruses (10.1038/s41564-019-0510-x)
IMGVR_UViG_3300006320_000170	3300006320	Ga0099576_1003001	Host-associated;Human;Digestive system;Oral cavity	vOTU_00000576	8181	0	8181	true	10	10	0		Linear	0.1606	High-confidence	NA	0.0	Unsure	r__Monodnaviria;k__Loebvirae;p__Hofneiviricota;c__Faserviricetes;o__Tubulavirales;f__Inoviridae;;	NR (doi:10.5281/zenodo.6574914)	d__Bacteria;p__Campylobacterota;c__Campylobacteria;o__Campylobacterales;f__Campylobacteraceae;g__Campylobacter_A;	CRISPR spacer match	Inoviruses (10.1038/s41564-019-0510-x)
IMGVR_UViG_3300006321_000102	3300006321	Ga0099624_104389	Host-associated;Human;Digestive system;Oral cavity	vOTU_00000577	4957	154	5110	false	9	9	0	3	Provirus	0.8339	High-confidence	64.63	0.0	Genome fragment	r__Monodnaviria;k__Loebvirae;p__Hofneiviricota;c__Faserviricetes;o__Tubulavirales;f__Inoviridae;;	geNomad	d__Bacteria;p__Proteobacteria;c__Gammaproteobacteria;o__Burkholderiales;f__Neisseriaceae;;	k-mer match	Inoviruses (10.1038/s41564-019-0510-x)
IMGVR_UViG_3300006322_000121	3300006322	Ga0099623_1002073	Host-associated;Human;Digestive system;Oral cavity	vOTU_00000578	9489	580	10068	false	15	15	0	6	Provirus	0.8967	High-confidence	100.00	0.0	High-quality	r__Monodnaviria;k__Loebvirae;p__Hofneiviricota;c__Faserviricetes;o__Tubulavirales;f__Inoviridae;;	geNomad	d__Bacteria;p__Proteobacteria;c__Gammaproteobacteria;o__Burkholderiales;f__Neisseriaceae;g__Neisseria;	CRISPR spacer match	Inoviruses (10.1038/s41564-019-0510-x)
IMGVR_UViG_3300006322_000123	3300006322	Ga0099623_1003268	Host-associated;Human;Digestive system;Oral cavity	vOTU_00000579	7020	1	7020	false	12	12	0	4	Provirus	0.9478	High-confidence	83.52	0.0	Genome fragment	r__Monodnaviria;k__Loebvirae;p__Hofneiviricota;c__Faserviricetes;o__Tubulavirales;f__Inoviridae;;	geNomad	d__Bacteria;p__Proteobacteria;c__Gammaproteobacteria;o__Burkholderiales;f__Neisseriaceae;g__Neisseria;	CRISPR spacer match	Inoviruses (10.1038/s41564-019-0510-x)
IMGVR_UViG_3300006322_000124	3300006322	Ga0099623_1003601	Host-associated;Human;Digestive system;Oral cavity	vOTU_00000580	6581	386	6966	false	11	11	0	3	Provirus	0.9245	High-confidence	78.29	0.0	Genome fragment	r__Monodnaviria;k__Loebvirae;p__Hofneiviricota;c__Faserviricetes;o__Tubulavirales;f__Inoviridae;;	geNomad	d__Bacteria;p__Proteobacteria;c__Gammaproteobacteria;o__Burkholderiales;f__Neisseriaceae;g__Neisseria;	CRISPR spacer match	Inoviruses (10.1038/s41564-019-0510-x)
IMGVR_UViG_3300006333_000063	3300006333	Ga0099550_1002628	Host-associated;Human;Digestive system;Oral cavity	vOTU_00000581	6961	0	6961	true	13	13	0	6	Linear	0.9536	High-confidence	81.92	0.0	Genome fragment	r__Monodnaviria;k__Loebvirae;p__Hofneiviricota;c__Faserviricetes;o__Tubulavirales;f__Inoviridae;;	geNomad	d__Bacteria;p__Proteobacteria;c__Gammaproteobacteria;o__Burkholderiales;f__Neisseriaceae;g__Neisseria;	CRISPR spacer match	Inoviruses (10.1038/s41564-019-0510-x)
IMGVR_UViG_3300006333_000064	3300006333	Ga0099550_1002940	Host-associated;Human;Digestive system;Oral cavity	vOTU_00000582	6452	0	6452	true	12	12	0	4	Linear	0.931	High-confidence	57.61	22.21	Genome fragment	r__Monodnaviria;k__Loebvirae;p__Hofneiviricota;c__Faserviricetes;o__Tubulavirales;f__Inoviridae;;	geNomad	d__Bacteria;p__Proteobacteria;c__Gammaproteobacteria;o__Burkholderiales;f__Neisseriaceae;g__Neisseria;	CRISPR spacer match	Inoviruses (10.1038/s41564-019-0510-x)
IMGVR_UViG_3300006333_000065	3300006333	Ga0099550_1005005	Host-associated;Human;Digestive system;Oral cavity	vOTU_00000583	4291	0	4291	true	8	8	0	3	Linear	0.9083	High-confidence	56.11	0.0	Genome fragment	r__Monodnaviria;k__Loebvirae;p__Hofneiviricota;c__Faserviricetes;o__Tubulavirales;f__Inoviridae;;	geNomad	d__Bacteria;p__Proteobacteria;c__Gammaproteobacteria;o__Burkholderiales;f__Neisseriaceae;g__Neisseria;	CRISPR spacer match	Inoviruses (10.1038/s41564-019-0510-x)
IMGVR_UViG_3300006341_000051	3300006341	Ga0068493_10002816	Environmental;Aquatic;Marine;Oceanic	vOTU_00000584	5297	0	5297	true	8	8	0	5	Linear	0.954	High-confidence	88.73	0.0	Genome fragment	r__Monodnaviria;k__Loebvirae;p__Hofneiviricota;c__Faserviricetes;o__Tubulavirales;f__Inoviridae;;	geNomad	;;;;;;		Inoviruses (10.1038/s41564-019-0510-x)
IMGVR_UViG_3300006348_000041	3300006348	Ga0099694_101824	Host-associated;Human;Digestive system;Oral cavity	vOTU_00000585	5646	621	6266	false	9	9	0	4	Provirus	0.9566	High-confidence	70.58	0.0	Genome fragment	r__Monodnaviria;k__Loebvirae;p__Hofneiviricota;c__Faserviricetes;o__Tubulavirales;f__Inoviridae;;	geNomad	d__Bacteria;p__Proteobacteria;c__Gammaproteobacteria;o__Burkholderiales;f__Neisseriaceae;g__Neisseria;	CRISPR spacer match	Inoviruses (10.1038/s41564-019-0510-x)
IMGVR_UViG_3300006353_000031	3300006353	Ga0075370_10012997	Host-associated;Plants;Roots;Endosphere	vOTU_00000586	4416	0	4416	true	8	8	0	3	Linear	0.7792	High-confidence	49.39	0.0	Genome fragment	r__Monodnaviria;k__Loebvirae;p__Hofneiviricota;c__Faserviricetes;o__Tubulavirales;;;	geNomad	;;;;;;		Inoviruses (10.1038/s41564-019-0510-x)
IMGVR_UViG_3300006353_000032	3300006353	Ga0075370_10014774	Host-associated;Plants;Roots;Endosphere	vOTU_00000587	4168	0	4168	true	8	8	0	3	Linear	0.8868	High-confidence	74.17	0.0	Genome fragment	r__Monodnaviria;k__Loebvirae;p__Hofneiviricota;c__Faserviricetes;o__Tubulavirales;f__Inoviridae;;	geNomad	;;;;;;		Inoviruses (10.1038/s41564-019-0510-x)
IMGVR_UViG_3300006457_000044	3300006457	Ga0100214_102645	Host-associated;Human;Digestive system;Oral cavity	vOTU_00000588	4315	0	4315	true	7	7	0	2	Linear	0.9156	High-confidence	NA	0.0	Unsure	r__Monodnaviria;k__Loebvirae;p__Hofneiviricota;c__Faserviricetes;o__Tubulavirales;f__Inoviridae;;	geNomad	;;;;;;		Inoviruses (10.1038/s41564-019-0510-x)
IMGVR_UViG_3300006458_000059	3300006458	Ga0100175_102200	Host-associated;Human;Digestive system;Oral cavity	vOTU_00000031	8080	945	9024	false	14	14	0	7	Provirus	0.8891	High-confidence	99.24	0.0	High-quality	r__Monodnaviria;k__Loebvirae;p__Hofneiviricota;c__Faserviricetes;o__Tubulavirales;f__Inoviridae;;	geNomad	d__Bacteria;p__Proteobacteria;c__Gammaproteobacteria;o__Enterobacterales;f__Pasteurellaceae;;	k-mer match	Inoviruses (10.1038/s41564-019-0510-x)
IMGVR_UViG_3300006459_000093	3300006459	Ga0100222_101952	Host-associated;Human;Digestive system;Oral cavity	vOTU_00000030	7042	735	7776	false	10	10	0	3	Provirus	0.7561	High-confidence	84.86	0.0	Genome fragment	r__Monodnaviria;k__Loebvirae;p__Hofneiviricota;c__Faserviricetes;o__Tubulavirales;f__Inoviridae;;	geNomad	d__Bacteria;p__Proteobacteria;c__Gammaproteobacteria;o__Enterobacterales;f__Pasteurellaceae;;	k-mer match	Inoviruses (10.1038/s41564-019-0510-x)
IMGVR_UViG_3300006459_000094	3300006459	Ga0100222_102536	Host-associated;Human;Digestive system;Oral cavity	vOTU_00000589	6242	0	6242	true	10	10	0	3	Linear	0.1088	High-confidence	78.73	0.0	Genome fragment	r__Monodnaviria;k__Loebvirae;p__Hofneiviricota;c__Faserviricetes;o__Tubulavirales;f__Inoviridae;;	geNomad	d__Bacteria;p__Proteobacteria;c__Gammaproteobacteria;o__Burkholderiales;f__Neisseriaceae;g__Neisseria;	CRISPR spacer match	Inoviruses (10.1038/s41564-019-0510-x)
IMGVR_UViG_3300006459_000095	3300006459	Ga0100222_103976	Host-associated;Human;Digestive system;Oral cavity	vOTU_00000590	4368	0	4368	true	8	8	0	1	Linear	0.565	High-confidence	NA	0.0	Unsure	;;;;;;;		d__Bacteria;p__Patescibacteria;c__Saccharimonadia;o__Saccharimonadales;f__Nanogingivalaceae;g__Nanogingivalis;	CRISPR spacer match	Inoviruses (10.1038/s41564-019-0510-x)
IMGVR_UViG_3300006460_000054	3300006460	Ga0100061_101835	Host-associated;Human;Digestive system;Oral cavity	vOTU_00000591	10439	1	10439	false	13	13	0	1	Provirus	0.4217	High-confidence	100.00	0.0	High-quality	r__Monodnaviria;k__Loebvirae;p__Hofneiviricota;c__Faserviricetes;o__Tubulavirales;;;	geNomad	d__Bacteria;p__Campylobacterota;c__Campylobacteria;o__Campylobacterales;f__Campylobacteraceae;g__Campylobacter_A;	CRISPR spacer match	Inoviruses (10.1038/s41564-019-0510-x)
IMGVR_UViG_3300006463_000142	3300006463	Ga0100176_1007242	Host-associated;Human;Digestive system;Large intestine	vOTU_00000592	4445	0	4445	true	8	8	0		Linear	0.6557	High-confidence	NA	0.0	Unsure	r__Monodnaviria;k__Loebvirae;p__Hofneiviricota;c__Faserviricetes;o__Tubulavirales;f__Inoviridae;;	NR (doi:10.5281/zenodo.6574914)	d__Bacteria;p__Firmicutes_A;c__Clostridia;o__Oscillospirales;;;	k-mer match	Inoviruses (10.1038/s41564-019-0510-x)
IMGVR_UViG_3300006464_000107	3300006464	Ga0100221_1006099	Host-associated;Human;Digestive system;Large intestine	vOTU_00000593	4704	772	5475	false	9	9	0	4	Provirus	0.9174	High-confidence	80.81	0.0	Genome fragment	r__Monodnaviria;k__Loebvirae;p__Hofneiviricota;c__Faserviricetes;o__Tubulavirales;f__Inoviridae;;	geNomad	d__Bacteria;p__Firmicutes_A;c__Clostridia;o__Lachnospirales;f__Lachnospiraceae;;	CRISPR spacer match	Inoviruses (10.1038/s41564-019-0510-x)
IMGVR_UViG_3300006464_000108	3300006464	Ga0100221_1006363	Host-associated;Human;Digestive system;Large intestine	vOTU_00000594	5037	1	5037	false	11	11	0	4	Provirus	0.0766	High-confidence	97.15	0.0	High-quality	r__Monodnaviria;k__Loebvirae;p__Hofneiviricota;c__Faserviricetes;o__Tubulavirales;f__Inoviridae;;	geNomad	;;;;;;		Inoviruses (10.1038/s41564-019-0510-x)
IMGVR_UViG_3300006476_000084	3300006476	Ga0100233_103098	Host-associated;Human;Digestive system;Large intestine	vOTU_00000595	4993	0	4993	true	10	10	0	4	Linear	0.2189	High-confidence	99.76	0.0	High-quality	r__Monodnaviria;k__Loebvirae;p__Hofneiviricota;c__Faserviricetes;o__Tubulavirales;f__Inoviridae;;	geNomad	d__Bacteria;p__Firmicutes_A;c__Clostridia;o__Oscillospirales;f__Ruminococcaceae;g__Gemmiger;	CRISPR spacer match	Inoviruses (10.1038/s41564-019-0510-x)
IMGVR_UViG_3300006477_000068	3300006477	Ga0100232_104358	Host-associated;Human;Digestive system;Oral cavity	vOTU_00000596	4801	0	4801	true	8	8	0	3	Linear	0.943	High-confidence	60.84	0.0	Genome fragment	r__Monodnaviria;k__Loebvirae;p__Hofneiviricota;c__Faserviricetes;o__Tubulavirales;f__Inoviridae;;	geNomad	d__Bacteria;p__Proteobacteria;c__Gammaproteobacteria;o__Burkholderiales;f__Neisseriaceae;g__Neisseria;	CRISPR spacer match	Inoviruses (10.1038/s41564-019-0510-x)
IMGVR_UViG_3300006479_000065	3300006479	Ga0100247_1002583	Host-associated;Human;Digestive system;Oral cavity	vOTU_00000597	7548	1	7548	false	13	13	0	3	Provirus	0.8351	High-confidence	94.10	0.0	High-quality	r__Monodnaviria;k__Loebvirae;p__Hofneiviricota;c__Faserviricetes;o__Tubulavirales;f__Inoviridae;;	geNomad	;;;;;;		Inoviruses (10.1038/s41564-019-0510-x)
IMGVR_UViG_3300006479_000066	3300006479	Ga0100247_1005193	Host-associated;Human;Digestive system;Oral cavity	vOTU_00000575	3397	1982	5378	false	8	8	0	1	Provirus	0.8337	High-confidence	NA	0.0	Unsure	r__Monodnaviria;;;;;;;	NR (doi:10.5281/zenodo.6574914)	d__Bacteria;p__Patescibacteria;c__Saccharimonadia;o__Saccharimonadales;f__Nanosynbacteraceae;;	k-mer match	Inoviruses (10.1038/s41564-019-0510-x)
IMGVR_UViG_3300006488_000021	3300006488	Ga0100250_101148	Host-associated;Human;Digestive system;Oral cavity	vOTU_00000598	7953	0	7953	true	13	13	0	6	Linear	0.9419	High-confidence	95.76	0.0	High-quality	r__Monodnaviria;k__Loebvirae;p__Hofneiviricota;c__Faserviricetes;o__Tubulavirales;f__Inoviridae;;	geNomad	d__Bacteria;p__Proteobacteria;c__Gammaproteobacteria;;;;	CRISPR spacer match	Inoviruses (10.1038/s41564-019-0510-x)
IMGVR_UViG_3300006499_000093	3300006499	Ga0100371_102903	Host-associated;Human;Digestive system;Large intestine	vOTU_00000599	8224	1	8224	false	13	13	0		Provirus	0.5551	High-confidence	NA	0.0	Unsure	r__Monodnaviria;;;;;;;	vOTU consensus	;;;;;;		Inoviruses (10.1038/s41564-019-0510-x)
IMGVR_UViG_3300006499_000094	3300006499	Ga0100371_103167	Host-associated;Human;Digestive system;Large intestine	vOTU_00000600	6732	1031	7762	false	17	17	0	4	Provirus	0.4709	High-confidence	NA	0.0	Unsure	r__Monodnaviria;k__Loebvirae;p__Hofneiviricota;c__Faserviricetes;o__Tubulavirales;f__Inoviridae;;	geNomad	d__Bacteria;p__Bacteroidota;c__Bacteroidia;o__Bacteroidales;f__Dysgonomonadaceae;;	k-mer match	Inoviruses (10.1038/s41564-019-0510-x)
IMGVR_UViG_3300006499_000095	3300006499	Ga0100371_104510	Host-associated;Human;Digestive system;Large intestine	vOTU_00000601	5234	0	5234	true	11	11	0		Linear	0.5475	High-confidence	NA	0.0	Unsure	r__Monodnaviria;k__Loebvirae;p__Hofneiviricota;c__Faserviricetes;o__Tubulavirales;f__Inoviridae;;	NR (doi:10.5281/zenodo.6574914)	;;;;;;		Inoviruses (10.1038/s41564-019-0510-x)
IMGVR_UViG_3300006521_000007	3300006521	Ga0101032_100532	Host-associated;Human;Digestive system;Oral cavity	vOTU_00000602	4722	1	4722	false	7	7	0	2	Provirus	0.0641	High-confidence	84.24	0.0	Genome fragment	r__Monodnaviria;k__Loebvirae;p__Hofneiviricota;c__Faserviricetes;o__Tubulavirales;f__Inoviridae;;	geNomad	d__Bacteria;p__Firmicutes;c__Bacilli;o__Lactobacillales;f__Streptococcaceae;g__Streptococcus;	CRISPR spacer match	Inoviruses (10.1038/s41564-019-0510-x)
IMGVR_UViG_3300006524_000113	3300006524	Ga0101033_105762	Host-associated;Human;Digestive system;Oral cavity	vOTU_00000602	5267	1	5267	false	9	9	0	2	Provirus	0.0543	High-confidence	93.98	0.0	High-quality	r__Monodnaviria;k__Loebvirae;p__Hofneiviricota;c__Faserviricetes;o__Tubulavirales;f__Inoviridae;;	geNomad	d__Bacteria;p__Firmicutes;c__Bacilli;o__Lactobacillales;f__Streptococcaceae;g__Streptococcus;	CRISPR spacer match	Inoviruses (10.1038/s41564-019-0510-x)
IMGVR_UViG_3300006525_000127	3300006525	Ga0101027_103486	Host-associated;Human;Digestive system;Large intestine	vOTU_00000603	8357	0	8357	true	15	15	0		Linear	0.084	High-confidence	NA	0.0	Unsure	;;;;;;;		d__Bacteria;p__Verrucomicrobiota;c__Lentisphaeria;o__Victivallales;f__UBA1829;;	CRISPR spacer match	Inoviruses (10.1038/s41564-019-0510-x)
IMGVR_UViG_3300006568_000120	3300006568	Ga0100215_103960	Host-associated;Human;Digestive system;Large intestine	vOTU_00000604	7475	542	8016	false	15	15	0	6	Provirus	0.9498	High-confidence	19.88	0.0	Genome fragment	r__Monodnaviria;k__Loebvirae;p__Hofneiviricota;c__Faserviricetes;o__Tubulavirales;f__Inoviridae;;	geNomad	d__Bacteria;p__Firmicutes_A;c__Clostridia;o__Oscillospirales;f__Ruminococcaceae;g__Ruminococcus_D;	CRISPR spacer match	Inoviruses (10.1038/s41564-019-0510-x)
IMGVR_UViG_3300006678_000109	3300006678	Ga0100058_102373	Host-associated;Human;Digestive system;Oral cavity	vOTU_00000605	8099	1	8099	false	12	12	0	3	Provirus	0.607	High-confidence	90.93	0.0	High-quality	r__Monodnaviria;k__Loebvirae;p__Hofneiviricota;c__Faserviricetes;o__Tubulavirales;f__Inoviridae;;	geNomad	d__Bacteria;p__Campylobacterota;c__Campylobacteria;o__Campylobacterales;f__Campylobacteraceae;g__Campylobacter_A;	CRISPR spacer match	Inoviruses (10.1038/s41564-019-0510-x)
IMGVR_UViG_3300006722_000024	3300006722	Ga0101786_100983	Host-associated;Human;Digestive system;Large intestine	vOTU_00000606	6304	0	6304	true	9	9	0	1	Linear	0.1536	High-confidence	79.40	0.0	Genome fragment	r__Monodnaviria;k__Loebvirae;p__Hofneiviricota;c__Faserviricetes;o__Tubulavirales;;;	geNomad	d__Bacteria;p__Firmicutes_A;c__Clostridia;o__Lachnospirales;f__Lachnospiraceae;g__Agathobacter;	CRISPR spacer match	Inoviruses (10.1038/s41564-019-0510-x)
IMGVR_UViG_3300006742_000062	3300006742	Ga0101805_100999	Host-associated;Human;Digestive system;Oral cavity	vOTU_00000607	7787	1	7787	false	13	13	0	4	Provirus	0.8307	High-confidence	93.77	0.0	High-quality	r__Monodnaviria;k__Loebvirae;p__Hofneiviricota;c__Faserviricetes;o__Tubulavirales;f__Inoviridae;;	geNomad	d__Bacteria;p__Proteobacteria;c__Gammaproteobacteria;o__Enterobacterales;f__Pasteurellaceae;;	k-mer match	Inoviruses (10.1038/s41564-019-0510-x)
IMGVR_UViG_3300006742_000063	3300006742	Ga0101805_101096	Host-associated;Human;Digestive system;Oral cavity	vOTU_00000608	6529	1	6529	false	10	10	0	4	Provirus	0.8214	High-confidence	79.01	0.0	Genome fragment	r__Monodnaviria;k__Loebvirae;p__Hofneiviricota;c__Faserviricetes;o__Tubulavirales;f__Inoviridae;;	geNomad	d__Bacteria;p__Proteobacteria;c__Gammaproteobacteria;o__Enterobacterales;f__Pasteurellaceae;g__Haemophilus_D;	k-mer match	Inoviruses (10.1038/s41564-019-0510-x)
IMGVR_UViG_3300006742_000064	3300006742	Ga0101805_101855	Host-associated;Human;Digestive system;Oral cavity	vOTU_00000609	4731	1	4731	false	9	9	0	6	Provirus	0.9379	High-confidence	54.97	0.0	Genome fragment	r__Monodnaviria;k__Loebvirae;p__Hofneiviricota;c__Faserviricetes;o__Tubulavirales;f__Inoviridae;;	geNomad	d__Bacteria;p__Proteobacteria;c__Gammaproteobacteria;o__Burkholderiales;f__Neisseriaceae;g__Neisseria;	CRISPR spacer match	Inoviruses (10.1038/s41564-019-0510-x)
IMGVR_UViG_3300006742_000065	3300006742	Ga0101805_101989	Host-associated;Human;Digestive system;Oral cavity	vOTU_00000610	4654	248	4901	false	9	9	0	3	Provirus	0.9065	High-confidence	87.70	0.0	Genome fragment	r__Monodnaviria;k__Loebvirae;p__Hofneiviricota;c__Faserviricetes;o__Tubulavirales;f__Inoviridae;;	NR (doi:10.5281/zenodo.6574914)	d__Bacteria;p__Patescibacteria;c__Saccharimonadia;o__Saccharimonadales;f__Nanogingivalaceae;g__Nanogingivalis;	CRISPR spacer match	Inoviruses (10.1038/s41564-019-0510-x)
IMGVR_UViG_3300006743_000022	3300006743	Ga0101795_101020	Host-associated;Human;Digestive system;Oral cavity	vOTU_00000611	10831	0	10831	true	17	17	0	5	Linear	0.1298	High-confidence	100.00	0.0	High-quality	r__Monodnaviria;k__Loebvirae;p__Hofneiviricota;c__Faserviricetes;o__Tubulavirales;f__Inoviridae;;	geNomad	d__Bacteria;p__Campylobacterota;c__Campylobacteria;o__Campylobacterales;f__Campylobacteraceae;g__Campylobacter_B;	CRISPR spacer match	Inoviruses (10.1038/s41564-019-0510-x)
IMGVR_UViG_3300006743_000023	3300006743	Ga0101795_101353	Host-associated;Human;Digestive system;Oral cavity	vOTU_00000612	7548	1242	8789	false	12	12	0	6	Provirus	0.9014	High-confidence	89.96	0.0	Genome fragment	r__Monodnaviria;k__Loebvirae;p__Hofneiviricota;c__Faserviricetes;o__Tubulavirales;f__Inoviridae;;	geNomad	d__Bacteria;p__Proteobacteria;c__Gammaproteobacteria;o__Burkholderiales;f__Neisseriaceae;g__Neisseria;	CRISPR spacer match	Inoviruses (10.1038/s41564-019-0510-x)
IMGVR_UViG_3300006744_000076	3300006744	Ga0101797_1000714	Host-associated;Human;Digestive system;Oral cavity	vOTU_00000613	9358	1805	11162	false	13	13	0	4	Provirus	0.9348	High-confidence	100.00	0.0	High-quality	r__Monodnaviria;k__Loebvirae;p__Hofneiviricota;c__Faserviricetes;o__Tubulavirales;f__Inoviridae;;	geNomad	d__Bacteria;p__Proteobacteria;c__Gammaproteobacteria;o__Burkholderiales;f__Neisseriaceae;g__Kingella_B;	CRISPR spacer match	Inoviruses (10.1038/s41564-019-0510-x)
IMGVR_UViG_3300006745_000086	3300006745	Ga0101799_101887	Host-associated;Human;Digestive system;Oral cavity	vOTU_00000609	8026	1	8026	false	13	13	0	7	Provirus	0.9438	High-confidence	95.32	0.0	High-quality	r__Monodnaviria;k__Loebvirae;p__Hofneiviricota;c__Faserviricetes;o__Tubulavirales;f__Inoviridae;;	geNomad	d__Bacteria;p__Proteobacteria;c__Gammaproteobacteria;o__Burkholderiales;f__Neisseriaceae;g__Neisseria;	CRISPR spacer match	Inoviruses (10.1038/s41564-019-0510-x)
IMGVR_UViG_3300006746_000064	3300006746	Ga0101796_101795	Host-associated;Human;Digestive system;Large intestine	vOTU_00000614	7568	1112	8679	false	13	13	0	6	Provirus	0.9316	High-confidence	20.13	0.0	Genome fragment	r__Monodnaviria;k__Loebvirae;p__Hofneiviricota;c__Faserviricetes;o__Tubulavirales;f__Inoviridae;;	geNomad	d__Bacteria;p__Firmicutes_A;c__Clostridia;o__Oscillospirales;f__Ruminococcaceae;g__Ruminococcus_D;	CRISPR spacer match	Inoviruses (10.1038/s41564-019-0510-x)
IMGVR_UViG_3300006748_000094	3300006748	Ga0101800_102425	Host-associated;Human;Digestive system;Oral cavity	vOTU_00000615	7831	0	7831	true	15	15	0	6	Linear	0.8289	High-confidence	94.69	0.0	High-quality	r__Monodnaviria;k__Loebvirae;p__Hofneiviricota;c__Faserviricetes;o__Tubulavirales;f__Inoviridae;;	geNomad	d__Bacteria;p__Proteobacteria;c__Gammaproteobacteria;o__Enterobacterales;f__Pasteurellaceae;g__Haemophilus_D;	k-mer match	Inoviruses (10.1038/s41564-019-0510-x)
IMGVR_UViG_3300006748_000095	3300006748	Ga0101800_103278	Host-associated;Human;Digestive system;Oral cavity	vOTU_00000616	5657	1	5657	false	8	8	0	3	Provirus	0.9453	High-confidence	49.17	30.67	Genome fragment	r__Monodnaviria;k__Loebvirae;p__Hofneiviricota;c__Faserviricetes;o__Tubulavirales;f__Inoviridae;;	geNomad	d__Bacteria;p__Proteobacteria;c__Gammaproteobacteria;o__Burkholderiales;f__Neisseriaceae;g__Neisseria;	CRISPR spacer match	Inoviruses (10.1038/s41564-019-0510-x)
IMGVR_UViG_3300006748_000096	3300006748	Ga0101800_103893	Host-associated;Human;Digestive system;Oral cavity	vOTU_00000617	5261	0	5261	true	7	7	0	4	Linear	0.9657	High-confidence	61.63	0.0	Genome fragment	r__Monodnaviria;k__Loebvirae;p__Hofneiviricota;c__Faserviricetes;o__Tubulavirales;f__Inoviridae;;	geNomad	d__Bacteria;p__Proteobacteria;c__Gammaproteobacteria;o__Burkholderiales;f__Neisseriaceae;g__Neisseria;	CRISPR spacer match	Inoviruses (10.1038/s41564-019-0510-x)
IMGVR_UViG_3300006748_000097	3300006748	Ga0101800_104282	Host-associated;Human;Digestive system;Oral cavity	vOTU_00000618	4826	0	4826	true	8	8	0	4	Linear	0.9433	High-confidence	56.29	0.0	Genome fragment	r__Monodnaviria;k__Loebvirae;p__Hofneiviricota;c__Faserviricetes;o__Tubulavirales;f__Inoviridae;;	geNomad	d__Bacteria;p__Proteobacteria;c__Gammaproteobacteria;o__Burkholderiales;f__Neisseriaceae;g__Neisseria;	CRISPR spacer match	Inoviruses (10.1038/s41564-019-0510-x)
IMGVR_UViG_3300006832_000069	3300006832	Ga0099611_100795	Host-associated;Human;Digestive system;Oral cavity	vOTU_00000619	10214	2241	12454	false	13	13	0	1	Provirus	0.5088	High-confidence	NA	0.0	Unsure	r__Monodnaviria;k__Loebvirae;p__Hofneiviricota;c__Faserviricetes;o__Tubulavirales;;;	geNomad	d__Bacteria;p__Campylobacterota;c__Campylobacteria;o__Campylobacterales;f__Campylobacteraceae;g__Campylobacter_A;	CRISPR spacer match	Inoviruses (10.1038/s41564-019-0510-x)
IMGVR_UViG_3300006879_000269	3300006879	Ga0079226_10008183	Environmental;Terrestrial;Soil;Agricultural land	vOTU_00000620	7872	0	7872	true	14	14	0	3	Linear	0.6808	High-confidence	88.04	0.0	Genome fragment	r__Monodnaviria;k__Loebvirae;p__Hofneiviricota;c__Faserviricetes;o__Tubulavirales;f__Inoviridae;;	geNomad	;;;;;;		Inoviruses (10.1038/s41564-019-0510-x)
IMGVR_UViG_3300006931_000040	3300006931	Ga0097620_100037246	Host-associated;Plants;Roots;Rhizosphere	vOTU_00000621	4882	0	4882	true	8	8	0	2	Linear	0.5995	High-confidence	59.96	0.0	Genome fragment	r__Monodnaviria;k__Loebvirae;p__Hofneiviricota;c__Faserviricetes;o__Tubulavirales;f__Inoviridae;;	NR (doi:10.5281/zenodo.6574914)	;;;;;;		Inoviruses (10.1038/s41564-019-0510-x)
IMGVR_UViG_3300006931_000041	3300006931	Ga0097620_100060575	Host-associated;Plants;Roots;Rhizosphere	vOTU_00000622	3814	0	3814	true	8	8	0	2	Linear	0.4396	High-confidence	57.11	0.0	Genome fragment	r__Monodnaviria;k__Loebvirae;p__Hofneiviricota;c__Faserviricetes;o__Tubulavirales;f__Inoviridae;;	NR (doi:10.5281/zenodo.6574914)	;;;;;;		Inoviruses (10.1038/s41564-019-0510-x)
IMGVR_UViG_3300006996_000010	3300006996	Ga0102724_100572	Host-associated;Human;Digestive system;Oral cavity	vOTU_00000623	4040	0	4040	true	8	8	0	2	Linear	0.9281	High-confidence	47.36	0.0	Genome fragment	r__Monodnaviria;k__Loebvirae;p__Hofneiviricota;c__Faserviricetes;o__Tubulavirales;f__Inoviridae;;	geNomad	d__Bacteria;p__Proteobacteria;c__Gammaproteobacteria;o__Burkholderiales;f__Neisseriaceae;g__Neisseria;	CRISPR spacer match	Inoviruses (10.1038/s41564-019-0510-x)
IMGVR_UViG_3300007024_000009	3300007024	Ga0102596_100312	Host-associated;Human;Digestive system;Oral cavity	vOTU_00000624	5563	0	5563	true	8	8	0	1	Direct terminal repeat	0.0118	High-confidence	100.00	0.0	High-quality	r__Monodnaviria;k__Loebvirae;p__Hofneiviricota;c__Faserviricetes;o__Tubulavirales;;;	geNomad	d__Bacteria;p__Firmicutes;c__Bacilli;o__Lactobacillales;f__Streptococcaceae;g__Streptococcus;	CRISPR spacer match	Inoviruses (10.1038/s41564-019-0510-x)
IMGVR_UViG_3300007047_000018	3300007047	Ga0102637_100639	Host-associated;Human;Digestive system;Oral cavity	vOTU_00000625	5590	0	5590	true	10	10	0	2	Direct terminal repeat	0.029	High-confidence	100.00	0.0	High-quality	r__Monodnaviria;k__Loebvirae;p__Hofneiviricota;c__Faserviricetes;o__Tubulavirales;f__Inoviridae;;	geNomad	d__Bacteria;p__Firmicutes;c__Bacilli;o__Lactobacillales;f__Streptococcaceae;g__Streptococcus;	CRISPR spacer match	Inoviruses (10.1038/s41564-019-0510-x)
IMGVR_UViG_3300007065_000036	3300007065	Ga0102727_100634	Host-associated;Human;Digestive system;Oral cavity	vOTU_00000030	7815	1	7815	false	13	13	0	4	Provirus	0.8258	High-confidence	94.17	0.0	High-quality	r__Monodnaviria;k__Loebvirae;p__Hofneiviricota;c__Faserviricetes;o__Tubulavirales;f__Inoviridae;;	geNomad	d__Bacteria;p__Proteobacteria;c__Gammaproteobacteria;o__Enterobacterales;f__Pasteurellaceae;g__Haemophilus_D;	k-mer match	Inoviruses (10.1038/s41564-019-0510-x)
IMGVR_UViG_3300007087_000027	3300007087	Ga0102673_100935	Host-associated;Human;Digestive system;Oral cavity	vOTU_00000625	5595	0	5595	true	9	9	0	2	Direct terminal repeat	0.0416	High-confidence	100.00	0.0	High-quality	r__Monodnaviria;k__Loebvirae;p__Hofneiviricota;c__Faserviricetes;o__Tubulavirales;f__Inoviridae;;	geNomad	d__Bacteria;p__Firmicutes;c__Bacilli;o__Lactobacillales;f__Streptococcaceae;g__Streptococcus;	CRISPR spacer match	Inoviruses (10.1038/s41564-019-0510-x)
IMGVR_UViG_3300007091_000029	3300007091	Ga0104058_100735	Host-associated;Human;Digestive system;Oral cavity	vOTU_00000030	7930	431	8360	false	13	13	0	4	Provirus	0.9037	High-confidence	95.59	0.0	High-quality	r__Monodnaviria;k__Loebvirae;p__Hofneiviricota;c__Faserviricetes;o__Tubulavirales;f__Inoviridae;;	geNomad	d__Bacteria;p__Proteobacteria;c__Gammaproteobacteria;o__Enterobacterales;f__Pasteurellaceae;;	k-mer match	Inoviruses (10.1038/s41564-019-0510-x)
IMGVR_UViG_3300007093_000057	3300007093	Ga0104055_1002897	Host-associated;Human;Digestive system;Oral cavity	vOTU_00000607	4954	0	4954	true	7	7	0	2	Linear	0.8089	High-confidence	59.66	0.0	Genome fragment	r__Monodnaviria;k__Loebvirae;p__Hofneiviricota;c__Faserviricetes;o__Tubulavirales;f__Inoviridae;;	geNomad	d__Bacteria;p__Proteobacteria;c__Gammaproteobacteria;o__Enterobacterales;f__Pasteurellaceae;;	k-mer match	Inoviruses (10.1038/s41564-019-0510-x)
IMGVR_UViG_3300007093_000058	3300007093	Ga0104055_1003998	Host-associated;Human;Digestive system;Oral cavity	vOTU_00000626	3877	0	3877	true	8	8	0	3	Linear	0.7951	High-confidence	47.09	0.0	Genome fragment	r__Monodnaviria;k__Loebvirae;p__Hofneiviricota;c__Faserviricetes;o__Tubulavirales;f__Inoviridae;;	geNomad	d__Bacteria;p__Proteobacteria;c__Gammaproteobacteria;o__Enterobacterales;f__Pasteurellaceae;;	k-mer match	Inoviruses (10.1038/s41564-019-0510-x)
IMGVR_UViG_3300007096_000061	3300007096	Ga0102538_101220	Host-associated;Human;Digestive system;Oral cavity	vOTU_00000031	7721	1687	9407	false	13	13	0	6	Provirus	0.9082	High-confidence	96.25	0.0	High-quality	r__Monodnaviria;k__Loebvirae;p__Hofneiviricota;c__Faserviricetes;o__Tubulavirales;f__Inoviridae;;	geNomad	d__Bacteria;p__Proteobacteria;c__Gammaproteobacteria;o__Enterobacterales;f__Pasteurellaceae;;	k-mer match	Inoviruses (10.1038/s41564-019-0510-x)
IMGVR_UViG_3300007096_000062	3300007096	Ga0102538_102108	Host-associated;Human;Digestive system;Oral cavity	vOTU_00000030	6512	1	6512	false	11	11	0	3	Provirus	0.7437	High-confidence	77.55	0.0	Genome fragment	r__Monodnaviria;k__Loebvirae;p__Hofneiviricota;c__Faserviricetes;o__Tubulavirales;f__Inoviridae;;	geNomad	d__Bacteria;p__Proteobacteria;c__Gammaproteobacteria;o__Enterobacterales;f__Pasteurellaceae;g__Haemophilus_D;	k-mer match	Inoviruses (10.1038/s41564-019-0510-x)
IMGVR_UViG_3300007098_000081	3300007098	Ga0102540_102625	Host-associated;Human;Digestive system;Large intestine	vOTU_00000627	4738	690	5427	false	11	11	0	1	Provirus	0.839	High-confidence	NA	0.0	Unsure	r__Monodnaviria;k__Loebvirae;p__Hofneiviricota;c__Faserviricetes;o__Tubulavirales;;;	geNomad	d__Bacteria;p__Firmicutes_A;c__Clostridia;o__Oscillospirales;f__Ruminococcaceae;g__Ruminiclostridium_E;	CRISPR spacer match	Inoviruses (10.1038/s41564-019-0510-x)
IMGVR_UViG_3300007100_000071	3300007100	Ga0102544_104447	Host-associated;Human;Digestive system;Oral cavity	vOTU_00000628	5100	0	5100	true	9	9	0	3	Linear	0.9207	High-confidence	64.03	0.0	Genome fragment	r__Monodnaviria;k__Loebvirae;p__Hofneiviricota;c__Faserviricetes;o__Tubulavirales;f__Inoviridae;;	geNomad	;;;;;;		Inoviruses (10.1038/s41564-019-0510-x)
IMGVR_UViG_3300007104_000034	3300007104	Ga0102629_101411	Host-associated;Human;Digestive system;Oral cavity	vOTU_00000629	6895	0	6895	true	14	14	0	2	Linear	0.7823	High-confidence	87.46	0.0	Genome fragment	r__Monodnaviria;k__Loebvirae;p__Hofneiviricota;c__Faserviricetes;o__Tubulavirales;f__Inoviridae;;	geNomad	d__Bacteria;p__Proteobacteria;c__Gammaproteobacteria;o__Burkholderiales;f__Neisseriaceae;;	CRISPR spacer match	Inoviruses (10.1038/s41564-019-0510-x)
IMGVR_UViG_3300007105_000079	3300007105	Ga0102630_103857	Host-associated;Human;Digestive system;Large intestine	vOTU_00000630	4926	521	5446	false	10	10	0	3	Provirus	0.102	High-confidence	95.00	0.0	High-quality	r__Monodnaviria;k__Loebvirae;p__Hofneiviricota;c__Faserviricetes;o__Tubulavirales;f__Inoviridae;;	geNomad	;;;;;;		Inoviruses (10.1038/s41564-019-0510-x)
IMGVR_UViG_3300007107_000140	3300007107	Ga0102632_1005189	Host-associated;Human;Digestive system;Oral cavity	vOTU_00000631	4867	147	5013	false	9	9	0	1	Provirus	0.9444	High-confidence	82.24	0.0	Genome fragment	r__Monodnaviria;k__Loebvirae;p__Hofneiviricota;c__Faserviricetes;o__Tubulavirales;f__Inoviridae;;	NR (doi:10.5281/zenodo.6574914)	d__Bacteria;p__Patescibacteria;c__Saccharimonadia;o__Saccharimonadales;f__Nanosynbacteraceae;g__Nanosynbacter;	CRISPR spacer match	Inoviruses (10.1038/s41564-019-0510-x)
IMGVR_UViG_3300007109_000096	3300007109	Ga0102633_102714	Host-associated;Human;Digestive system;Large intestine	vOTU_00000632	7258	1172	8429	false	14	14	0	2	Provirus	0.2254	High-confidence	NA	0.0	Unsure	r__Monodnaviria;k__Loebvirae;p__Hofneiviricota;c__Faserviricetes;o__Tubulavirales;f__Inoviridae;;	geNomad	d__Bacteria;p__Firmicutes_A;c__Clostridia;o__Oscillospirales;f__Ruminococcaceae;g__Ruminiclostridium_E;	CRISPR spacer match	Inoviruses (10.1038/s41564-019-0510-x)
IMGVR_UViG_3300007109_000097	3300007109	Ga0102633_102842	Host-associated;Human;Digestive system;Large intestine	vOTU_00000633	7126	693	7818	false	13	13	0	2	Provirus	0.7979	High-confidence	5.23	0.0	Genome fragment	r__Duplodnaviria;k__Heunggongvirae;p__Uroviricota;c__Caudoviricetes;;;;	geNomad	d__Bacteria;p__Firmicutes_A;c__Clostridia;o__Oscillospirales;f__Ruminococcaceae;g__Ruminiclostridium_E;	CRISPR spacer match	Inoviruses (10.1038/s41564-019-0510-x)
IMGVR_UViG_3300007109_000099	3300007109	Ga0102633_106339	Host-associated;Human;Digestive system;Large intestine	vOTU_00000634	3561	0	3561	true	8	8	0	3	Linear	0.8982	High-confidence	56.58	0.0	Genome fragment	r__Monodnaviria;k__Loebvirae;p__Hofneiviricota;c__Faserviricetes;o__Tubulavirales;f__Inoviridae;;	NR (doi:10.5281/zenodo.6574914)	;;;;;;		Inoviruses (10.1038/s41564-019-0510-x)
IMGVR_UViG_3300007119_000079	3300007119	Ga0102640_1005314	Host-associated;Human;Digestive system;Oral cavity	vOTU_00000635	5299	0	5299	true	8	8	0	3	Linear	0.8957	High-confidence	67.29	0.0	Genome fragment	r__Monodnaviria;k__Loebvirae;p__Hofneiviricota;c__Faserviricetes;o__Tubulavirales;f__Inoviridae;;	geNomad	d__Bacteria;p__Proteobacteria;c__Gammaproteobacteria;o__Burkholderiales;f__Neisseriaceae;g__Neisseria;	CRISPR spacer match	Inoviruses (10.1038/s41564-019-0510-x)
IMGVR_UViG_3300007119_000080	3300007119	Ga0102640_1006590	Host-associated;Human;Digestive system;Oral cavity	vOTU_00000636	4441	0	4441	true	9	9	0	3	Linear	0.8046	High-confidence	59.13	0.0	Genome fragment	r__Monodnaviria;k__Loebvirae;p__Hofneiviricota;c__Faserviricetes;o__Tubulavirales;f__Inoviridae;;	geNomad	d__Bacteria;p__Proteobacteria;c__Gammaproteobacteria;o__Burkholderiales;f__Neisseriaceae;;	CRISPR spacer match	Inoviruses (10.1038/s41564-019-0510-x)
IMGVR_UViG_3300007121_000036	3300007121	Ga0102671_101637	Host-associated;Human;Digestive system;Oral cavity	vOTU_00000030	8077	358	8434	false	13	13	0	4	Provirus	0.8773	High-confidence	97.37	0.0	High-quality	r__Monodnaviria;k__Loebvirae;p__Hofneiviricota;c__Faserviricetes;o__Tubulavirales;f__Inoviridae;;	geNomad	d__Bacteria;p__Proteobacteria;c__Gammaproteobacteria;o__Enterobacterales;f__Pasteurellaceae;g__Haemophilus_D;	k-mer match	Inoviruses (10.1038/s41564-019-0510-x)
IMGVR_UViG_3300007121_000037	3300007121	Ga0102671_103145	Host-associated;Human;Digestive system;Oral cavity	vOTU_00000625	5280	0	5280	true	8	8	0	2	Linear	0.0478	High-confidence	96.36	0.0	High-quality	r__Monodnaviria;k__Loebvirae;p__Hofneiviricota;c__Faserviricetes;o__Tubulavirales;f__Inoviridae;;	geNomad	d__Bacteria;p__Firmicutes;c__Bacilli;o__Lactobacillales;f__Streptococcaceae;g__Streptococcus;	CRISPR spacer match	Inoviruses (10.1038/s41564-019-0510-x)
IMGVR_UViG_3300007123_000116	3300007123	Ga0102684_103521	Host-associated;Human;Digestive system;Oral cavity	vOTU_00000637	6436	0	6436	true	10	10	0	5	Linear	0.8639	High-confidence	72.26	0.0	Genome fragment	r__Monodnaviria;k__Loebvirae;p__Hofneiviricota;c__Faserviricetes;o__Tubulavirales;f__Inoviridae;;	geNomad	d__Bacteria;p__Campylobacterota;c__Campylobacteria;o__Campylobacterales;f__Campylobacteraceae;g__Campylobacter_A;	CRISPR spacer match	Inoviruses (10.1038/s41564-019-0510-x)
IMGVR_UViG_3300007124_000118	3300007124	Ga0102685_104876	Host-associated;Human;Digestive system;Oral cavity	vOTU_00000638	5402	0	5402	true	10	10	0	5	Linear	0.9468	High-confidence	63.27	0.0	Genome fragment	r__Monodnaviria;k__Loebvirae;p__Hofneiviricota;c__Faserviricetes;o__Tubulavirales;f__Inoviridae;;	geNomad	d__Bacteria;p__Proteobacteria;c__Gammaproteobacteria;o__Burkholderiales;f__Neisseriaceae;g__Neisseria;	CRISPR spacer match	Inoviruses (10.1038/s41564-019-0510-x)
IMGVR_UViG_3300007125_000192	3300007125	Ga0102700_1005078	Host-associated;Human;Digestive system;Oral cavity	vOTU_00000639	6345	106	6450	false	11	11	0		Provirus	0.3889	High-confidence	100.00	0.0	High-quality	r__Monodnaviria;k__Loebvirae;p__Hofneiviricota;c__Faserviricetes;o__Tubulavirales;f__Inoviridae;;	NR (doi:10.5281/zenodo.6574914)	d__Bacteria;p__Patescibacteria;c__Saccharimonadia;o__Saccharimonadales;f__Nanosynbacteraceae;g__Nanosynbacter;	CRISPR spacer match	Inoviruses (10.1038/s41564-019-0510-x)
IMGVR_UViG_3300007125_000193	3300007125	Ga0102700_1006208	Host-associated;Human;Digestive system;Oral cavity	vOTU_00000031	5685	0	5685	true	9	9	0	4	Linear	0.9297	High-confidence	70.35	0.0	Genome fragment	r__Monodnaviria;k__Loebvirae;p__Hofneiviricota;c__Faserviricetes;o__Tubulavirales;f__Inoviridae;;	geNomad	d__Bacteria;p__Proteobacteria;c__Gammaproteobacteria;o__Enterobacterales;f__Pasteurellaceae;;	k-mer match	Inoviruses (10.1038/s41564-019-0510-x)
IMGVR_UViG_3300007125_000194	3300007125	Ga0102700_1007885	Host-associated;Human;Digestive system;Oral cavity	vOTU_00000640	4632	0	4632	true	10	10	0		Linear	0.5322	High-confidence	78.27	0.0	Genome fragment	r__Monodnaviria;k__Loebvirae;p__Hofneiviricota;c__Faserviricetes;o__Tubulavirales;f__Inoviridae;;	NR (doi:10.5281/zenodo.6574914)	d__Bacteria;p__Patescibacteria;c__Saccharimonadia;o__Saccharimonadales;f__Nanosynbacteraceae;g__Nanosynbacter;	CRISPR spacer match	Inoviruses (10.1038/s41564-019-0510-x)
IMGVR_UViG_3300007126_000049	3300007126	Ga0102717_102356	Host-associated;Human;Digestive system;Oral cavity	vOTU_00000641	7589	1092	8680	false	11	11	0	4	Provirus	0.847	High-confidence	97.69	0.0	High-quality	r__Monodnaviria;k__Loebvirae;p__Hofneiviricota;c__Faserviricetes;o__Tubulavirales;f__Inoviridae;;	geNomad	d__Bacteria;p__Proteobacteria;c__Gammaproteobacteria;o__Burkholderiales;f__Neisseriaceae;g__Neisseria;	CRISPR spacer match	Inoviruses (10.1038/s41564-019-0510-x)
IMGVR_UViG_3300007128_000046	3300007128	Ga0102725_102113	Host-associated;Human;Digestive system;Oral cavity	vOTU_00000642	4709	556	5264	false	7	7	0	3	Provirus	0.9682	High-confidence	59.58	0.0	Genome fragment	r__Monodnaviria;k__Loebvirae;p__Hofneiviricota;c__Faserviricetes;o__Tubulavirales;f__Inoviridae;;	geNomad	d__Bacteria;p__Proteobacteria;c__Gammaproteobacteria;o__Burkholderiales;f__Neisseriaceae;g__Neisseria;	CRISPR spacer match	Inoviruses (10.1038/s41564-019-0510-x)
IMGVR_UViG_3300007135_000058	3300007135	Ga0102639_101292	Host-associated;Human;Digestive system;Oral cavity	vOTU_00000643	8805	1	8805	false	13	13	0	4	Provirus	0.8555	High-confidence	100.00	0.0	High-quality	r__Monodnaviria;k__Loebvirae;p__Hofneiviricota;c__Faserviricetes;o__Tubulavirales;f__Inoviridae;;	geNomad	;;;;;;		Inoviruses (10.1038/s41564-019-0510-x)
IMGVR_UViG_3300007194_000071	3300007194	Ga0103269_107005	Host-associated;Human;Digestive system;Oral cavity	vOTU_00000644	3492	0	3492	true	8	8	0	2	Linear	0.9352	High-confidence	79.68	0.0	Genome fragment	r__Monodnaviria;k__Loebvirae;p__Hofneiviricota;c__Faserviricetes;o__Tubulavirales;f__Inoviridae;;	NR (doi:10.5281/zenodo.6574914)	;;;;;;		Inoviruses (10.1038/s41564-019-0510-x)
IMGVR_UViG_3300007208_000098	3300007208	Ga0103291_104994	Host-associated;Human;Digestive system;Oral cavity	vOTU_00000645	4919	0	4919	true	7	7	0	2	Linear	0.8698	High-confidence	60.47	0.0	Genome fragment	r__Monodnaviria;k__Loebvirae;p__Hofneiviricota;c__Faserviricetes;o__Tubulavirales;f__Inoviridae;;	geNomad	d__Bacteria;p__Proteobacteria;;;;;	k-mer match	Inoviruses (10.1038/s41564-019-0510-x)
IMGVR_UViG_3300007208_000099	3300007208	Ga0103291_105543	Host-associated;Human;Digestive system;Oral cavity	vOTU_00000646	4380	0	4380	true	8	8	0	2	Linear	0.7187	High-confidence	82.30	0.0	Genome fragment	r__Monodnaviria;k__Loebvirae;p__Hofneiviricota;c__Faserviricetes;o__Tubulavirales;f__Inoviridae;;	NR (doi:10.5281/zenodo.6574914)	d__Bacteria;p__Patescibacteria;c__Saccharimonadia;o__Saccharimonadales;f__Nanogingivalaceae;;	CRISPR spacer match	Inoviruses (10.1038/s41564-019-0510-x)
IMGVR_UViG_3300007220_000098	3300007220	Ga0104054_103225	Host-associated;Human;Digestive system;Oral cavity	vOTU_00000647	7765	1171	8935	false	12	12	0	5	Provirus	0.9461	High-confidence	91.35	0.0	High-quality	r__Monodnaviria;k__Loebvirae;p__Hofneiviricota;c__Faserviricetes;o__Tubulavirales;f__Inoviridae;;	geNomad	d__Bacteria;p__Proteobacteria;c__Gammaproteobacteria;o__Burkholderiales;f__Neisseriaceae;g__Neisseria;	CRISPR spacer match	Inoviruses (10.1038/s41564-019-0510-x)
IMGVR_UViG_3300007220_000099	3300007220	Ga0104054_103241	Host-associated;Human;Digestive system;Oral cavity	vOTU_00000648	7547	1340	8886	false	13	13	0	5	Provirus	0.8639	High-confidence	81.98	0.0	Genome fragment	r__Monodnaviria;k__Loebvirae;p__Hofneiviricota;c__Faserviricetes;o__Tubulavirales;f__Inoviridae;;	geNomad	d__Bacteria;p__Campylobacterota;c__Campylobacteria;o__Campylobacterales;f__Campylobacteraceae;g__Campylobacter_A;	CRISPR spacer match	Inoviruses (10.1038/s41564-019-0510-x)
IMGVR_UViG_3300007268_000012	3300007268	Ga0104869_100128	Host-associated;Human;Digestive system;Oral cavity	vOTU_00000615	6820	377	7196	false	11	11	0	4	Provirus	0.6974	High-confidence	82.53	0.0	Genome fragment	r__Monodnaviria;k__Loebvirae;p__Hofneiviricota;c__Faserviricetes;o__Tubulavirales;f__Inoviridae;;	geNomad	d__Bacteria;p__Proteobacteria;c__Gammaproteobacteria;o__Enterobacterales;f__Pasteurellaceae;g__Haemophilus_D;	k-mer match	Inoviruses (10.1038/s41564-019-0510-x)
IMGVR_UViG_3300007285_000030	3300007285	Ga0102636_101554	Host-associated;Human;Digestive system;Oral cavity	vOTU_00000551	5966	0	5966	true	8	8	0	1	Linear	0.4216	High-confidence	74.58	0.0	Genome fragment	r__Monodnaviria;k__Loebvirae;p__Hofneiviricota;c__Faserviricetes;o__Tubulavirales;f__Inoviridae;;	NR (doi:10.5281/zenodo.6574914)	d__Bacteria;p__Proteobacteria;c__Gammaproteobacteria;o__Enterobacterales;f__Pasteurellaceae;g__Haemophilus_D;	k-mer match	Inoviruses (10.1038/s41564-019-0510-x)
IMGVR_UViG_3300007285_000031	3300007285	Ga0102636_101798	Host-associated;Human;Digestive system;Oral cavity	vOTU_00000649	4845	236	5080	false	9	9	0	1	Provirus	0.3437	High-confidence	NA	0.0	Unsure	r__Monodnaviria;;;;;;;	NR (doi:10.5281/zenodo.6574914)	d__Bacteria;p__Patescibacteria;c__Saccharimonadia;o__Saccharimonadales;f__Nanogingivalaceae;;	k-mer match	Inoviruses (10.1038/s41564-019-0510-x)
IMGVR_UViG_3300007294_000031	3300007294	Ga0104789_100794	Host-associated;Human;Digestive system;Oral cavity	vOTU_00000650	6548	480	7027	false	15	15	0	4	Provirus	0.9517	High-confidence	88.76	0.0	Genome fragment	r__Monodnaviria;k__Loebvirae;p__Hofneiviricota;c__Faserviricetes;o__Tubulavirales;f__Inoviridae;;	geNomad	d__Bacteria;p__Proteobacteria;c__Gammaproteobacteria;o__Burkholderiales;f__Neisseriaceae;;	k-mer match	Inoviruses (10.1038/s41564-019-0510-x)
IMGVR_UViG_3300007297_000067	3300007297	Ga0104793_103308	Host-associated;Human;Digestive system;Oral cavity	vOTU_00000651	7434	1	7434	false	13	13	0	1	Provirus	0.4119	High-confidence	100.00	0.0	High-quality	r__Monodnaviria;k__Loebvirae;p__Hofneiviricota;c__Faserviricetes;o__Tubulavirales;f__Inoviridae;;	NR (doi:10.5281/zenodo.6574914)	d__Bacteria;p__Patescibacteria;c__Saccharimonadia;o__Saccharimonadales;f__Nanosynbacteraceae;g__Nanosynbacter;	CRISPR spacer match	Inoviruses (10.1038/s41564-019-0510-x)
IMGVR_UViG_3300007297_000068	3300007297	Ga0104793_103940	Host-associated;Human;Digestive system;Oral cavity	vOTU_00000652	6416	0	6416	true	9	9	0		Linear	0.7987	High-confidence	NA	0.0	Unsure	r__Monodnaviria;k__Loebvirae;p__Hofneiviricota;c__Faserviricetes;o__Tubulavirales;f__Inoviridae;;	NR (doi:10.5281/zenodo.6574914)	d__Bacteria;p__Patescibacteria;c__Saccharimonadia;o__Saccharimonadales;f__Nanosynbacteraceae;g__Nanosynbacter;	k-mer match	Inoviruses (10.1038/s41564-019-0510-x)
IMGVR_UViG_3300007299_000049	3300007299	Ga0104319_1003301	Host-associated;Human;Digestive system;Large intestine	vOTU_00000606	7041	0	7041	true	10	10	0	1	Linear	0.1564	High-confidence	88.58	0.0	Genome fragment	r__Monodnaviria;k__Loebvirae;p__Hofneiviricota;c__Faserviricetes;o__Tubulavirales;;;	geNomad	d__Bacteria;p__Firmicutes_A;c__Clostridia;o__Lachnospirales;f__Lachnospiraceae;g__Agathobacter;	CRISPR spacer match	Inoviruses (10.1038/s41564-019-0510-x)
IMGVR_UViG_3300007300_000081	3300007300	Ga0104843_103940	Host-associated;Human;Digestive system;Oral cavity	vOTU_00000653	5149	1	5149	false	9	9	0		Provirus	0.7035	High-confidence	87.01	0.0	Genome fragment	r__Monodnaviria;k__Loebvirae;p__Hofneiviricota;c__Faserviricetes;o__Tubulavirales;f__Inoviridae;;	NR (doi:10.5281/zenodo.6574914)	d__Bacteria;p__Patescibacteria;c__Saccharimonadia;o__Saccharimonadales;f__Nanosynbacteraceae;g__Nanosynbacter;	CRISPR spacer match	Inoviruses (10.1038/s41564-019-0510-x)
IMGVR_UViG_3300007305_000094	3300007305	Ga0104872_105010	Host-associated;Human;Digestive system;Large intestine	vOTU_00000654	4858	67	4924	false	9	9	0	1	Provirus	0.0462	High-confidence	NA	0.0	Unsure	r__Monodnaviria;k__Loebvirae;p__Hofneiviricota;c__Faserviricetes;o__Tubulavirales;f__Inoviridae;;	NR (doi:10.5281/zenodo.6574914)	d__Bacteria;p__Firmicutes_A;c__Clostridia;o__Oscillospirales;f__Acutalibacteraceae;g__Eubacterium_R;	CRISPR spacer match	Inoviruses (10.1038/s41564-019-0510-x)
IMGVR_UViG_3300007306_000017	3300007306	Ga0104942_100627	Host-associated;Human;Digestive system;Oral cavity	vOTU_00000625	5519	0	5519	true	7	7	0	2	Linear	0.034	High-confidence	98.62	0.0	High-quality	r__Monodnaviria;k__Loebvirae;p__Hofneiviricota;c__Faserviricetes;o__Tubulavirales;f__Inoviridae;;	geNomad	d__Bacteria;p__Firmicutes;c__Bacilli;o__Lactobacillales;f__Streptococcaceae;g__Streptococcus;	CRISPR spacer match	Inoviruses (10.1038/s41564-019-0510-x)
IMGVR_UViG_3300007312_000081	3300007312	Ga0104941_102089	Host-associated;Human;Digestive system;Large intestine	vOTU_00000655	7209	0	7209	true	11	11	0	4	Linear	0.9188	High-confidence	39.13	0.0	Genome fragment	r__Monodnaviria;k__Loebvirae;p__Hofneiviricota;c__Faserviricetes;o__Tubulavirales;f__Inoviridae;;	geNomad	d__Bacteria;p__Firmicutes_A;c__Clostridia;o__Oscillospirales;f__Ruminococcaceae;g__Ruminococcus_D;	CRISPR spacer match	Inoviruses (10.1038/s41564-019-0510-x)
IMGVR_UViG_3300007312_000082	3300007312	Ga0104941_102191	Host-associated;Human;Digestive system;Large intestine	vOTU_00000656	5875	920	6794	false	10	10	0	2	Provirus	0.7163	High-confidence	4.31	0.0	Genome fragment	r__Duplodnaviria;k__Heunggongvirae;p__Uroviricota;c__Caudoviricetes;;;;	geNomad	d__Bacteria;p__Firmicutes_A;c__Clostridia;o__Oscillospirales;f__Ruminococcaceae;g__Ruminiclostridium_E;	CRISPR spacer match	Inoviruses (10.1038/s41564-019-0510-x)
IMGVR_UViG_3300007312_000083	3300007312	Ga0104941_102245	Host-associated;Human;Digestive system;Large intestine	vOTU_00000657	6326	231	6556	false	11	11	0	1	Provirus	0.8046	High-confidence	4.64	0.0	Genome fragment	r__Duplodnaviria;k__Heunggongvirae;p__Uroviricota;c__Caudoviricetes;;;;	geNomad	d__Bacteria;p__Firmicutes_A;c__Clostridia;o__Oscillospirales;f__Ruminococcaceae;g__Ruminiclostridium_E;	CRISPR spacer match	Inoviruses (10.1038/s41564-019-0510-x)
IMGVR_UViG_3300007314_000104	3300007314	Ga0104968_102338	Host-associated;Human;Digestive system;Oral cavity	vOTU_00000658	7870	119	7988	false	9	9	0	1	Provirus	0.4556	High-confidence	NA	0.0	Unsure	r__Monodnaviria;k__Loebvirae;p__Hofneiviricota;c__Faserviricetes;o__Tubulavirales;;;	geNomad	d__Bacteria;p__Campylobacterota;c__Campylobacteria;o__Campylobacterales;f__Campylobacteraceae;g__Campylobacter_A;	CRISPR spacer match	Inoviruses (10.1038/s41564-019-0510-x)
IMGVR_UViG_3300007315_000091	3300007315	Ga0104930_103140	Host-associated;Human;Digestive system;Oral cavity	vOTU_00000659	7067	1	7067	false	10	10	0	1	Provirus	0.8891	High-confidence	100.00	0.0	High-quality	r__Monodnaviria;k__Loebvirae;p__Hofneiviricota;c__Faserviricetes;o__Tubulavirales;f__Inoviridae;;	NR (doi:10.5281/zenodo.6574914)	d__Bacteria;p__Patescibacteria;c__Saccharimonadia;o__Saccharimonadales;f__Nanosynbacteraceae;g__Nanosynbacter;	CRISPR spacer match	Inoviruses (10.1038/s41564-019-0510-x)
IMGVR_UViG_3300007315_000092	3300007315	Ga0104930_103878	Host-associated;Human;Digestive system;Oral cavity	vOTU_00000660	5961	0	5961	true	8	8	0	1	Linear	0.8229	High-confidence	71.86	0.0	Genome fragment	r__Monodnaviria;k__Loebvirae;p__Hofneiviricota;c__Faserviricetes;o__Tubulavirales;f__Inoviridae;;	NR (doi:10.5281/zenodo.6574914)	d__Bacteria;p__Proteobacteria;c__Gammaproteobacteria;o__Enterobacterales;f__Pasteurellaceae;;	k-mer match	Inoviruses (10.1038/s41564-019-0510-x)
IMGVR_UViG_3300007316_000105	3300007316	Ga0104922_103397	Host-associated;Human;Digestive system;Oral cavity	vOTU_00000661	7351	0	7351	true	10	10	0	5	Linear	0.9451	High-confidence	85.92	0.0	Genome fragment	r__Monodnaviria;k__Loebvirae;p__Hofneiviricota;c__Faserviricetes;o__Tubulavirales;f__Inoviridae;;	geNomad	d__Bacteria;p__Proteobacteria;c__Gammaproteobacteria;o__Burkholderiales;f__Neisseriaceae;g__Neisseria;	k-mer match	Inoviruses (10.1038/s41564-019-0510-x)
IMGVR_UViG_3300007318_000077	3300007318	Ga0104925_101463	Host-associated;Human;Digestive system;Oral cavity	vOTU_00000662	6553	350	6902	false	10	10	0	2	Provirus	0.5765	High-confidence	79.28	0.0	Genome fragment	r__Monodnaviria;k__Loebvirae;p__Hofneiviricota;c__Faserviricetes;o__Tubulavirales;f__Inoviridae;;	geNomad	d__Bacteria;p__Proteobacteria;c__Gammaproteobacteria;o__Enterobacterales;f__Pasteurellaceae;g__Haemophilus_D;	k-mer match	Inoviruses (10.1038/s41564-019-0510-x)
IMGVR_UViG_3300007320_000070	3300007320	Ga0104940_1002992	Host-associated;Human;Digestive system;Oral cavity	vOTU_00000663	7345	980	8324	false	14	14	0	5	Provirus	0.9313	High-confidence	76.77	0.0	Genome fragment	r__Monodnaviria;k__Loebvirae;p__Hofneiviricota;c__Faserviricetes;o__Tubulavirales;f__Inoviridae;;	geNomad	;;;;;;		Inoviruses (10.1038/s41564-019-0510-x)
IMGVR_UViG_3300007320_000071	3300007320	Ga0104940_1003249	Host-associated;Human;Digestive system;Oral cavity	vOTU_00000664	7841	0	7841	true	17	17	0	3	Linear	0.9506	High-confidence	100.00	0.0	High-quality	r__Monodnaviria;k__Loebvirae;p__Hofneiviricota;c__Faserviricetes;o__Tubulavirales;f__Inoviridae;;	geNomad	;;;;;;		Inoviruses (10.1038/s41564-019-0510-x)
IMGVR_UViG_3300007320_000072	3300007320	Ga0104940_1006615	Host-associated;Human;Digestive system;Oral cavity	vOTU_00000665	4332	0	4332	true	10	10	0	3	Linear	0.2585	High-confidence	60.91	0.0	Genome fragment	r__Monodnaviria;k__Loebvirae;p__Hofneiviricota;c__Faserviricetes;o__Tubulavirales;f__Inoviridae;;	geNomad	;;;;;;		Inoviruses (10.1038/s41564-019-0510-x)
IMGVR_UViG_3300007335_000072	3300007335	Ga0104969_1002743	Host-associated;Human;Digestive system;Oral cavity	vOTU_00000666	8355	0	8355	true	12	12	0	3	Linear	0.7803	High-confidence	94.42	0.0	High-quality	r__Monodnaviria;k__Loebvirae;p__Hofneiviricota;c__Faserviricetes;o__Tubulavirales;f__Inoviridae;;	geNomad	d__Bacteria;p__Campylobacterota;c__Campylobacteria;o__Campylobacterales;f__Campylobacteraceae;;	CRISPR spacer match	Inoviruses (10.1038/s41564-019-0510-x)
IMGVR_UViG_3300007335_000074	3300007335	Ga0104969_1004669	Host-associated;Human;Digestive system;Oral cavity	vOTU_00000667	5203	1	5203	false	10	10	0	1	Provirus	0.5821	High-confidence	NA	0.0	Unsure	r__Monodnaviria;k__Loebvirae;p__Hofneiviricota;c__Faserviricetes;o__Tubulavirales;f__Inoviridae;;	NR (doi:10.5281/zenodo.6574914)	d__Bacteria;p__Proteobacteria;c__Gammaproteobacteria;o__Burkholderiales;f__Neisseriaceae;;	k-mer match	Inoviruses (10.1038/s41564-019-0510-x)
IMGVR_UViG_3300007345_002997	3300007345	Ga0070752_1006270	Environmental;Aquatic;Marine;Coastal	vOTU_00000668	6644	1	6644	false	11	11	0	6	Provirus	0.7997	High-confidence	87.57	0.0	Genome fragment	r__Monodnaviria;k__Loebvirae;p__Hofneiviricota;c__Faserviricetes;o__Tubulavirales;f__Inoviridae;;	geNomad	d__Bacteria;p__Proteobacteria;c__Gammaproteobacteria;o__Pseudomonadales;f__Pseudomonadaceae;;	k-mer match	Inoviruses (10.1038/s41564-019-0510-x)
IMGVR_UViG_3300007348_000046	3300007348	Ga0104342_101515	Host-associated;Human;Digestive system;Oral cavity	vOTU_00000669	8856	1	8856	false	13	13	0	5	Provirus	0.8506	High-confidence	100.00	0.0	High-quality	r__Monodnaviria;k__Loebvirae;p__Hofneiviricota;c__Faserviricetes;o__Tubulavirales;f__Inoviridae;;	geNomad	d__Bacteria;p__Proteobacteria;c__Gammaproteobacteria;o__Burkholderiales;f__Neisseriaceae;g__Neisseria;	CRISPR spacer match	Inoviruses (10.1038/s41564-019-0510-x)
IMGVR_UViG_3300007348_000047	3300007348	Ga0104342_102379	Host-associated;Human;Digestive system;Oral cavity	vOTU_00000670	6724	0	6724	true	11	11	0	4	Linear	0.6045	High-confidence	81.12	0.0	Genome fragment	r__Monodnaviria;k__Loebvirae;p__Hofneiviricota;c__Faserviricetes;o__Tubulavirales;f__Inoviridae;;	geNomad	;;;;;;		Inoviruses (10.1038/s41564-019-0510-x)
IMGVR_UViG_3300007357_000061	3300007357	Ga0104764_103707	Host-associated;Human;Digestive system;Oral cavity	vOTU_00000671	6254	0	6254	true	10	10	0	5	Linear	0.914	High-confidence	78.22	0.0	Genome fragment	r__Monodnaviria;k__Loebvirae;p__Hofneiviricota;c__Faserviricetes;o__Tubulavirales;f__Inoviridae;;	geNomad	d__Bacteria;p__Proteobacteria;c__Gammaproteobacteria;o__Burkholderiales;f__Neisseriaceae;g__Neisseria;	CRISPR spacer match	Inoviruses (10.1038/s41564-019-0510-x)
IMGVR_UViG_3300007362_000100	3300007362	Ga0104788_103456	Host-associated;Human;Digestive system;Large intestine	vOTU_00000672	7147	0	7147	true	14	14	0	1	Linear	0.5745	High-confidence	NA	0.0	Unsure	r__Duplodnaviria;k__Heunggongvirae;p__Uroviricota;c__Caudoviricetes;;;;	geNomad	d__Bacteria;p__Firmicutes_A;c__Clostridia;o__Oscillospirales;f__Ruminococcaceae;g__Ruminiclostridium_E;	CRISPR spacer match	Inoviruses (10.1038/s41564-019-0510-x)
IMGVR_UViG_3300007368_000093	3300007368	Ga0104977_1004756	Host-associated;Human;Digestive system;Oral cavity	vOTU_00000673	5266	1	5266	false	7	7	0	1	Provirus	0.8011	High-confidence	NA	0.0	Unsure	r__Monodnaviria;k__Loebvirae;p__Hofneiviricota;c__Faserviricetes;o__Tubulavirales;f__Inoviridae;;	NR (doi:10.5281/zenodo.6574914)	d__Bacteria;p__Patescibacteria;c__Saccharimonadia;o__Saccharimonadales;f__Saccharimonadaceae;g__Saccharimonas;	k-mer match	Inoviruses (10.1038/s41564-019-0510-x)
IMGVR_UViG_3300007500_000061	3300007500	Ga0104983_102686	Host-associated;Human;Digestive system;Oral cavity	vOTU_00000674	7823	1	7823	false	15	15	0	4	Provirus	0.9226	High-confidence	87.09	0.0	Genome fragment	r__Monodnaviria;k__Loebvirae;p__Hofneiviricota;c__Faserviricetes;o__Tubulavirales;f__Inoviridae;;	geNomad	d__Bacteria;p__Proteobacteria;c__Gammaproteobacteria;o__Burkholderiales;f__Neisseriaceae;g__Neisseria;	CRISPR spacer match	Inoviruses (10.1038/s41564-019-0510-x)
IMGVR_UViG_3300007500_000063	3300007500	Ga0104983_103238	Host-associated;Human;Digestive system;Oral cavity	vOTU_00000675	6584	630	7213	false	13	13	0	5	Provirus	0.5406	High-confidence	70.60	0.0	Genome fragment	r__Monodnaviria;k__Loebvirae;p__Hofneiviricota;c__Faserviricetes;o__Tubulavirales;f__Inoviridae;;	geNomad	d__Bacteria;p__Campylobacterota;c__Campylobacteria;o__Campylobacterales;f__Campylobacteraceae;g__Campylobacter_A;	CRISPR spacer match	Inoviruses (10.1038/s41564-019-0510-x)
IMGVR_UViG_3300007517_000069	3300007517	Ga0105045_10014150	Environmental;Aquatic;Freshwater;Ice	vOTU_00000676	6232	470	6701	false	13	13	0	4	Provirus	0.0255	High-confidence	97.58	0.0	High-quality	r__Monodnaviria;k__Loebvirae;p__Hofneiviricota;c__Faserviricetes;o__Tubulavirales;f__Inoviridae;;	geNomad	;;;;;;		Inoviruses (10.1038/s41564-019-0510-x)
IMGVR_UViG_3300007524_000103	3300007524	Ga0105481_1004438	Host-associated;Human;Digestive system;Large intestine	vOTU_00000677	5541	0	5541	true	11	11	0	3	Linear	0.3422	High-confidence	NA	0.0	Unsure	r__Monodnaviria;k__Loebvirae;p__Hofneiviricota;c__Faserviricetes;o__Tubulavirales;f__Inoviridae;;	NR (doi:10.5281/zenodo.6574914)	d__Bacteria;p__Firmicutes_A;c__Clostridia;o__Oscillospirales;f__Ruminococcaceae;g__Angelakisella;	CRISPR spacer match	Inoviruses (10.1038/s41564-019-0510-x)
IMGVR_UViG_3300007524_000104	3300007524	Ga0105481_1005362	Host-associated;Human;Digestive system;Large intestine	vOTU_00000678	4559	0	4559	true	10	10	0		Direct terminal repeat	0.4773	High-confidence	NA	0.0	Unsure	r__Monodnaviria;k__Loebvirae;p__Hofneiviricota;c__Faserviricetes;o__Tubulavirales;f__Inoviridae;;	NR (doi:10.5281/zenodo.6574914)	d__Bacteria;p__Firmicutes_A;c__Clostridia;o__Oscillospirales;f__Acutalibacteraceae;g__Fimenecus;	CRISPR spacer match	Inoviruses (10.1038/s41564-019-0510-x)
IMGVR_UViG_3300007525_000038	3300007525	Ga0105482_1001283	Host-associated;Human;Digestive system;Oral cavity	vOTU_00000679	7029	1	7029	false	7	7	0	1	Provirus	0.3877	High-confidence	32.34	58.86	Genome fragment	r__Monodnaviria;k__Loebvirae;p__Hofneiviricota;c__Faserviricetes;o__Tubulavirales;;;	geNomad	;;;;;;		Inoviruses (10.1038/s41564-019-0510-x)
IMGVR_UViG_3300007527_000065	3300007527	Ga0105486_1002805	Host-associated;Human;Digestive system;Oral cavity	vOTU_00000680	5737	853	6589	false	9	9	0	4	Provirus	0.7868	High-confidence	64.83	0.0	Genome fragment	r__Monodnaviria;k__Loebvirae;p__Hofneiviricota;c__Faserviricetes;o__Tubulavirales;f__Inoviridae;;	geNomad	d__Bacteria;p__Campylobacterota;c__Campylobacteria;o__Campylobacterales;f__Campylobacteraceae;;	CRISPR spacer match	Inoviruses (10.1038/s41564-019-0510-x)
IMGVR_UViG_3300007531_000133	3300007531	Ga0105502_1002937	Host-associated;Human;Digestive system;Oral cavity	vOTU_00000681	9733	146	9878	false	11	11	0	1	Provirus	0.3812	High-confidence	100.00	0.0	High-quality	r__Monodnaviria;k__Loebvirae;p__Hofneiviricota;c__Faserviricetes;o__Tubulavirales;;;	geNomad	d__Bacteria;p__Campylobacterota;c__Campylobacteria;o__Campylobacterales;f__Campylobacteraceae;g__Campylobacter_A;	CRISPR spacer match	Inoviruses (10.1038/s41564-019-0510-x)
IMGVR_UViG_3300007531_000134	3300007531	Ga0105502_1005771	Host-associated;Human;Digestive system;Oral cavity	vOTU_00000577	4882	1	4882	false	9	9	0	3	Provirus	0.7522	High-confidence	63.67	0.0	Genome fragment	r__Monodnaviria;k__Loebvirae;p__Hofneiviricota;c__Faserviricetes;o__Tubulavirales;f__Inoviridae;;	geNomad	d__Bacteria;p__Proteobacteria;c__Gammaproteobacteria;o__Burkholderiales;f__Neisseriaceae;;	k-mer match	Inoviruses (10.1038/s41564-019-0510-x)
IMGVR_UViG_3300007531_000135	3300007531	Ga0105502_1005969	Host-associated;Human;Digestive system;Oral cavity	vOTU_00000682	4659	1096	5754	false	7	7	0	3	Provirus	0.4446	High-confidence	NA	0.0	Unsure	r__Monodnaviria;;;;;;;	NR (doi:10.5281/zenodo.6574914)	d__Bacteria;p__Patescibacteria;c__Saccharimonadia;o__Saccharimonadales;f__Nanogingivalaceae;g__Nanogingivalis;	k-mer match	Inoviruses (10.1038/s41564-019-0510-x)
IMGVR_UViG_3300007566_000126	3300007566	Ga0104970_1002298	Host-associated;Human;Digestive system;Oral cavity	vOTU_00000683	10542	0	10542	true	15	15	0	6	Linear	0.8854	High-confidence	100.00	0.0	High-quality	r__Monodnaviria;k__Loebvirae;p__Hofneiviricota;c__Faserviricetes;o__Tubulavirales;f__Inoviridae;;	geNomad	d__Bacteria;p__Campylobacterota;c__Campylobacteria;o__Campylobacterales;f__Campylobacteraceae;g__Campylobacter_A;	CRISPR spacer match	Inoviruses (10.1038/s41564-019-0510-x)
IMGVR_UViG_3300007566_000127	3300007566	Ga0104970_1003086	Host-associated;Human;Digestive system;Oral cavity	vOTU_00000684	6966	592	7557	false	11	11	0	3	Provirus	0.566	High-confidence	84.24	0.0	Genome fragment	r__Monodnaviria;k__Loebvirae;p__Hofneiviricota;c__Faserviricetes;o__Tubulavirales;f__Inoviridae;;	geNomad	d__Bacteria;p__Proteobacteria;c__Gammaproteobacteria;o__Enterobacterales;f__Pasteurellaceae;g__Haemophilus_D;	k-mer match	Inoviruses (10.1038/s41564-019-0510-x)
IMGVR_UViG_3300007566_000129	3300007566	Ga0104970_1003361	Host-associated;Human;Digestive system;Oral cavity	vOTU_00000685	6841	1	6841	false	10	10	0	4	Provirus	0.9217	High-confidence	80.85	0.0	Genome fragment	r__Monodnaviria;k__Loebvirae;p__Hofneiviricota;c__Faserviricetes;o__Tubulavirales;f__Inoviridae;;	geNomad	d__Bacteria;p__Proteobacteria;c__Gammaproteobacteria;o__Burkholderiales;f__Neisseriaceae;g__Neisseria;	CRISPR spacer match	Inoviruses (10.1038/s41564-019-0510-x)
IMGVR_UViG_3300007566_000130	3300007566	Ga0104970_1003886	Host-associated;Human;Digestive system;Oral cavity	vOTU_00000686	7119	0	7119	true	10	10	0	4	Linear	0.8179	High-confidence	79.93	0.0	Genome fragment	r__Monodnaviria;k__Loebvirae;p__Hofneiviricota;c__Faserviricetes;o__Tubulavirales;f__Inoviridae;;	geNomad	d__Bacteria;p__Campylobacterota;c__Campylobacteria;o__Campylobacterales;f__Campylobacteraceae;g__Campylobacter_A;	CRISPR spacer match	Inoviruses (10.1038/s41564-019-0510-x)
IMGVR_UViG_3300007566_000131	3300007566	Ga0104970_1004975	Host-associated;Human;Digestive system;Oral cavity	vOTU_00000687	5915	0	5915	true	9	9	0	3	Linear	0.9529	High-confidence	74.78	0.0	Genome fragment	r__Monodnaviria;k__Loebvirae;p__Hofneiviricota;c__Faserviricetes;o__Tubulavirales;f__Inoviridae;;	geNomad	d__Bacteria;p__Proteobacteria;c__Gammaproteobacteria;o__Burkholderiales;f__Neisseriaceae;g__Neisseria;	CRISPR spacer match	Inoviruses (10.1038/s41564-019-0510-x)
IMGVR_UViG_3300007566_000132	3300007566	Ga0104970_1007720	Host-associated;Human;Digestive system;Oral cavity	vOTU_00000688	4136	0	4136	true	7	7	0	4	Linear	0.9583	High-confidence	48.47	0.0	Genome fragment	r__Monodnaviria;k__Loebvirae;p__Hofneiviricota;c__Faserviricetes;o__Tubulavirales;f__Inoviridae;;	geNomad	d__Bacteria;p__Proteobacteria;c__Gammaproteobacteria;o__Burkholderiales;f__Neisseriaceae;g__Neisseria;	CRISPR spacer match	Inoviruses (10.1038/s41564-019-0510-x)
IMGVR_UViG_3300007641_000045	3300007641	Ga0105527_103300	Host-associated;Human;Digestive system;Large intestine	vOTU_00000689	4969	1	4969	false	9	9	0	3	Provirus	0.352	High-confidence	NA	0.0	Unsure	r__Monodnaviria;k__Loebvirae;p__Hofneiviricota;c__Faserviricetes;o__Tubulavirales;f__Inoviridae;;	geNomad	d__Bacteria;p__Firmicutes_A;c__Clostridia;o__TANB77;f__CAG-508;;	k-mer match	Inoviruses (10.1038/s41564-019-0510-x)
IMGVR_UViG_3300007646_000090	3300007646	Ga0105530_1005402	Host-associated;Human;Digestive system;Oral cavity	vOTU_00000690	6118	0	6118	true	12	12	0	3	Linear	0.8464	High-confidence	NA	0.0	Unsure	r__Monodnaviria;k__Loebvirae;p__Hofneiviricota;c__Faserviricetes;o__Tubulavirales;f__Inoviridae;;	geNomad	d__Bacteria;p__Campylobacterota;c__Campylobacteria;o__Campylobacterales;f__Campylobacteraceae;g__Campylobacter_B;	CRISPR spacer match	Inoviruses (10.1038/s41564-019-0510-x)
IMGVR_UViG_3300007648_000117	3300007648	Ga0105531_103265	Host-associated;Human;Digestive system;Oral cavity	vOTU_00000691	6596	474	7069	false	9	9	0	3	Provirus	0.9161	High-confidence	83.52	0.0	Genome fragment	r__Monodnaviria;k__Loebvirae;p__Hofneiviricota;c__Faserviricetes;o__Tubulavirales;f__Inoviridae;;	geNomad	d__Bacteria;p__Proteobacteria;c__Gammaproteobacteria;o__Burkholderiales;f__Neisseriaceae;g__Neisseria;	CRISPR spacer match	Inoviruses (10.1038/s41564-019-0510-x)
IMGVR_UViG_3300007648_000118	3300007648	Ga0105531_103746	Host-associated;Human;Digestive system;Oral cavity	vOTU_00000692	6599	0	6599	true	13	13	0	8	Linear	0.9373	High-confidence	91.86	0.0	High-quality	r__Monodnaviria;k__Loebvirae;p__Hofneiviricota;c__Faserviricetes;o__Tubulavirales;f__Inoviridae;;	geNomad	d__Bacteria;p__Proteobacteria;c__Gammaproteobacteria;o__Burkholderiales;f__Neisseriaceae;g__Neisseria;	CRISPR spacer match	Inoviruses (10.1038/s41564-019-0510-x)
IMGVR_UViG_3300007650_000068	3300007650	Ga0105532_103050	Host-associated;Human;Digestive system;Large intestine	vOTU_00000693	5775	0	5775	true	11	11	0	1	Linear	0.0622	High-confidence	NA	0.0	Unsure	r__Monodnaviria;k__Loebvirae;p__Hofneiviricota;c__Faserviricetes;o__Tubulavirales;;;	geNomad	d__Bacteria;p__Firmicutes_A;c__Clostridia;o__Oscillospirales;f__Ruminococcaceae;g__Angelakisella;	CRISPR spacer match	Inoviruses (10.1038/s41564-019-0510-x)
IMGVR_UViG_3300007650_000069	3300007650	Ga0105532_103171	Host-associated;Human;Digestive system;Large intestine	vOTU_00000694	4756	797	5552	false	9	9	0		Provirus	0.4895	High-confidence	NA	0.0	Unsure	r__Monodnaviria;k__Loebvirae;p__Hofneiviricota;c__Faserviricetes;o__Tubulavirales;f__Inoviridae;;	NR (doi:10.5281/zenodo.6574914)	d__Bacteria;p__Firmicutes_A;c__Clostridia;o__Oscillospirales;f__Ruminococcaceae;g__Ruminiclostridium_E;	CRISPR spacer match	Inoviruses (10.1038/s41564-019-0510-x)
IMGVR_UViG_3300007654_000052	3300007654	Ga0105017_102683	Host-associated;Human;Digestive system;Oral cavity	vOTU_00000695	7294	1	7294	false	10	10	0	5	Provirus	0.938	High-confidence	98.85	0.0	High-quality	r__Monodnaviria;k__Loebvirae;p__Hofneiviricota;c__Faserviricetes;o__Tubulavirales;f__Inoviridae;;	geNomad	d__Bacteria;p__Proteobacteria;c__Gammaproteobacteria;o__Enterobacterales;f__Pasteurellaceae;g__Aggregatibacter;	CRISPR spacer match	Inoviruses (10.1038/s41564-019-0510-x)
IMGVR_UViG_3300007659_000055	3300007659	Ga0105537_101053	Host-associated;Human;Digestive system;Oral cavity	vOTU_00000696	6607	579	7185	false	11	11	0	6	Provirus	0.9577	High-confidence	90.14	0.0	High-quality	r__Monodnaviria;k__Loebvirae;p__Hofneiviricota;c__Faserviricetes;o__Tubulavirales;f__Inoviridae;;	geNomad	d__Bacteria;p__Proteobacteria;c__Gammaproteobacteria;o__Burkholderiales;f__Neisseriaceae;g__Neisseria;	CRISPR spacer match	Inoviruses (10.1038/s41564-019-0510-x)
IMGVR_UViG_3300007659_000056	3300007659	Ga0105537_101088	Host-associated;Human;Digestive system;Oral cavity	vOTU_00000697	7042	0	7042	true	10	10	0	3	Linear	0.7123	High-confidence	85.09	0.0	Genome fragment	r__Monodnaviria;k__Loebvirae;p__Hofneiviricota;c__Faserviricetes;o__Tubulavirales;f__Inoviridae;;	geNomad	d__Bacteria;p__Proteobacteria;c__Gammaproteobacteria;o__Enterobacterales;f__Pasteurellaceae;g__Haemophilus;	k-mer match	Inoviruses (10.1038/s41564-019-0510-x)
IMGVR_UViG_3300007662_000042	3300007662	Ga0105539_100910	Host-associated;Mammals: Human;Digestive system;Pharynx/Throat	vOTU_00000698	7117	0	7117	true	13	13	0	8	Linear	0.9403	High-confidence	96.54	0.0	High-quality	r__Monodnaviria;k__Loebvirae;p__Hofneiviricota;c__Faserviricetes;o__Tubulavirales;f__Inoviridae;;	geNomad	d__Bacteria;p__Proteobacteria;c__Gammaproteobacteria;o__Burkholderiales;f__Neisseriaceae;g__Neisseria;	CRISPR spacer match	Inoviruses (10.1038/s41564-019-0510-x)
IMGVR_UViG_3300007663_000033	3300007663	Ga0105541_1001093	Host-associated;Human;Digestive system;Oral cavity	vOTU_00000669	6731	479	7209	false	11	11	0	4	Provirus	0.9455	High-confidence	83.98	0.0	Genome fragment	r__Monodnaviria;k__Loebvirae;p__Hofneiviricota;c__Faserviricetes;o__Tubulavirales;f__Inoviridae;;	geNomad	d__Bacteria;p__Proteobacteria;c__Gammaproteobacteria;o__Burkholderiales;f__Neisseriaceae;g__Neisseria;	CRISPR spacer match	Inoviruses (10.1038/s41564-019-0510-x)
IMGVR_UViG_3300007664_000112	3300007664	Ga0105542_1002482	Host-associated;Human;Digestive system;Large intestine	vOTU_00000699	10652	0	10652	true	17	17	0	4	Linear	0.8207	High-confidence	100.00	0.0	High-quality	r__Monodnaviria;k__Loebvirae;p__Hofneiviricota;c__Faserviricetes;o__Tubulavirales;f__Inoviridae;;	geNomad	d__Bacteria;p__Firmicutes_A;c__Clostridia;o__Lachnospirales;f__Lachnospiraceae;g__Acetatifactor;	CRISPR spacer match	Inoviruses (10.1038/s41564-019-0510-x)
IMGVR_UViG_3300007664_000114	3300007664	Ga0105542_1003585	Host-associated;Human;Digestive system;Large intestine	vOTU_00000700	6894	125	7018	false	13	13	0		Provirus	0.459	High-confidence	NA	0.0	Unsure	r__Monodnaviria;;;;;;;	NR (doi:10.5281/zenodo.6574914)	;;;;;;		Inoviruses (10.1038/s41564-019-0510-x)
IMGVR_UViG_3300007664_000115	3300007664	Ga0105542_1005402	Host-associated;Human;Digestive system;Large intestine	vOTU_00000701	5205	0	5205	true	10	10	0	1	Linear	0.1315	High-confidence	NA	0.0	Unsure	r__Monodnaviria;k__Loebvirae;p__Hofneiviricota;c__Faserviricetes;o__Tubulavirales;;;	geNomad	d__Bacteria;p__Firmicutes_A;c__Clostridia;o__Oscillospirales;f__Ruminococcaceae;g__CAG-353;	CRISPR spacer match	Inoviruses (10.1038/s41564-019-0510-x)
IMGVR_UViG_3300007664_000116	3300007664	Ga0105542_1005856	Host-associated;Human;Digestive system;Large intestine	vOTU_00000702	4855	0	4855	true	9	9	0		Linear	0.2341	High-confidence	NA	0.0	Unsure	r__Monodnaviria;k__Loebvirae;p__Hofneiviricota;c__Faserviricetes;o__Tubulavirales;f__Inoviridae;;	NR (doi:10.5281/zenodo.6574914)	;;;;;;		Inoviruses (10.1038/s41564-019-0510-x)
IMGVR_UViG_3300007666_000046	3300007666	Ga0105543_1002945	Host-associated;Human;Digestive system;Oral cavity	vOTU_00000703	5847	413	6259	false	8	8	0	3	Provirus	0.295	High-confidence	69.19	0.0	Genome fragment	r__Monodnaviria;k__Loebvirae;p__Hofneiviricota;c__Faserviricetes;o__Tubulavirales;f__Inoviridae;;	geNomad	d__Bacteria;p__Proteobacteria;c__Gammaproteobacteria;o__Burkholderiales;f__Neisseriaceae;g__Neisseria;	CRISPR spacer match	Inoviruses (10.1038/s41564-019-0510-x)
IMGVR_UViG_3300007669_000083	3300007669	Ga0105546_103448	Host-associated;Human;Digestive system;Large intestine	vOTU_00000704	6911	1	6911	false	10	10	0	1	Provirus	0.2454	High-confidence	100.00	0.0	High-quality	r__Monodnaviria;k__Loebvirae;p__Hofneiviricota;c__Faserviricetes;o__Tubulavirales;;;	geNomad	d__Bacteria;p__Firmicutes_A;c__Clostridia;o__Lachnospirales;f__Lachnospiraceae;g__Agathobacter;	CRISPR spacer match	Inoviruses (10.1038/s41564-019-0510-x)
IMGVR_UViG_3300007717_000111	3300007717	Ga0105662_103709	Host-associated;Human;Digestive system;Large intestine	vOTU_00000705	6654	467	7120	false	13	13	0		Provirus	0.7691	High-confidence	NA	0.0	Unsure	r__Monodnaviria;;;;;;;	NR (doi:10.5281/zenodo.6574914)	;;;;;;		Inoviruses (10.1038/s41564-019-0510-x)
IMGVR_UViG_3300007722_000664	3300007722	Ga0105051_10021534	Environmental;Aquatic;Freshwater;Ice	vOTU_00000706	5532	0	5532	true	9	9	0		Linear	0.1874	High-confidence	NA	0.0	Unsure	r__Duplodnaviria;k__Heunggongvirae;p__Uroviricota;c__Caudoviricetes;;;;	vOTU consensus	;;;;;;		Inoviruses (10.1038/s41564-019-0510-x)
IMGVR_UViG_3300007724_000135	3300007724	Ga0105680_103076	Host-associated;Human;Digestive system;Oral cavity	vOTU_00000707	6519	198	6716	false	11	11	0	4	Provirus	0.7072	High-confidence	73.19	0.0	Genome fragment	r__Monodnaviria;k__Loebvirae;p__Hofneiviricota;c__Faserviricetes;o__Tubulavirales;f__Inoviridae;;	geNomad	d__Bacteria;p__Campylobacterota;c__Campylobacteria;o__Campylobacterales;f__Campylobacteraceae;g__Campylobacter_A;	CRISPR spacer match	Inoviruses (10.1038/s41564-019-0510-x)
IMGVR_UViG_3300007724_000136	3300007724	Ga0105680_105400	Host-associated;Human;Digestive system;Oral cavity	vOTU_00000708	4066	1	4066	false	9	9	0	3	Provirus	0.9052	High-confidence	92.12	0.0	High-quality	r__Monodnaviria;k__Loebvirae;p__Hofneiviricota;c__Faserviricetes;o__Tubulavirales;f__Inoviridae;;	NR (doi:10.5281/zenodo.6574914)	;;;;;;		Inoviruses (10.1038/s41564-019-0510-x)
IMGVR_UViG_3300007728_000062	3300007728	Ga0105754_1002412	Host-associated;Human;Digestive system;Oral cavity	vOTU_00000709	6049	0	6049	true	8	8	0	4	Linear	0.8437	High-confidence	67.91	0.0	Genome fragment	r__Monodnaviria;k__Loebvirae;p__Hofneiviricota;c__Faserviricetes;o__Tubulavirales;f__Inoviridae;;	geNomad	d__Bacteria;p__Campylobacterota;c__Campylobacteria;o__Campylobacterales;f__Campylobacteraceae;g__Campylobacter_A;	CRISPR spacer match	Inoviruses (10.1038/s41564-019-0510-x)
IMGVR_UViG_3300007728_000063	3300007728	Ga0105754_1003540	Host-associated;Human;Digestive system;Oral cavity	vOTU_00000607	4854	0	4854	true	9	9	0	2	Linear	0.6844	High-confidence	58.49	0.0	Genome fragment	r__Monodnaviria;k__Loebvirae;p__Hofneiviricota;c__Faserviricetes;o__Tubulavirales;f__Inoviridae;;	geNomad	d__Bacteria;p__Proteobacteria;c__Gammaproteobacteria;o__Enterobacterales;f__Pasteurellaceae;;	k-mer match	Inoviruses (10.1038/s41564-019-0510-x)
IMGVR_UViG_3300007728_000064	3300007728	Ga0105754_1003668	Host-associated;Human;Digestive system;Oral cavity	vOTU_00000645	4734	0	4734	true	8	8	0	4	Linear	0.8942	High-confidence	58.61	0.0	Genome fragment	r__Monodnaviria;k__Loebvirae;p__Hofneiviricota;c__Faserviricetes;o__Tubulavirales;f__Inoviridae;;	geNomad	d__Bacteria;p__Proteobacteria;c__Gammaproteobacteria;o__Enterobacterales;f__Pasteurellaceae;;	k-mer match	Inoviruses (10.1038/s41564-019-0510-x)
IMGVR_UViG_3300007736_000116	3300007736	Ga0105757_1002778	Host-associated;Human;Digestive system;Oral cavity	vOTU_00000710	7236	314	7549	false	11	11	0	6	Provirus	0.9605	High-confidence	95.82	0.0	High-quality	r__Monodnaviria;k__Loebvirae;p__Hofneiviricota;c__Faserviricetes;o__Tubulavirales;f__Inoviridae;;	geNomad	d__Bacteria;p__Proteobacteria;c__Gammaproteobacteria;o__Enterobacterales;f__Pasteurellaceae;g__Aggregatibacter;	CRISPR spacer match	Inoviruses (10.1038/s41564-019-0510-x)
IMGVR_UViG_3300007736_000117	3300007736	Ga0105757_1004515	Host-associated;Human;Digestive system;Oral cavity	vOTU_00000711	5331	0	5331	true	10	10	0	5	Linear	0.9138	High-confidence	100.00	0.0	High-quality	r__Monodnaviria;k__Loebvirae;p__Hofneiviricota;c__Faserviricetes;o__Tubulavirales;f__Inoviridae;;	geNomad	d__Bacteria;p__Firmicutes;c__Bacilli;o__Lactobacillales;f__Streptococcaceae;g__Streptococcus;	CRISPR spacer match	Inoviruses (10.1038/s41564-019-0510-x)
IMGVR_UViG_3300007742_000112	3300007742	Ga0105758_1003848	Host-associated;Human;Digestive system;Large intestine	vOTU_00000712	6512	755	7266	false	15	15	0	2	Provirus	0.8236	High-confidence	NA	0.0	Unsure	r__Monodnaviria;k__Loebvirae;p__Hofneiviricota;c__Faserviricetes;o__Tubulavirales;f__Inoviridae;;	geNomad	d__Bacteria;p__Firmicutes_A;c__Clostridia;o__Lachnospirales;f__Lachnospiraceae;g__Lachnospira;	CRISPR spacer match	Inoviruses (10.1038/s41564-019-0510-x)
IMGVR_UViG_3300007746_000063	3300007746	Ga0105776_1005554	Host-associated;Human;Digestive system;Oral cavity	vOTU_00000713	4486	0	4486	true	8	8	0	3	Linear	0.8732	High-confidence	58.44	0.0	Genome fragment	r__Monodnaviria;k__Loebvirae;p__Hofneiviricota;c__Faserviricetes;o__Tubulavirales;f__Inoviridae;;	geNomad	d__Bacteria;p__Proteobacteria;c__Gammaproteobacteria;o__Burkholderiales;f__Neisseriaceae;;	k-mer match	Inoviruses (10.1038/s41564-019-0510-x)
